WARNING: No checksum file found. Run prepare.sh to create one.
Compiling engine...
Compiled in 0s.
Running parallel gauntlet tournament with SPRT (concurrency: 5)... 🚀
Gauntlet: 5 SF levels (2600-3000) x 200 games max (parallel)...
Running: tools/fastchess -concurrency 5 -sprt elo0=0 elo1=35 alpha=0.05 beta=0.05 -resign movecount=3 score=600 -draw movenumber=34 movecount=8 score=10 -engine cmd=engine/target/release/hive-chess proto=uci name=HiveChess tc=40/120 -engine cmd=tools/stockfish proto=uci name=SF_2600 tc=40/24 option.UCI_LimitStrength=true option.UCI_Elo=2600 option.Threads=1 option.Hash=16 -engine cmd=tools/stockfish proto=uci name=SF_2700 tc=40/24 option.UCI_LimitStrength=true option.UCI_Elo=2700 option.Threads=1 option.Hash=16 -engine cmd=tools/stockfish proto=uci name=SF_2800 tc=40/24 option.UCI_LimitStrength=true option.UCI_Elo=2800 option.Threads=1 option.Hash=16 -engine cmd=tools/stockfish proto=uci name=SF_2900 tc=40/24 option.UCI_LimitStrength=true option.UCI_Elo=2900 option.Threads=1 option.Hash=16 -engine cmd=tools/stockfish proto=uci name=SF_3000 tc=40/24 option.UCI_LimitStrength=true option.UCI_Elo=3000 option.Threads=1 option.Hash=16 -tournament gauntlet -rounds 100 -games 2 -repeat -pgnout file=eval/games.pgn -recover -wait 50 -openings file=eval/openings.epd format=epd order=random
WARNING: Gauntlet timed out or finished.
Indexing opening suite...
Started game 5 of 1000 (HiveChess vs SF_2800)
Started game 3 of 1000 (HiveChess vs SF_2700)
Started game 2 of 1000 (SF_2600 vs HiveChess)
Started game 1 of 1000 (HiveChess vs SF_2600)
Started game 4 of 1000 (SF_2700 vs HiveChess)
Warning; Bestmove does not match beginning of last PV - move b8c6 from SF_2600
Info; info depth 18 seldepth 28 multipv 1 score cp -3 nodes 893675 nps 749727 hashfull 275 tbhits 0 time 1192 pv g8f6 d2d3 c7c6 g1f3 d7d5 c4b3 a7a5 a2a4 f8b4 c2c3 b4d6 e1g1 e8g8 c1g5 d5e4 d3e4 d8e7
Position; fen rnbqkbnr/pppp1ppp/8/4p3/2B1P3/8/PPPP1PPP/RNBQK1NR b KQkq - 1 2
Moves; 
Warning; Bestmove does not match beginning of last PV - move g8f6 from SF_2700
Info; info depth 21 seldepth 34 multipv 1 score cp -26 nodes 1304260 nps 750869 hashfull 434 tbhits 0 time 1737 pv d7d5 d2d4 g8f6 c2c4 d5c4 e2e3 c7c5 f1c4 e7e6 e1g1 a7a6 d1e2 b7b5 c4d3 b8d7 a2a4 c5c4 d3c2 c8b7 e3e4 f8e7 b1c3
Position; fen rnbqkbnr/pppppppp/8/8/8/5N2/PPPPPPPP/RNBQKB1R b KQkq - 1 1
Moves; 
Warning; Bestmove does not match beginning of last PV - move d7d5 from SF_2800
Info; info depth 22 seldepth 21 multipv 1 score cp -24 nodes 2274098 nps 765174 hashfull 626 tbhits 0 time 2972 pv g7g6 c2c4 f8g7 d2d4 c7c6 f1g2 d7d5 c4d5 c6d5 b1c3 g8f6 c1g5 f6e4 c3e4 d5e4 g2e4 d8d4 d1d4 g7d4 a1c1
Position; fen rnbqkbnr/pppppppp/8/8/8/6P1/PPPPPP1P/RNBQKBNR b KQkq - 0 1
Moves; 
Warning; Bestmove does not match beginning of last PV - move c7c6 from SF_2700
Info; info depth 14 seldepth 29 multipv 1 score cp -25 nodes 295117 nps 778672 hashfull 100 tbhits 0 time 379 pv d7d5 c2c4 d5c4 e2e3 c7c5 f1c4 e7e6 e1g1 a7a6 b2b3 c5d4 f3d4 f8e7
Position; fen rnbqkbnr/pppppppp/8/8/8/5N2/PPPPPPPP/RNBQKB1R b KQkq - 1 1
Moves; g8f6 d2d4
Warning; Bestmove does not match beginning of last PV - move g8f6 from SF_2600
Info; info depth 19 seldepth 30 multipv 1 score cp -22 nodes 1283742 nps 755586 hashfull 414 tbhits 0 time 1699 pv f8c5 e1g1 g8f6 d2d3 a7a6 c2c3 d7d6 c4b3 e8g8 h2h3 c8e6 b3a4 h7h6
Position; fen rnbqkbnr/pppp1ppp/8/4p3/2B1P3/8/PPPP1PPP/RNBQK1NR b KQkq - 1 2
Moves; b8c6 g1f3
Warning; Bestmove does not match beginning of last PV - move d1e2 from SF_2600
Info; info depth 19 seldepth 34 multipv 1 score cp -7 nodes 2356132 nps 769223 hashfull 671 tbhits 0 time 3063 pv d2d3 c7c6 g1f3 d7d5 c4b3 a7a5 a2a4 f8b4 c2c3 b4d6 e4d5 f6d5 e1g1 e8g8 f1e1 c8g4 b1d2 b8d7 d2e4 d6c7 h2h3 g4h5
Position; fen rnbqkbnr/pppp1ppp/8/4p3/2B1P3/8/PPPP1PPP/RNBQK1NR b KQkq - 1 2
Moves; g8f6
Warning; Bestmove does not match beginning of last PV - move d7d6 from SF_2700
Info; info depth 19 seldepth 17 multipv 1 score cp -32 nodes 1220451 nps 736542 hashfull 414 tbhits 0 time 1657 pv d8b6 d1c1 d7d6 c2c4 c8f5 b1c3 h7h6 h2h3 g7g5 f4h2 f8g7 e2e3 c6c5 f1e2 c5d4 f3d4
Position; fen rnbqkbnr/pppppppp/8/8/8/5N2/PPPPPPPP/RNBQKB1R b KQkq - 1 1
Moves; g8f6 d2d4 c7c6 c1f4
Warning; Bestmove does not match beginning of last PV - move b1c3 from SF_2600
Info; info depth 17 seldepth 24 multipv 1 score cp -21 nodes 1048990 nps 733046 hashfull 352 tbhits 0 time 1431 pv c2c3 f8c5 g1f3 e8g8 d2d3 f8e8 c1g5 h7h6 g5h4 g7g5 h4g3 d7d5 c4b3 a7a5 a2a4 a8a6 b1a3 c5a3 a1a3
Position; fen rnbqkbnr/pppp1ppp/8/4p3/2B1P3/8/PPPP1PPP/RNBQK1NR b KQkq - 1 2
Moves; g8f6 d1e2 b8c6
Warning; Bestmove does not match beginning of last PV - move f1g2 from SF_2700
Info; info depth 20 seldepth 26 multipv 1 score cp 40 nodes 1574561 nps 795232 hashfull 467 tbhits 0 time 1980 pv d2d4 d5c4 f1g2 a7a6 e1g1 b8c6 d1c2 c6d4 f3d4 d8d4 b1d2 c4c3 b2c3 d4c5 f1d1 f8e7 d2e4 c5h5 e4f6 e7f6 a1b1 e8g8 g2b7 c8b7 b1b7
Position; fen rnbqkbnr/pppppppp/8/8/8/5N2/PPPPPPPP/RNBQKB1R b KQkq - 1 1
Moves; g8f6 c2c4 e7e6 g2g3 d7d5
Warning; Bestmove does not match beginning of last PV - move e2d3 from SF_2600
Info; info depth 17 seldepth 21 multipv 1 score cp -68 nodes 615663 nps 814369 hashfull 194 tbhits 0 time 756 pv e2d1 f6e4 c4f7 e8f7 c3e4 d7d5 e4g3 f8d6 c2c3 d4e6 g1e2 d8f6 e1g1
Position; fen rnbqkbnr/pppp1ppp/8/4p3/2B1P3/8/PPPP1PPP/RNBQK1NR b KQkq - 1 2
Moves; g8f6 d1e2 b8c6 b1c3 c6d4
Warning; Bestmove does not match beginning of last PV - move g7g6 from SF_2700
Info; info depth 17 seldepth 26 multipv 1 score cp -24 nodes 1018318 nps 779722 hashfull 305 tbhits 0 time 1306 pv c8f5 h2h3 b8d7 b1d2 h7h6 e2e3 a7a5 a2a4 e7e6 d2c4 f6e4 f1d3 d6d5 d1c2 f8e7 c4d2
Position; fen rnbqkbnr/pppppppp/8/8/8/5N2/PPPPPPPP/RNBQKB1R b KQkq - 1 1
Moves; g8f6 d2d4 c7c6 c1f4 d7d6 c2c3
Warning; Bestmove does not match beginning of last PV - move c8d7 from SF_2600
Info; info depth 17 seldepth 24 multipv 1 score cp -24 nodes 553830 nps 781142 hashfull 190 tbhits 0 time 709 pv c7c6 d5c6 b7c6 d1f3 c6b5 f3a8 d8c7 a8f3 a5c6 c2c3 c8g4 f3g3 c6d4 b1a3 d4e2 g3d3 e2f4 d3b5 g4d7 b5c4 c7b7
Position; fen rnbqkbnr/pppp1ppp/8/4p3/2B1P3/8/PPPP1PPP/RNBQK1NR b KQkq - 1 2
Moves; b8c6 g1f3 g8f6 f3g5 d7d5 e4d5 c6a5 c4b5
Warning; Bestmove does not match beginning of last PV - move e1g1 from SF_2700
Info; info depth 16 seldepth 28 multipv 1 score cp 39 nodes 656123 nps 797233 hashfull 203 tbhits 0 time 823 pv a4c4 c7c5 e1g1 b7b6 b1c3 c8b7 e2e4 f8e7 d2d4 e8g8 c4e2 f8e8 f1d1 d8c8 c1d2 b7a6
Position; fen rnbqkbnr/pppppppp/8/8/8/5N2/PPPPPPPP/RNBQKB1R b KQkq - 1 1
Moves; g8f6 c2c4 e7e6 g2g3 d7d5 f1g2 d5c4 d1a4 b8d7
Warning; Bestmove does not match beginning of last PV - move b1a3 from SF_2700
Info; info depth 17 seldepth 28 multipv 1 score cp 11 nodes 721542 nps 752389 hashfull 231 tbhits 0 time 959 pv a4c4 b7b5 c4c2 c8b7 b1c3 c7c5 a2a4 b7c6 f3e1 c6g2 g1g2 f8e7 e1f3 a8b8 d2d3 d8b6 a4b5
Position; fen rnbqkbnr/pppppppp/8/8/8/5N2/PPPPPPPP/RNBQKB1R b KQkq - 1 1
Moves; g8f6 c2c4 e7e6 g2g3 d7d5 f1g2 d5c4 d1a4 b8d7 e1g1 a7a6
Warning; Bestmove does not match beginning of last PV - move c6c5 from SF_2700
Info; info depth 18 seldepth 33 multipv 1 score cp -36 nodes 1252068 nps 716696 hashfull 392 tbhits 0 time 1747 pv f8g7 e2e3 e8g8 f1d3 c6c5 e1g1 b8c6 b1a3 b6d8 f1d1 c5d4 e3d4 b7b6 a3c2 c8b7 c2e3 a8c8 c1d2
Position; fen rnbqkbnr/pppppppp/8/8/8/5N2/PPPPPPPP/RNBQKB1R b KQkq - 1 1
Moves; g8f6 d2d4 c7c6 c1f4 d7d6 c2c3 g7g6 h2h3 d8b6 d1c1
Warning; Bestmove does not match beginning of last PV - move b6c6 from SF_2700
Info; info depth 14 seldepth 21 multipv 1 score cp 39 nodes 232319 nps 870108 hashfull 67 tbhits 0 time 267 pv c5d4 c3d4 b8c6 d2c4 b6d8 e2e4 f6e4 d4d5 c6b4 c1d1 b7b5 c4d2 e4f6 f1b5 c8d7
Position; fen rnbqkbnr/pppppppp/8/8/8/5N2/PPPPPPPP/RNBQKB1R b KQkq - 1 1
Moves; g8f6 d2d4 c7c6 c1f4 d7d6 c2c3 g7g6 h2h3 d8b6 d1c1 c6c5 b1d2
Warning; Bestmove does not match beginning of last PV - move h7h6 from SF_2800
Info; info depth 17 seldepth 29 multipv 1 score cp -8 nodes 1070311 nps 767798 hashfull 350 tbhits 0 time 1394 pv a7a5 f1d1 a5a4 b3b4 d5c4 b4c4 c8f5 e2e3 d8a5 c4e2 f8d8 b1c3
Position; fen rnbqkbnr/pppppppp/8/8/8/6P1/PPPPPP1P/RNBQKBNR b KQkq - 0 1
Moves; d7d5 g1f3 g8f6 f1g2 g7g6 d2d4 f8g7 c2c4 c7c6 e1g1 e8g8 d1b3
Warning; Bestmove does not match beginning of last PV - move g1e2 from SF_2600
Info; info depth 17 seldepth 33 multipv 1 score cp -103 nodes 593682 nps 854218 hashfull 194 tbhits 0 time 695 pv g3e5 d8e7 e5e7 f8e7 g1f3 c2b3 f3d4 b3d5 d4f5 e7f8 f5e3 d5e6 c3e2 e8c8 e2f4 e6d7 b2b3 f6e4 c1b2 f7f6 f2f3
Position; fen rnbqkbnr/pppp1ppp/8/4p3/2B1P3/8/PPPP1PPP/RNBQK1NR b KQkq - 1 2
Moves; g8f6 d1e2 b8c6 b1c3 c6d4 e2d3 c7c6 c4b3 d7d5 e4d5 c8f5 d3g3 f5c2
Warning; Bestmove does not match beginning of last PV - move c8d7 from SF_2700
Info; info depth 17 seldepth 34 multipv 1 score cp -67 nodes 1509312 nps 783651 hashfull 468 tbhits 0 time 1926 pv a7a6 e2e3 f8g7 f1d3 c5d4 e3d4 e8g8 e1g1 b7b6 a4a5 b6b5 f1e1 f8e8 c3c4 c6d7 d2e4
Position; fen rnbqkbnr/pppppppp/8/8/8/5N2/PPPPPPPP/RNBQKB1R b KQkq - 1 1
Moves; g8f6 d2d4 c7c6 c1f4 d7d6 c2c3 g7g6 h2h3 d8b6 d1c1 c6c5 b1d2 b6c6 a2a4
Warning; Bestmove does not match beginning of last PV - move b2b3 from SF_2700
Info; info depth 17 seldepth 30 multipv 1 score cp -16 nodes 459706 nps 788518 hashfull 139 tbhits 0 time 583 pv a3b1 f8e7 b2b3 c8b7 c1b2 d8b6 d2d3 e8g8 b1d2 f8d8 f1c1 f6d5 c2d1 e7f8 c1c2
Position; fen rnbqkbnr/pppppppp/8/8/8/5N2/PPPPPPPP/RNBQKB1R b KQkq - 1 1
Moves; g8f6 c2c4 e7e6 g2g3 d7d5 f1g2 d5c4 d1a4 b8d7 e1g1 a7a6 b1a3 a8b8 a4c4 b7b5 c4c2 c7c5
Warning; Bestmove does not match beginning of last PV - move d5c4 from SF_2800
Info; info depth 15 seldepth 27 multipv 1 score cp -28 nodes 431169 nps 703375 hashfull 156 tbhits 0 time 613 pv d8b6 c1d2 d5c4 b3c4 c8f5 f1c1 b6b2 c3a4 b2b5 c4b5 c6b5 a4c5 f6e4
Position; fen rnbqkbnr/pppppppp/8/8/8/6P1/PPPPPP1P/RNBQKBNR b KQkq - 0 1
Moves; d7d5 g1f3 g8f6 f1g2 g7g6 d2d4 f8g7 c2c4 c7c6 e1g1 e8g8 d1b3 h7h6 b1c3
Warning; Bestmove does not match beginning of last PV - move d5c6 from SF_2600
Info; info depth 16 seldepth 30 multipv 1 score cp -178 nodes 785212 nps 906711 hashfull 296 tbhits 0 time 866 pv e1g1 e5e4 g3g7 h8g8 g7g8 f6g8 e2d4 c2d3 f1e1 e8f8 c3e4 d6h2 g1h1 d8b6 d4f3 a8e8
Position; fen rnbqkbnr/pppp1ppp/8/4p3/2B1P3/8/PPPP1PPP/RNBQK1NR b KQkq - 1 2
Moves; g8f6 d1e2 b8c6 b1c3 c6d4 e2d3 c7c6 c4b3 d7d5 e4d5 c8f5 d3g3 f5c2 g1e2 f8d6
Warning; Bestmove does not match beginning of last PV - move c5d4 from SF_2700
Info; info depth 16 seldepth 33 multipv 1 score cp -86 nodes 616625 nps 764095 hashfull 225 tbhits 0 time 807 pv f6e4 f1b5 c6d5 e1g1 d7b5 a4b5 e4d2 c1d2 b8d7 f1e1 e7e6 b2b3 c5c4 b3c4 d5c4 d2e3 d7b6 f3d2 c4b5 d2e4
Position; fen rnbqkbnr/pppppppp/8/8/8/5N2/PPPPPPPP/RNBQKB1R b KQkq - 1 1
Moves; g8f6 d2d4 c7c6 c1f4 d7d6 c2c3 g7g6 h2h3 d8b6 d1c1 c6c5 b1d2 b6c6 a2a4 c8d7 e2e4
Warning; Bestmove does not match beginning of last PV - move c6c7 from SF_2600
Info; info depth 16 seldepth 33 multipv 1 score cp -396 nodes 883486 nps 1084031 hashfull 342 tbhits 0 time 815 pv a2b3 d4c2 e1d1 c2a1 e2d4 b7c6 d4c6 d8d7 g3g7 d7g4 g7g4 f6g4 c3e4 f7f5 e4d6 e8d7 c6e5
Position; fen rnbqkbnr/pppp1ppp/8/4p3/2B1P3/8/PPPP1PPP/RNBQK1NR b KQkq - 1 2
Moves; g8f6 d1e2 b8c6 b1c3 c6d4 e2d3 c7c6 c4b3 d7d5 e4d5 c8f5 d3g3 f5c2 g1e2 f8d6 d5c6 c2b3
Warning; Bestmove does not match beginning of last PV - move f1d1 from SF_2700
Info; info depth 21 seldepth 25 multipv 1 score cp -32 nodes 845338 nps 829576 hashfull 249 tbhits 0 time 1019 pv d2d3 f8e7 c1b2 d8b6 a3b1 e8g8 b1d2 f8d8 a1c1 h7h6 c2b1 e7f8 a2a3 f6d5 b1a1 d5e7 c1c2 b8c8 f1c1 b6a7 d3d4 a6a5 d4c5 d7c5
Position; fen rnbqkbnr/pppppppp/8/8/8/5N2/PPPPPPPP/RNBQKB1R b KQkq - 1 1
Moves; g8f6 c2c4 e7e6 g2g3 d7d5 f1g2 d5c4 d1a4 b8d7 e1g1 a7a6 b1a3 a8b8 a4c4 b7b5 c4c2 c7c5 b2b3 c8b7
Warning; Bestmove does not match beginning of last PV - move a7a5 from SF_2800
Info; info depth 17 seldepth 35 multipv 1 score cp -61 nodes 1532282 nps 720734 hashfull 502 tbhits 0 time 2126 pv c8f5 f1e1 f6e4 f3h4 e4d6 c4a4 f5e6 e2e4 d8d7 h4f3 f8d8 c1f4 b8a6 g2f1 a6c7 a1c1 g6g5 f4e5 e6g4 e5g7 g4f3 g7e5
Position; fen rnbqkbnr/pppppppp/8/8/8/6P1/PPPPPP1P/RNBQKBNR b KQkq - 0 1
Moves; d7d5 g1f3 g8f6 f1g2 g7g6 d2d4 f8g7 c2c4 c7c6 e1g1 e8g8 d1b3 h7h6 b1c3 d5c4 b3c4
Warning; Bestmove does not match beginning of last PV - move c6c7 from SF_2700
Info; info depth 15 seldepth 45 multipv 1 score cp -100 nodes 541006 nps 818465 hashfull 176 tbhits 0 time 661 pv c6c8 c3d4 b8c6 e1g1 f8g7 c1c3 e8g8 b5c4 f6e8 b2b4 c6d4 f3d4 e7e5 f4e3 e5d4 e3d4 g7d4 c3d4
Position; fen rnbqkbnr/pppppppp/8/8/8/5N2/PPPPPPPP/RNBQKB1R b KQkq - 1 1
Moves; g8f6 d2d4 c7c6 c1f4 d7d6 c2c3 g7g6 h2h3 d8b6 d1c1 c6c5 b1d2 b6c6 a2a4 c8d7 e2e4 c5d4 f1b5
Warning; Bestmove does not match beginning of last PV - move d5b4 from SF_2600
Info; info depth 14 seldepth 13 multipv 1 score cp 0 nodes 561194 nps 895046 hashfull 163 tbhits 0 time 627 pv d5f4 e2e1 f4g2 g1g2 f7f6 e5d3 f5g4 g2h1 g4f3 h1g1 f3g4 g1h1
Position; fen rnbqkbnr/pppp1ppp/8/4p3/2B1P3/8/PPPP1PPP/RNBQK1NR b KQkq - 1 2
Moves; b8c6 g1f3 g8f6 f3g5 d7d5 e4d5 c6a5 c4b5 c8d7 d1e2 f8e7 g5f3 f6d5 b5d7 d8d7 f3e5 d7f5 e1g1
Warning; Bestmove does not match beginning of last PV - move d2d3 from SF_2700
Info; info depth 17 seldepth 30 multipv 1 score cp -20 nodes 896527 nps 725345 hashfull 322 tbhits 0 time 1236 pv c1b2 e8g8 d2d3 d8e7 c2d2
Position; fen rnbqkbnr/pppppppp/8/8/8/5N2/PPPPPPPP/RNBQKB1R b KQkq - 1 1
Moves; g8f6 c2c4 e7e6 g2g3 d7d5 f1g2 d5c4 d1a4 b8d7 e1g1 a7a6 b1a3 a8b8 a4c4 b7b5 c4c2 c7c5 b2b3 c8b7 f1d1 f8d6
Warning; Bestmove does not match beginning of last PV - move e1d1 from SF_2600
Info; info depth 19 seldepth 46 multipv 1 score cp -524 nodes 2800099 nps 1363905 hashfull 851 tbhits 0 time 2053 pv e1f1 d6c7 a2b3 c2a1 c3b5 e8g8 d2d4 g8h8 c1g5 f6e4 g5d8 e4g3 h2g3 a8d8 b5c7 d8d7 h1h2
Position; fen rnbqkbnr/pppp1ppp/8/4p3/2B1P3/8/PPPP1PPP/RNBQK1NR b KQkq - 1 2
Moves; g8f6 d1e2 b8c6 b1c3 c6d4 e2d3 c7c6 c4b3 d7d5 e4d5 c8f5 d3g3 f5c2 g1e2 f8d6 d5c6 c2b3 c6c7 d4c2
Warning; Bestmove does not match beginning of last PV - move a5a4 from SF_2800
Info; info depth 18 seldepth 32 multipv 1 score cp -74 nodes 1298790 nps 703569 hashfull 473 tbhits 0 time 1846 pv f6d5 f1d1 b8d7 h2h4 f8e8 e2e4 d5c3 b2c3 e7e5 c1e3 e5d4 c3d4 d7f6 f3e5 f6g4 e5g4 c8g4 d1d2
Position; fen rnbqkbnr/pppppppp/8/8/8/6P1/PPPPPP1P/RNBQKBNR b KQkq - 0 1
Moves; d7d5 g1f3 g8f6 f1g2 g7g6 d2d4 f8g7 c2c4 c7c6 e1g1 e8g8 d1b3 h7h6 b1c3 d5c4 b3c4 a7a5 c4d3
Warning; Bestmove does not match beginning of last PV - move c7d8 from SF_2700
Info; info depth 16 seldepth 27 multipv 1 score cp -105 nodes 601407 nps 742477 hashfull 211 tbhits 0 time 810 pv c7c1 a1c1 b8c6 d4d5 c6b4 e1e2 d7b5 a4b5 f6h5 f4g5 f7f5 g2g4 h7h6 g5e3 h5f6 f3h4 f5e4 h4g6 h8g8 g6f8 g8f8 e3h6 f8f7 c1c7
Position; fen rnbqkbnr/pppppppp/8/8/8/5N2/PPPPPPPP/RNBQKB1R b KQkq - 1 1
Moves; g8f6 d2d4 c7c6 c1f4 d7d6 c2c3 g7g6 h2h3 d8b6 d1c1 c6c5 b1d2 b6c6 a2a4 c8d7 e2e4 c5d4 f1b5 c6c7 c3d4
Warning; Bestmove does not match beginning of last PV - move e2e4 from SF_2700
Info; info depth 17 seldepth 30 multipv 1 score cp -26 nodes 659371 nps 774819 hashfull 223 tbhits 0 time 851 pv c2d2 d7e5 f3e5 b7g2 g1g2 d6e5 c1b2 e5d4 a1c1 b8c8 e2e3 d4b2 d2b2 d8d5 f2f3 d5h5 a3c2 f6d5 e3e4 d5e7 c2e1 f8d8
Position; fen rnbqkbnr/pppppppp/8/8/8/5N2/PPPPPPPP/RNBQKB1R b KQkq - 1 1
Moves; g8f6 c2c4 e7e6 g2g3 d7d5 f1g2 d5c4 d1a4 b8d7 e1g1 a7a6 b1a3 a8b8 a4c4 b7b5 c4c2 c7c5 b2b3 c8b7 f1d1 f8d6 d2d3 e8g8
Warning; Bestmove does not match beginning of last PV - move c8e6 from SF_2800
Info; info depth 16 seldepth 26 multipv 1 score cp -84 nodes 508911 nps 716776 hashfull 189 tbhits 0 time 710 pv a4a3 e2e4 a3b2 c1b2 b8d7 e4e5 f6d5 e5e6 d7b6 e6f7 f8f7 d3g6 c8f5 g6h5 b6c4 c3d5 c6d5 f3h4 e7e6
Position; fen rnbqkbnr/pppppppp/8/8/8/6P1/PPPPPP1P/RNBQKBNR b KQkq - 0 1
Moves; d7d5 g1f3 g8f6 f1g2 g7g6 d2d4 f8g7 c2c4 c7c6 e1g1 e8g8 d1b3 h7h6 b1c3 d5c4 b3c4 a7a5 c4d3 a5a4 f1d1
Warning; Bestmove does not match beginning of last PV - move c2a1 from SF_2600
Info; info depth 15 seldepth 31 multipv 1 score cp -7 nodes 990928 nps 891924 hashfull 325 tbhits 0 time 1111 pv a5c6 g2g4 f5e6 e2c2 c6e5 f2f3 e5g6 c2e4 h7h5 e4e6 f7e6 b1d2 h5g4 f3g4 h8h4 g4g5 h4g4 g1h1 e8c8
Position; fen rnbqkbnr/pppp1ppp/8/4p3/2B1P3/8/PPPP1PPP/RNBQK1NR b KQkq - 1 2
Moves; b8c6 g1f3 g8f6 f3g5 d7d5 e4d5 c6a5 c4b5 c8d7 d1e2 f8e7 g5f3 f6d5 b5d7 d8d7 f3e5 d7f5 e1g1 d5b4 c2c3 b4c2 d2d4
Warning; Bestmove does not match beginning of last PV - move f2f4 from SF_2600
Info; info depth 18 seldepth 34 multipv 1 score cp -534 nodes 2762501 nps 1582188 hashfull 829 tbhits 0 time 1746 pv g3g7 h8g8 g7h6 g8g6 h6h3 d8d7 h3d7 e8d7 d2d4 g6g2 c1e3 f6g4 h1f1 g2h2 c3d5 c7a5 e2g3 g4e3 f2e3 h2d2 d1c1 a1b3 c1b1
Position; fen rnbqkbnr/pppp1ppp/8/4p3/2B1P3/8/PPPP1PPP/RNBQK1NR b KQkq - 1 2
Moves; g8f6 d1e2 b8c6 b1c3 c6d4 e2d3 c7c6 c4b3 d7d5 e4d5 c8f5 d3g3 f5c2 g1e2 f8d6 d5c6 c2b3 c6c7 d4c2 e1d1 c2a1 a2b3 d6c7
Warning; Bestmove does not match beginning of last PV - move d6d5 from SF_2700
Info; info depth 18 seldepth 26 multipv 1 score cp -151 nodes 795994 nps 749523 hashfull 274 tbhits 0 time 1062 pv e7e6 d4d5 c6d4 d5e6 d4e6 g5e6 d7e6 e1g1 a8c8 c1c3 f8g7 c3b4 e8g8 c4e6 f7e6 f4d6 a7a5 b4a3 f8f7 e4e5 f6d5 d2e4
Position; fen rnbqkbnr/pppppppp/8/8/8/5N2/PPPPPPPP/RNBQKB1R b KQkq - 1 1
Moves; g8f6 d2d4 c7c6 c1f4 d7d6 c2c3 g7g6 h2h3 d8b6 d1c1 c6c5 b1d2 b6c6 a2a4 c8d7 e2e4 c5d4 f1b5 c6c7 c3d4 c7d8 b5c4 b8c6 f3g5
Warning; Bestmove does not match beginning of last PV - move c2d2 from SF_2700
Info; info depth 15 seldepth 24 multipv 1 score cp -22 nodes 610097 nps 713563 hashfull 215 tbhits 0 time 855 pv c1b2 f8d8 a1c1 b8c8 c2e2 c7a5 e2e1 a5e1 f3e1 d6f8 f2f4
Position; fen rnbqkbnr/pppppppp/8/8/8/5N2/PPPPPPPP/RNBQKB1R b KQkq - 1 1
Moves; g8f6 c2c4 e7e6 g2g3 d7d5 f1g2 d5c4 d1a4 b8d7 e1g1 a7a6 b1a3 a8b8 a4c4 b7b5 c4c2 c7c5 b2b3 c8b7 f1d1 f8d6 d2d3 e8g8 e2e4 d8c7
Warning; Bestmove does not match beginning of last PV - move d8b6 from SF_2800
Info; info depth 16 seldepth 32 multipv 1 score cp -81 nodes 974912 nps 666378 hashfull 345 tbhits 0 time 1463 pv d8a5 h2h3 b8d7 d3c2 f8c8 c1d2 a5a6 d1e1 d7b6 c2c1 g8h7 e4e5 f6d5 g2f1 a6a7 e1e4 a4a3 b2b3 d5c3 e4h4 c3a2 a1a2 e6d5 d2h6 c8h8 f3g5 h7g8 h6g7 g8g7 h4h8 g7h8
Position; fen rnbqkbnr/pppppppp/8/8/8/6P1/PPPPPP1P/RNBQKBNR b KQkq - 0 1
Moves; d7d5 g1f3 g8f6 f1g2 g7g6 d2d4 f8g7 c2c4 c7c6 e1g1 e8g8 d1b3 h7h6 b1c3 d5c4 b3c4 a7a5 c4d3 a5a4 f1d1 c8e6 e2e4
Warning; Bestmove does not match beginning of last PV - move a5c6 from SF_2600
Info; info depth 17 seldepth 35 multipv 1 score cp -84 nodes 1729671 nps 1007966 hashfull 590 tbhits 0 time 1716 pv c7c6 b5a5 a8c8 a5a7 e8g8 a7b7 e7f6 e5d7 f8d8 d7f6 f5f6 h2h3 c8b8 b7c7
Position; fen rnbqkbnr/pppp1ppp/8/4p3/2B1P3/8/PPPP1PPP/RNBQK1NR b KQkq - 1 2
Moves; b8c6 g1f3 g8f6 f3g5 d7d5 e4d5 c6a5 c4b5 c8d7 d1e2 f8e7 g5f3 f6d5 b5d7 d8d7 f3e5 d7f5 e1g1 d5b4 c2c3 b4c2 d2d4 c2a1 e2b5
Warning; Bestmove does not match beginning of last PV - move c6d4 from SF_2700
Info; info depth 16 seldepth 35 multipv 1 score cp -185 nodes 680700 nps 747200 hashfull 251 tbhits 0 time 911 pv c6b4 d5d6 e7e6 d2e4 f8g7 e1g1 e8g8 f4e5 f6e4 g5e4 d7c6 e4c5 a7a5 c1f4 b7b6 c5e4 c6e4 f4e4 a8c8
Position; fen rnbqkbnr/pppppppp/8/8/8/5N2/PPPPPPPP/RNBQKB1R b KQkq - 1 1
Moves; g8f6 d2d4 c7c6 c1f4 d7d6 c2c3 g7g6 h2h3 d8b6 d1c1 c6c5 b1d2 b6c6 a2a4 c8d7 e2e4 c5d4 f1b5 c6c7 c3d4 c7d8 b5c4 b8c6 f3g5 d6d5 e4d5
Warning; Bestmove does not match beginning of last PV - move g3g7 from SF_2600
Info; info depth 17 seldepth 30 multipv 1 score cp -663 nodes 2294091 nps 1638636 hashfull 724 tbhits 0 time 1400 pv d2d4 c7e5 g3d3 a1b3 c1e3 f6g4 e3g1 e5d4 e2d4 b3d4 d3d4 d8d4 g1d4 a8d8 c3b5 a7a6 d1c2 a6b5
Position; fen rnbqkbnr/pppp1ppp/8/4p3/2B1P3/8/PPPP1PPP/RNBQK1NR b KQkq - 1 2
Moves; g8f6 d1e2 b8c6 b1c3 c6d4 e2d3 c7c6 c4b3 d7d5 e4d5 c8f5 d3g3 f5c2 g1e2 f8d6 d5c6 c2b3 c6c7 d4c2 e1d1 c2a1 a2b3 d6c7 f2f4 e8g8 f4e5 f8e8
Warning; Bestmove does not match beginning of last PV - move d2e2 from SF_2700
Info; info depth 16 seldepth 27 multipv 1 score cp -35 nodes 1211860 nps 724363 hashfull 410 tbhits 0 time 1673 pv c1b2 f7f5 a1c1 d7f6 e4e5 g4e5 b2e5 d6e5 b3b4 b7f3 g2f3 c7e7 b4c5 e5d4 a3c2 d4c5 d3d4 b8d8 d2e1 c5d6 e1e2 g7g5 c2e1 g5g4
Position; fen rnbqkbnr/pppppppp/8/8/8/5N2/PPPPPPPP/RNBQKB1R b KQkq - 1 1
Moves; g8f6 c2c4 e7e6 g2g3 d7d5 f1g2 d5c4 d1a4 b8d7 e1g1 a7a6 b1a3 a8b8 a4c4 b7b5 c4c2 c7c5 b2b3 c8b7 f1d1 f8d6 d2d3 e8g8 e2e4 d8c7 c2d2 f6g4
Warning; Bestmove does not match beginning of last PV - move e7h4 from SF_2600
Info; info depth 16 seldepth 24 multipv 1 score cp -77 nodes 646970 nps 870753 hashfull 222 tbhits 0 time 743 pv e7d6 b1d2 a8e8 d2f3 a1c2 a2a4 f5e4 b7b5 h7h6 f1d1 c2e1 d1e1 e4e1 f3e1 e8e1 b5f1 e1f1 g1f1
Position; fen rnbqkbnr/pppp1ppp/8/4p3/2B1P3/8/PPPP1PPP/RNBQK1NR b KQkq - 1 2
Moves; b8c6 g1f3 g8f6 f3g5 d7d5 e4d5 c6a5 c4b5 c8d7 d1e2 f8e7 g5f3 f6d5 b5d7 d8d7 f3e5 d7f5 e1g1 d5b4 c2c3 b4c2 d2d4 c2a1 e2b5 a5c6 b5b7 e8g8 e5c6
Warning; Bestmove does not match beginning of last PV - move f8d8 from SF_2800
Info; info depth 16 seldepth 21 multipv 1 score cp -102 nodes 731683 nps 711753 hashfull 261 tbhits 0 time 1028 pv a6b4 c2b1 b6a5 d1e1 e6c4 f3e5 c4e6 c1d2 f6d7 e5f3 f8c8 a2a3 b4a6 b1c1 h6h5 d2h6 a6c7 h6g7 g8g7
Position; fen rnbqkbnr/pppppppp/8/8/8/6P1/PPPPPP1P/RNBQKBNR b KQkq - 0 1
Moves; d7d5 g1f3 g8f6 f1g2 g7g6 d2d4 f8g7 c2c4 c7c6 e1g1 e8g8 d1b3 h7h6 b1c3 d5c4 b3c4 a7a5 c4d3 a5a4 f1d1 c8e6 e2e4 d8b6 d3c2 b8a6 h2h3
Warning; Bestmove does not match beginning of last PV - move c3a2 from SF_2600
Info; info depth 18 seldepth 31 multipv 1 score cp -863 nodes 2908855 nps 2465131 hashfull 837 tbhits 0 time 1180 pv e5f6 g7h8 d2d4 d8f6 g2g4 a8d8 c1g5 f6g5 h1f1 f7f6 f1f5 a1b3 d1c2
Position; fen rnbqkbnr/pppp1ppp/8/4p3/2B1P3/8/PPPP1PPP/RNBQK1NR b KQkq - 1 2
Moves; g8f6 d1e2 b8c6 b1c3 c6d4 e2d3 c7c6 c4b3 d7d5 e4d5 c8f5 d3g3 f5c2 g1e2 f8d6 d5c6 c2b3 c6c7 d4c2 e1d1 c2a1 a2b3 d6c7 f2f4 e8g8 f4e5 f8e8 g3g7 g8g7
Finished game 2 (SF_2600 vs HiveChess): 0-1 {Black wins by adjudication}
Started game 6 of 1000 (SF_2800 vs HiveChess)
Warning; Bestmove does not match beginning of last PV - move f3g5 from SF_2700
Info; info depth 17 seldepth 35 multipv 1 score cp -40 nodes 1075741 nps 760778 hashfull 354 tbhits 0 time 1414 pv c1b2 c5c4 b3c4 f5e4 d3e4 d6c5 d1f1 g4f2 f1f2 d7f6 f3d4 c7b6 c4b5 c5d4 b2d4 b6d4 a3c2 d4c5 a1f1 a6b5 e2e3 c5c4 e3f4 b8a8 f4e5 a8a2 c2e3 c4b3 g2h3 b7c8 f2a2 b3a2 e5c5 a2a6
Position; fen rnbqkbnr/pppppppp/8/8/8/5N2/PPPPPPPP/RNBQKB1R b KQkq - 1 1
Moves; g8f6 c2c4 e7e6 g2g3 d7d5 f1g2 d5c4 d1a4 b8d7 e1g1 a7a6 b1a3 a8b8 a4c4 b7b5 c4c2 c7c5 b2b3 c8b7 f1d1 f8d6 d2d3 e8g8 e2e4 d8c7 c2d2 f6g4 d2e2 f7f5
Warning; Bestmove does not match beginning of last PV - move f8g7 from SF_2700
Info; info depth 17 seldepth 33 multipv 1 score cp -252 nodes 958757 nps 834427 hashfull 372 tbhits 0 time 1149 pv f6d5 c4d5 e6d5 e5h8 d8g5 e1g1 f5h4 g2g3 g5d2 c3f6 d7e6 f6h4 f8d6 h8c3 d2d3 f1d1 d3f3 a1c1
Position; fen rnbqkbnr/pppppppp/8/8/8/5N2/PPPPPPPP/RNBQKB1R b KQkq - 1 1
Moves; g8f6 d2d4 c7c6 c1f4 d7d6 c2c3 g7g6 h2h3 d8b6 d1c1 c6c5 b1d2 b6c6 a2a4 c8d7 e2e4 c5d4 f1b5 c6c7 c3d4 c7d8 b5c4 b8c6 f3g5 d6d5 e4d5 c6d4 c1c3 d4f5 d5d6 e7e6 f4e5
Warning; Bestmove does not match beginning of last PV - move a1c2 from SF_2600
Info; info depth 18 seldepth 33 multipv 1 score cp -172 nodes 900112 nps 849964 hashfull 320 tbhits 0 time 1059 pv f5e4 f3d2 e4e6 d4d5 e6f5 d2f3 a1c2 c1d2 h7h5 f1c1 g7g5 b7b3 g5g4 h3g4 h5g4 b3c2 f5c2 c1c2 g4f3 d2e3 f3g2 g1g2
Position; fen rnbqkbnr/pppp1ppp/8/4p3/2B1P3/8/PPPP1PPP/RNBQK1NR b KQkq - 1 2
Moves; b8c6 g1f3 g8f6 f3g5 d7d5 e4d5 c6a5 c4b5 c8d7 d1e2 f8e7 g5f3 f6d5 b5d7 d8d7 f3e5 d7f5 e1g1 d5b4 c2c3 b4c2 d2d4 c2a1 e2b5 a5c6 b5b7 e8g8 e5c6 e7h4 b1d2 f8e8 d2f3 h4f6 h2h3
Warning; Bestmove does not match beginning of last PV - move a2a3 from SF_2800
Info; info depth 16 seldepth 26 multipv 1 score cp 33 nodes 590424 nps 797870 hashfull 191 tbhits 0 time 740 pv f1g2 b8c6 g1f3 d7d5 c4d5 f6d5 e1g1 f8e7 b1c3 e8g8 d2d4 e5d4 f3d4 d5c3 b2c3 c6d4 c3d4
Position; fen rnbqkbnr/pppppppp/8/8/8/6P1/PPPPPP1P/RNBQKBNR b KQkq - 0 1
Moves; e7e5 c2c4 g8f6
Warning; Bestmove does not match beginning of last PV - move d8h4 from SF_2700
Info; info depth 18 seldepth 31 multipv 1 score cp -283 nodes 744521 nps 832797 hashfull 300 tbhits 0 time 894 pv e8g8 e5g7 f5g7 e4f6 g8h8 e1g1 a8c8 b2b3 c8c5 f1d1 a7a6 a1c1 c5f5 f6d7 d8d7 c4e2 f5d5 c3c7 d5d1 e2d1 d7c7 c1c7 g7f5 d6d7 f5d6 d1f3 a6a5 f3b7 h8g7
Position; fen rnbqkbnr/pppppppp/8/8/8/5N2/PPPPPPPP/RNBQKB1R b KQkq - 1 1
Moves; g8f6 d2d4 c7c6 c1f4 d7d6 c2c3 g7g6 h2h3 d8b6 d1c1 c6c5 b1d2 b6c6 a2a4 c8d7 e2e4 c5d4 f1b5 c6c7 c3d4 c7d8 b5c4 b8c6 f3g5 d6d5 e4d5 c6d4 c1c3 d4f5 d5d6 e7e6 f4e5 f8g7 d2e4 f6e4 g5e4
Warning; Bestmove does not match beginning of last PV - move c1f4 from SF_2700
Info; info depth 16 seldepth 27 multipv 1 score cp -65 nodes 636689 nps 701972 hashfull 246 tbhits 0 time 907 pv a1b1 f8f7 f2f3 g4f6 c1d2 c7b6 h3f2 f5f4 g3f4 e5b8 g1h1 f6h5 f2h3 b8f4 h3f4
Position; fen rnbqkbnr/pppppppp/8/8/8/5N2/PPPPPPPP/RNBQKB1R b KQkq - 1 1
Moves; g8f6 c2c4 e7e6 g2g3 d7d5 f1g2 d5c4 d1a4 b8d7 e1g1 a7a6 b1a3 a8b8 a4c4 b7b5 c4c2 c7c5 b2b3 c8b7 f1d1 f8d6 d2d3 e8g8 e2e4 d8c7 c2d2 f6g4 d2e2 f7f5 f3g5 b8e8 a3c2 h7h6 g5h3 d6e5
Warning; Bestmove does not match beginning of last PV - move f5d5 from SF_2600
Info; info depth 16 seldepth 25 multipv 1 score cp -203 nodes 623074 nps 848874 hashfull 221 tbhits 0 time 734 pv e8e2 c7b7 a8e8 c6e5 f6e5 f3e5 f5e6 c1f4 a7a6 f4g3 c2e1 d4d5 e6f5 d5d6 e2e5 d6d7
Position; fen rnbqkbnr/pppp1ppp/8/4p3/2B1P3/8/PPPP1PPP/RNBQK1NR b KQkq - 1 2
Moves; b8c6 g1f3 g8f6 f3g5 d7d5 e4d5 c6a5 c4b5 c8d7 d1e2 f8e7 g5f3 f6d5 b5d7 d8d7 f3e5 d7f5 e1g1 d5b4 c2c3 b4c2 d2d4 c2a1 e2b5 a5c6 b5b7 e8g8 e5c6 e7h4 b1d2 f8e8 d2f3 h4f6 h2h3 a1c2 b7c7
Warning; Bestmove does not match beginning of last PV - move f6e8 from SF_2800
Info; info depth 14 seldepth 22 multipv 1 score cp -92 nodes 297763 nps 710651 hashfull 113 tbhits 0 time 419 pv f6h7 d1e1 h7f8 h3h4 a6b4 c3e4 b4d3 c1b1 a5b5 e1e3 g5g4 e3d3 g4f3 g2f1
Position; fen rnbqkbnr/pppppppp/8/8/8/6P1/PPPPPP1P/RNBQKBNR b KQkq - 0 1
Moves; d7d5 g1f3 g8f6 f1g2 g7g6 d2d4 f8g7 c2c4 c7c6 e1g1 e8g8 d1b3 h7h6 b1c3 d5c4 b3c4 a7a5 c4d3 a5a4 f1d1 c8e6 e2e4 d8b6 d3c2 b8a6 h2h3 f8d8 c1e3 b6a5 c2c1 g6g5 e3d2 d8d7 e4e5
Warning; Bestmove does not match beginning of last PV - move a8c8 from SF_2600
Info; info depth 14 seldepth 18 multipv 1 score cp -210 nodes 267426 nps 830515 hashfull 105 tbhits 0 time 322 pv d5e4 d4d5 a8c8 c7f4 e4f4 c1f4 f6b2 f4d6 c2a3 c6e7 e8e7 d6e7 a3c4 d5d6
Position; fen rnbqkbnr/pppp1ppp/8/4p3/2B1P3/8/PPPP1PPP/RNBQK1NR b KQkq - 1 2
Moves; b8c6 g1f3 g8f6 f3g5 d7d5 e4d5 c6a5 c4b5 c8d7 d1e2 f8e7 g5f3 f6d5 b5d7 d8d7 f3e5 d7f5 e1g1 d5b4 c2c3 b4c2 d2d4 c2a1 e2b5 a5c6 b5b7 e8g8 e5c6 e7h4 b1d2 f8e8 d2f3 h4f6 h2h3 a1c2 b7c7 f5d5 c3c4
Warning; Bestmove does not match beginning of last PV - move a1b1 from SF_2700
Info; info depth 15 seldepth 30 multipv 1 score cp -86 nodes 608548 nps 741227 hashfull 210 tbhits 0 time 821 pv f4e5 d7e5 f2f3 g4f6 e2e3 a6a5 h3f2 e5g6 d3d4 f5f4 g3f4 c5c4 b3c4 b5c4 g2f1 b6c7
Position; fen rnbqkbnr/pppppppp/8/8/8/5N2/PPPPPPPP/RNBQKB1R b KQkq - 1 1
Moves; g8f6 c2c4 e7e6 g2g3 d7d5 f1g2 d5c4 d1a4 b8d7 e1g1 a7a6 b1a3 a8b8 a4c4 b7b5 c4c2 c7c5 b2b3 c8b7 f1d1 f8d6 d2d3 e8g8 e2e4 d8c7 c2d2 f6g4 d2e2 f7f5 f3g5 b8e8 a3c2 h7h6 g5h3 d6e5 c1f4 c7b6
Warning; Bestmove does not match beginning of last PV - move f1g2 from SF_2800
Info; info depth 19 seldepth 35 multipv 1 score cp -31 nodes 1905001 nps 865123 hashfull 489 tbhits 0 time 2202 pv b1c3 d7d5 c4d5 f6d5 g1f3 b8c6 d2d3 f8e7 c3d5 d8d5 f1g2 c8e6 c1e3 e8g8 e1g1 d5d7 d1a4 f7f6 a1c1
Position; fen rnbqkbnr/pppppppp/8/8/8/6P1/PPPPPP1P/RNBQKBNR b KQkq - 0 1
Moves; e7e5 c2c4 g8f6 a2a3 c7c5
Warning; Bestmove does not match beginning of last PV - move e8f8 from SF_2700
Info; info depth 16 seldepth 30 multipv 1 score cp -420 nodes 615912 nps 1006392 hashfull 224 tbhits 0 time 612 pv g7e5 c3e5 e8c8 c4b5 c8b8 e1c1 f7f6 e4f6 d7b5 d6d7 b8a8 a4b5 f5e7 e5e6 h8f8 f6e4 e7g8 h1e1 h4e7 e6e7 g8e7 c1b1
Position; fen rnbqkbnr/pppppppp/8/8/8/5N2/PPPPPPPP/RNBQKB1R b KQkq - 1 1
Moves; g8f6 d2d4 c7c6 c1f4 d7d6 c2c3 g7g6 h2h3 d8b6 d1c1 c6c5 b1d2 b6c6 a2a4 c8d7 e2e4 c5d4 f1b5 c6c7 c3d4 c7d8 b5c4 b8c6 f3g5 d6d5 e4d5 c6d4 c1c3 d4f5 d5d6 e7e6 f4e5 f8g7 d2e4 f6e4 g5e4 d8h4 g2g4
Warning; Bestmove does not match beginning of last PV - move a8d8 from SF_2800
Info; info depth 15 seldepth 31 multipv 1 score cp -139 nodes 479977 nps 711077 hashfull 196 tbhits 0 time 675 pv e8c7 c3e4 a5b6 h3h4 g5g4 d2h6 g4f3 h6g7 g8g7 c1g5 g7h7 g5h5 h7g7
Position; fen rnbqkbnr/pppppppp/8/8/8/6P1/PPPPPP1P/RNBQKBNR b KQkq - 0 1
Moves; d7d5 g1f3 g8f6 f1g2 g7g6 d2d4 f8g7 c2c4 c7c6 e1g1 e8g8 d1b3 h7h6 b1c3 d5c4 b3c4 a7a5 c4d3 a5a4 f1d1 c8e6 e2e4 d8b6 d3c2 b8a6 h2h3 f8d8 c1e3 b6a5 c2c1 g6g5 e3d2 d8d7 e4e5 f6e8 d1e1
Warning; Bestmove does not match beginning of last PV - move d7c6 from SF_2700
Info; info depth 16 seldepth 34 multipv 1 score cp -488 nodes 668710 nps 1053086 hashfull 287 tbhits 0 time 635 pv a8d8 h1f1 d7a4 a1a4 f5d6 c4e2 a7a6 e5d6 d8d6 c3c8 f8e7 c8c7 e7f6 c7d6 g7h6 d6d4 e6e5
Position; fen rnbqkbnr/pppppppp/8/8/8/5N2/PPPPPPPP/RNBQKB1R b KQkq - 1 1
Moves; g8f6 d2d4 c7c6 c1f4 d7d6 c2c3 g7g6 h2h3 d8b6 d1c1 c6c5 b1d2 b6c6 a2a4 c8d7 e2e4 c5d4 f1b5 c6c7 c3d4 c7d8 b5c4 b8c6 f3g5 d6d5 e4d5 c6d4 c1c3 d4f5 d5d6 e7e6 f4e5 f8g7 d2e4 f6e4 g5e4 d8h4 g2g4 e8f8 e4f6
Warning; Bestmove does not match beginning of last PV - move g1h1 from SF_2700
Info; info depth 15 seldepth 34 multipv 1 score cp -90 nodes 564210 nps 708806 hashfull 211 tbhits 0 time 796 pv c2e3 g4f6 f4e5 d7e5 h3f4 e5c6 e2d2 c6d4 f4g6 f8f7 g6e5 f7c7
Position; fen rnbqkbnr/pppppppp/8/8/8/5N2/PPPPPPPP/RNBQKB1R b KQkq - 1 1
Moves; g8f6 c2c4 e7e6 g2g3 d7d5 f1g2 d5c4 d1a4 b8d7 e1g1 a7a6 b1a3 a8b8 a4c4 b7b5 c4c2 c7c5 b2b3 c8b7 f1d1 f8d6 d2d3 e8g8 e2e4 d8c7 c2d2 f6g4 d2e2 f7f5 f3g5 b8e8 a3c2 h7h6 g5h3 d6e5 c1f4 c7b6 a1b1 a6a5
Warning; Bestmove does not match beginning of last PV - move g7g6 from SF_2600
Info; info depth 16 seldepth 24 multipv 1 score cp -519 nodes 1003203 nps 1555353 hashfull 377 tbhits 0 time 645 pv e4e2 a6b5 h7h6 b5d5 e8e6 c6e5 f6e5 d4e5 e6g6 b2b3 a7a6 d5d8 g8h7 d8d1
Position; fen rnbqkbnr/pppp1ppp/8/4p3/2B1P3/8/PPPP1PPP/RNBQK1NR b KQkq - 1 2
Moves; b8c6 g1f3 g8f6 f3g5 d7d5 e4d5 c6a5 c4b5 c8d7 d1e2 f8e7 g5f3 f6d5 b5d7 d8d7 f3e5 d7f5 e1g1 d5b4 c2c3 b4c2 d2d4 c2a1 e2b5 a5c6 b5b7 e8g8 e5c6 e7h4 b1d2 f8e8 d2f3 h4f6 h2h3 a1c2 b7c7 f5d5 c3c4 a8c8 c7c8 d5e4 c8a6
Warning; Bestmove does not match beginning of last PV - move g7f8 from SF_2800
Info; info depth 15 seldepth 20 multipv 1 score cp -107 nodes 303491 nps 727796 hashfull 109 tbhits 0 time 417 pv e6b3 c3e2 a5b6 d2e3 c6c5 d4c5 b6c7 e3d4 c7a5 d4c3 a5c5
Position; fen rnbqkbnr/pppppppp/8/8/8/6P1/PPPPPP1P/RNBQKBNR b KQkq - 0 1
Moves; d7d5 g1f3 g8f6 f1g2 g7g6 d2d4 f8g7 c2c4 c7c6 e1g1 e8g8 d1b3 h7h6 b1c3 d5c4 b3c4 a7a5 c4d3 a5a4 f1d1 c8e6 e2e4 d8b6 d3c2 b8a6 h2h3 f8d8 c1e3 b6a5 c2c1 g6g5 e3d2 d8d7 e4e5 f6e8 d1e1 a8d8 a2a3
Warning; Bestmove does not match beginning of last PV - move g6f5 from SF_2700
Info; info depth 15 seldepth 30 multipv 1 score cp -496 nodes 577697 nps 1119567 hashfull 233 tbhits 0 time 516 pv g7f6 e5f6 h4e4 e1d2 e4f4 d2c2 a8c8 f6h8 f4d6 h1e1 c6d5 b2b3 d6f4 c2b1 d5c4 b3c4 f4f5 b1b2 f5f2 b2a3
Position; fen rnbqkbnr/pppppppp/8/8/8/5N2/PPPPPPPP/RNBQKB1R b KQkq - 1 1
Moves; g8f6 d2d4 c7c6 c1f4 d7d6 c2c3 g7g6 h2h3 d8b6 d1c1 c6c5 b1d2 b6c6 a2a4 c8d7 e2e4 c5d4 f1b5 c6c7 c3d4 c7d8 b5c4 b8c6 f3g5 d6d5 e4d5 c6d4 c1c3 d4f5 d5d6 e7e6 f4e5 f8g7 d2e4 f6e4 g5e4 d8h4 g2g4 e8f8 e4f6 d7c6 g4f5
Warning; Bestmove does not match beginning of last PV - move h3f4 from SF_2700
Info; info depth 16 seldepth 32 multipv 1 score cp -124 nodes 408759 nps 781565 hashfull 143 tbhits 0 time 523 pv g3f4 g4f6 a2a4 d7b8 d1g1 e8d8 e4e5 f6d5 e2h5 d5c3 b1c1 d8d3 c2e3 b8c6 c1c3 d3c3 a4b5
Position; fen rnbqkbnr/pppppppp/8/8/8/5N2/PPPPPPPP/RNBQKB1R b KQkq - 1 1
Moves; g8f6 c2c4 e7e6 g2g3 d7d5 f1g2 d5c4 d1a4 b8d7 e1g1 a7a6 b1a3 a8b8 a4c4 b7b5 c4c2 c7c5 b2b3 c8b7 f1d1 f8d6 d2d3 e8g8 e2e4 d8c7 c2d2 f6g4 d2e2 f7f5 f3g5 b8e8 a3c2 h7h6 g5h3 d6e5 c1f4 c7b6 a1b1 a6a5 g1h1 e5f4
Warning; Bestmove does not match beginning of last PV - move a5c7 from SF_2800
Info; info depth 15 seldepth 26 multipv 1 score cp -209 nodes 377894 nps 774372 hashfull 137 tbhits 0 time 488 pv a5d5 h3h4 g5g4 d2h6 g4f3 h6f8 g8f8 c1h6 f8g8 e4g5 e6f5 g3g4 d7d6 e5e6 f7f6 g5f7 f3g2
Position; fen rnbqkbnr/pppppppp/8/8/8/6P1/PPPPPP1P/RNBQKBNR b KQkq - 0 1
Moves; d7d5 g1f3 g8f6 f1g2 g7g6 d2d4 f8g7 c2c4 c7c6 e1g1 e8g8 d1b3 h7h6 b1c3 d5c4 b3c4 a7a5 c4d3 a5a4 f1d1 c8e6 e2e4 d8b6 d3c2 b8a6 h2h3 f8d8 c1e3 b6a5 c2c1 g6g5 e3d2 d8d7 e4e5 f6e8 d1e1 a8d8 a2a3 g7f8 c3e4
Warning; Bestmove does not match beginning of last PV - move f6d4 from SF_2600
Info; info depth 16 seldepth 22 multipv 1 score cp -569 nodes 897605 nps 1729489 hashfull 354 tbhits 0 time 519 pv h7h5 c6e5 e8e6 a6c8 g8g7 d2h6 g7h7 e5f7 e6e8 f7d6 e8c8 d6e4 c8c4 e4f6 h7h6 d4d5 h6g7
Position; fen rnbqkbnr/pppp1ppp/8/4p3/2B1P3/8/PPPP1PPP/RNBQK1NR b KQkq - 1 2
Moves; b8c6 g1f3 g8f6 f3g5 d7d5 e4d5 c6a5 c4b5 c8d7 d1e2 f8e7 g5f3 f6d5 b5d7 d8d7 f3e5 d7f5 e1g1 d5b4 c2c3 b4c2 d2d4 c2a1 e2b5 a5c6 b5b7 e8g8 e5c6 e7h4 b1d2 f8e8 d2f3 h4f6 h2h3 a1c2 b7c7 f5d5 c3c4 a8c8 c7c8 d5e4 c8a6 g7g6 c1d2
Warning; Bestmove does not match beginning of last PV - move c4d5 from SF_2800
Info; info depth 15 seldepth 29 multipv 1 score cp -34 nodes 594956 nps 819498 hashfull 195 tbhits 0 time 726 pv d2d3 d5c4 d3c4 d8a5 a4a5 c6a5 b1d2 f8e7 b2b3 c8f5 c1b2 e8c8 b2e5
Position; fen rnbqkbnr/pppppppp/8/8/8/6P1/PPPPPP1P/RNBQKBNR b KQkq - 0 1
Moves; e7e5 c2c4 g8f6 a2a3 c7c5 f1g2 d7d5 d1a4 b8c6
Warning; Bestmove does not match beginning of last PV - move f4d3 from SF_2700
Info; info depth 15 seldepth 26 multipv 1 score cp -179 nodes 158025 nps 827356 hashfull 60 tbhits 0 time 191 pv d1d3 d7e5 d3d4 g4f2 g1f2 e5g4 f2e1 e6e5 f4d5 b7d5 d4d5 f5e4 e2g4
Position; fen rnbqkbnr/pppppppp/8/8/8/5N2/PPPPPPPP/RNBQKB1R b KQkq - 1 1
Moves; g8f6 c2c4 e7e6 g2g3 d7d5 f1g2 d5c4 d1a4 b8d7 e1g1 a7a6 b1a3 a8b8 a4c4 b7b5 c4c2 c7c5 b2b3 c8b7 f1d1 f8d6 d2d3 e8g8 e2e4 d8c7 c2d2 f6g4 d2e2 f7f5 f3g5 b8e8 a3c2 h7h6 g5h3 d6e5 c1f4 c7b6 a1b1 a6a5 g1h1 e5f4 h3f4 c5c4 h1g1 c4d3
Warning; Bestmove does not match beginning of last PV - move h4f6 from SF_2700
Info; info depth 13 seldepth 42 multipv 1 score cp -762 nodes 650999 nps 1818432 hashfull 273 tbhits 0 time 358 pv h4e4 e1d2 e4f4 d2c2 h7h5 h1d1 c6d7 d1d7 b7b5 a4b5 f8e8 f6h8 e8d7 a1d1 d7e8 c2b3
Position; fen rnbqkbnr/pppppppp/8/8/8/5N2/PPPPPPPP/RNBQKB1R b KQkq - 1 1
Moves; g8f6 d2d4 c7c6 c1f4 d7d6 c2c3 g7g6 h2h3 d8b6 d1c1 c6c5 b1d2 b6c6 a2a4 c8d7 e2e4 c5d4 f1b5 c6c7 c3d4 c7d8 b5c4 b8c6 f3g5 d6d5 e4d5 c6d4 c1c3 d4f5 d5d6 e7e6 f4e5 f8g7 d2e4 f6e4 g5e4 d8h4 g2g4 e8f8 e4f6 d7c6 g4f5 g6f5 d6d7 g7f6 e5f6
Warning; Bestmove does not match beginning of last PV - move b1c3 from SF_2800
Info; info depth 19 seldepth 38 multipv 1 score cp -64 nodes 1400778 nps 769658 hashfull 443 tbhits 0 time 1820 pv d2d3 c8e6 g1f3 d5b6 a4d1 f8e7 b1c3 c6d4 f3d2 d8d7 e1g1 e8g8 a3a4 a8d8 a4a5
Position; fen rnbqkbnr/pppppppp/8/8/8/6P1/PPPPPP1P/RNBQKBNR b KQkq - 0 1
Moves; e7e5 c2c4 g8f6 a2a3 c7c5 f1g2 d7d5 d1a4 b8c6 c4d5 f6d5
Warning; Bestmove does not match beginning of last PV - move c2e3 from SF_2700
Info; info depth 14 seldepth 28 multipv 1 score cp -221 nodes 275906 nps 1103624 hashfull 94 tbhits 0 time 250 pv d3f4 d7e5 c2d4 g7g5 f4h3 e5f3 g2f3 e4f3 e2b5 b6b5 d4b5
Position; fen rnbqkbnr/pppppppp/8/8/8/5N2/PPPPPPPP/RNBQKB1R b KQkq - 1 1
Moves; g8f6 c2c4 e7e6 g2g3 d7d5 f1g2 d5c4 d1a4 b8d7 e1g1 a7a6 b1a3 a8b8 a4c4 b7b5 c4c2 c7c5 b2b3 c8b7 f1d1 f8d6 d2d3 e8g8 e2e4 d8c7 c2d2 f6g4 d2e2 f7f5 f3g5 b8e8 a3c2 h7h6 g5h3 d6e5 c1f4 c7b6 a1b1 a6a5 g1h1 e5f4 h3f4 c5c4 h1g1 c4d3 f4d3 f5e4
Warning; Bestmove does not match beginning of last PV - move c6h1 from SF_2700
Info; info depth 18 seldepth 32 multipv 1 score mate -14 nodes 756028 nps 2662070 hashfull 281 tbhits 0 time 284 pv c6d7 f6h8 f8e7 h8a8 d7a4 a8b7 e7d6 a1a4 a7a5 e1e2 h7h6 h1d1 d6e5 b7b8 e5f6 b8d8 f6g6 d1g1 g6h5 c4d3 f5f4 d8f6 e6e5 f6e5 f7f5 e5f5 h5h4 a4f4
Position; fen rnbqkbnr/pppppppp/8/8/8/5N2/PPPPPPPP/RNBQKB1R b KQkq - 1 1
Moves; g8f6 d2d4 c7c6 c1f4 d7d6 c2c3 g7g6 h2h3 d8b6 d1c1 c6c5 b1d2 b6c6 a2a4 c8d7 e2e4 c5d4 f1b5 c6c7 c3d4 c7d8 b5c4 b8c6 f3g5 d6d5 e4d5 c6d4 c1c3 d4f5 d5d6 e7e6 f4e5 f8g7 d2e4 f6e4 g5e4 d8h4 g2g4 e8f8 e4f6 d7c6 g4f5 g6f5 d6d7 g7f6 e5f6 h4f6 c3f6
Finished game 3 (HiveChess vs SF_2700): 1-0 {White wins by adjudication}
Started game 7 of 1000 (HiveChess vs SF_2900)
Warning; Bestmove does not match beginning of last PV - move d4d8 from SF_2600
Info; info depth 17 seldepth 25 multipv 1 score cp -644 nodes 673919 nps 2060914 hashfull 266 tbhits 0 time 327 pv d4b6 a6b5 e8e6 b5d5 b6c6 f1d1 f7f6 d5d8 e6e8 d8f6 c6f6 c3f6 e8e4 f6c3 e4c4 g2g4 c4c8
Position; fen rnbqkbnr/pppp1ppp/8/4p3/2B1P3/8/PPPP1PPP/RNBQK1NR b KQkq - 1 2
Moves; b8c6 g1f3 g8f6 f3g5 d7d5 e4d5 c6a5 c4b5 c8d7 d1e2 f8e7 g5f3 f6d5 b5d7 d8d7 f3e5 d7f5 e1g1 d5b4 c2c3 b4c2 d2d4 c2a1 e2b5 a5c6 b5b7 e8g8 e5c6 e7h4 b1d2 f8e8 d2f3 h4f6 h2h3 a1c2 b7c7 f5d5 c3c4 a8c8 c7c8 d5e4 c8a6 g7g6 c1d2 f6d4 c6d4 c2d4 f3d4 e4d4 d2c3
Finished game 1 (HiveChess vs SF_2600): 1-0 {White wins by adjudication}
Started game 8 of 1000 (SF_2900 vs HiveChess)
Warning; Bestmove does not match beginning of last PV - move e2d3 from SF_2700
Info; info depth 16 seldepth 24 multipv 1 score cp -523 nodes 779172 nps 2039717 hashfull 314 tbhits 0 time 382 pv e2g4 f8f2 g2b7 b6e3 g4e4 e3a7 g1h1 d7e5 d1d3 e5g4 d3d4 f2h2 h1g1 h2d2 b7c6 d2d4
Position; fen rnbqkbnr/pppppppp/8/8/8/5N2/PPPPPPPP/RNBQKB1R b KQkq - 1 1
Moves; g8f6 c2c4 e7e6 g2g3 d7d5 f1g2 d5c4 d1a4 b8d7 e1g1 a7a6 b1a3 a8b8 a4c4 b7b5 c4c2 c7c5 b2b3 c8b7 f1d1 f8d6 d2d3 e8g8 e2e4 d8c7 c2d2 f6g4 d2e2 f7f5 f3g5 b8e8 a3c2 h7h6 g5h3 d6e5 c1f4 c7b6 a1b1 a6a5 g1h1 e5f4 h3f4 c5c4 h1g1 c4d3 f4d3 f5e4 c2e3 e4d3
Warning; Bestmove does not match beginning of last PV - move b7b6 from SF_2900
Info; info depth 19 seldepth 37 multipv 1 score cp -32 nodes 2238613 nps 739060 hashfull 696 tbhits 0 time 3029 pv c7c6 c2c4 d7d5 b1c3 d5c4 a2a4 c8f5 e2e3 e7e6 f1c4 f8b4 f3h4 e8g8 h4f5 e6f5 e1g1 b8d7 c4d3 g7g6 d1b3 d8e7
Position; fen rnbqkb1r/pppppppp/5n2/8/3P4/5N2/PPP1PPPP/RNBQKB1R b KQkq - 2 2
Moves; 
Warning; Bestmove does not match beginning of last PV - move d3c3 from SF_2700
Info; info depth 17 seldepth 38 multipv 1 score cp -640 nodes 573120 nps 1891485 hashfull 231 tbhits 0 time 303 pv d3d4 b7g2 e3g2 f2d1 d4b6 d7b6 b1d1 b6d5 d1e1 f8f6 e1c1 h6h5 c1c5 e8f8
Position; fen rnbqkbnr/pppppppp/8/8/8/5N2/PPPPPPPP/RNBQKB1R b KQkq - 1 1
Moves; g8f6 c2c4 e7e6 g2g3 d7d5 f1g2 d5c4 d1a4 b8d7 e1g1 a7a6 b1a3 a8b8 a4c4 b7b5 c4c2 c7c5 b2b3 c8b7 f1d1 f8d6 d2d3 e8g8 e2e4 d8c7 c2d2 f6g4 d2e2 f7f5 f3g5 b8e8 a3c2 h7h6 g5h3 d6e5 c1f4 c7b6 a1b1 a6a5 g1h1 e5f4 h3f4 c5c4 h1g1 c4d3 f4d3 f5e4 c2e3 e4d3 e2d3 g4f2
Warning; Bestmove does not match beginning of last PV - move d8b8 from SF_2800
Info; info depth 14 seldepth 24 multipv 1 score cp -193 nodes 179363 nps 773116 hashfull 61 tbhits 0 time 232 pv d4d3 h4f3 d8b8 g1h2 b7b6 g2h3 a6c5 f3g5 e6h3 h6h7 g8g7 h2h3 c7e6 c1c4 e6d4 e4c5 b6c5 c4c5 b8b2
Position; fen rnbqkbnr/pppppppp/8/8/8/6P1/PPPPPP1P/RNBQKBNR b KQkq - 0 1
Moves; d7d5 g1f3 g8f6 f1g2 g7g6 d2d4 f8g7 c2c4 c7c6 e1g1 e8g8 d1b3 h7h6 b1c3 d5c4 b3c4 a7a5 c4d3 a5a4 f1d1 c8e6 e2e4 d8b6 d3c2 b8a6 h2h3 f8d8 c1e3 b6a5 c2c1 g6g5 e3d2 d8d7 e4e5 f6e8 d1e1 a8d8 a2a3 g7f8 c3e4 a5c7 h3h4 c6c5 h4g5 c5d4 g5h6 c7c1 a1c1 e8c7 f3h4
Warning; Bestmove does not match beginning of last PV - move c1g5 from SF_2900
Info; info depth 17 seldepth 32 multipv 1 score cp 34 nodes 1194346 nps 787827 hashfull 385 tbhits 0 time 1516 pv g2g3 f8b4 c1d2 b4e7 f1g2 c7c6 d1c2 e8g8 e1g1 b8d7 b2b3 b7b6 b1c3 c8b7 f1d1 a8c8 d2f4
Position; fen rnbqkb1r/pppppppp/5n2/8/3P4/5N2/PPP1PPPP/RNBQKB1R b KQkq - 2 2
Moves; d7d5 c2c4 e7e6
Warning; Bestmove does not match beginning of last PV - move b7f3 from SF_2900
Info; info depth 15 seldepth 24 multipv 1 score cp -46 nodes 457913 nps 760652 hashfull 159 tbhits 0 time 602 pv e7e6 f1g2 f8b4 c1d2 b4d2 d1d2 e8g8 b1c3 d7d5 c4d5 f6d5 a1c1 b8d7 e1g1 d5c3 c1c3 a8c8 b2b4 d7f6 d2b2 b7f3 c3f3
Position; fen rnbqkb1r/pppppppp/5n2/8/3P4/5N2/PPP1PPPP/RNBQKB1R b KQkq - 2 2
Moves; b7b6 g2g3 c8b7 c2c4
Warning; Bestmove does not match beginning of last PV - move d4d3 from SF_2800
Info; info depth 9 seldepth 13 multipv 1 score cp -170 nodes 11541 nps 887769 hashfull 4 tbhits 0 time 13 pv b7b6 h6h7 g8h8 e4g5 a6c5 f3c6 d7d8 c6e4
Position; fen rnbqkbnr/pppppppp/8/8/8/6P1/PPPPPP1P/RNBQKBNR b KQkq - 0 1
Moves; d7d5 g1f3 g8f6 f1g2 g7g6 d2d4 f8g7 c2c4 c7c6 e1g1 e8g8 d1b3 h7h6 b1c3 d5c4 b3c4 a7a5 c4d3 a5a4 f1d1 c8e6 e2e4 d8b6 d3c2 b8a6 h2h3 f8d8 c1e3 b6a5 c2c1 g6g5 e3d2 d8d7 e4e5 f6e8 d1e1 a8d8 a2a3 g7f8 c3e4 a5c7 h3h4 c6c5 h4g5 c5d4 g5h6 c7c1 a1c1 e8c7 f3h4 d8b8 g2f3
Warning; Bestmove does not match beginning of last PV - move a7a5 from SF_2900
Info; info depth 17 seldepth 31 multipv 1 score cp -72 nodes 767937 nps 752879 hashfull 260 tbhits 0 time 1020 pv e7e6 a2a3 g7g6 d4d5 f8g7 b1c3 c7c6 f1h3 e8g8 e1g1 c6d5 c4d5 f6d5 c3d5 e6d5 d1d5
Position; fen rnbqkb1r/pppppppp/5n2/8/3P4/5N2/PPP1PPPP/RNBQKB1R b KQkq - 2 2
Moves; b7b6 g2g3 c8b7 c2c4 b7f3 e2f3
Warning; Bestmove does not match beginning of last PV - move c3d4 from SF_2700
Info; info depth 12 seldepth 22 multipv 1 score cp -620 nodes 32897 nps 1935117 hashfull 13 tbhits 0 time 17 pv g2b7 b6b7 c3a5 e8c8 a5d2 b7a7
Position; fen rnbqkbnr/pppppppp/8/8/8/5N2/PPPPPPPP/RNBQKB1R b KQkq - 1 1
Moves; g8f6 c2c4 e7e6 g2g3 d7d5 f1g2 d5c4 d1a4 b8d7 e1g1 a7a6 b1a3 a8b8 a4c4 b7b5 c4c2 c7c5 b2b3 c8b7 f1d1 f8d6 d2d3 e8g8 e2e4 d8c7 c2d2 f6g4 d2e2 f7f5 f3g5 b8e8 a3c2 h7h6 g5h3 d6e5 c1f4 c7b6 a1b1 a6a5 g1h1 e5f4 h3f4 c5c4 h1g1 c4d3 f4d3 f5e4 c2e3 e4d3 e2d3 g4f2 d3c3 f2d1 b1d1 d7f6
Finished game 4 (SF_2700 vs HiveChess): 0-1 {Black wins by adjudication}
Started game 9 of 1000 (HiveChess vs SF_3000)
Warning; Bestmove does not match beginning of last PV - move d5c4 from SF_3000
Info; info depth 19 seldepth 30 multipv 1 score cp -33 nodes 2150859 nps 748124 hashfull 667 tbhits 0 time 2875 pv e7e6 b1c3 g8f6 c4d5 e6d5 c1g5 c7c6 e2e3 h7h6 g5h4 c8f5 d1f3 f5g6 h4f6 d8f6 f3f6 g7f6 e1d2 b8d7 f1d3 d7b6 g1e2
Position; fen rnbqkbnr/ppp1pppp/8/3p4/2PP4/8/PP2PPPP/RNBQKBNR b KQkq - 0 2
Moves; 
Warning; Bestmove does not match beginning of last PV - move a4e4 from SF_2800
Info; info depth 16 seldepth 29 multipv 1 score cp -49 nodes 667987 nps 852024 hashfull 224 tbhits 0 time 784 pv c1e3 b7b5 a4b5 a8b8 b5a4 b8b2 e3c1 b2b6 e1g1 f7f5 c1e3 b6b2 a1e1 b2a2 e1c1 a2e2 a4c4 f8d8 e3c5 d5c4 c1c4
Position; fen rnbqkbnr/pppppppp/8/8/8/6P1/PPPPPP1P/RNBQKBNR b KQkq - 0 1
Moves; e7e5 c2c4 g8f6 a2a3 c7c5 f1g2 d7d5 d1a4 b8c6 c4d5 f6d5 b1c3 c8e6 d2d3 f8e7 g2d5 e6d5 c3d5 d8d5 g1f3 e8g8
Warning; Bestmove does not match beginning of last PV - move g5d2 from SF_2900
Info; info depth 21 seldepth 27 multipv 1 score cp 33 nodes 2123893 nps 788964 hashfull 589 tbhits 0 time 2692 pv g5f6 d8f6 e2e3 e8g8 a1c1 b8d7 c4d5 e6d5 a2a3 b4c3 c1c3 c7c6 f1d3 f8e8 d1c2 f6e7 e1g1 a7a6 b2b4
Position; fen rnbqkb1r/pppppppp/5n2/8/3P4/5N2/PPP1PPPP/RNBQKB1R b KQkq - 2 2
Moves; d7d5 c2c4 e7e6 c1g5 f8b4 b1c3 h7h6
Warning; Bestmove does not match beginning of last PV - move d7d5 from SF_2900
Info; info depth 19 seldepth 36 multipv 1 score cp -138 nodes 813625 nps 814439 hashfull 278 tbhits 0 time 999 pv e7e6 e1g1 f8e7 b1c3 d7d5 f4f5 e6f5 c4d5 f6d5 d1f3 e8g8 f3f5 g7g6 f5f3 e7f6 c3d5 c6d5 c1e3 b8c6 f3d5 d8d5 g2d5 a8c8 d5c6 c8c6 a1c1 c6d6 f1d1 f8d8 d1d2 h7h5
Position; fen rnbqkb1r/pppppppp/5n2/8/3P4/5N2/PPP1PPPP/RNBQKB1R b KQkq - 2 2
Moves; b7b6 g2g3 c8b7 c2c4 b7f3 e2f3 a7a5 f1g2 c7c6 f3f4
Warning; Bestmove does not match beginning of last PV - move e1g1 from SF_2800
Info; info depth 14 seldepth 17 multipv 1 score cp -45 nodes 276312 nps 832265 hashfull 85 tbhits 0 time 332 pv g3g4 c6d4 f3d4 c5d4 e4b7 a8c8 b7e4 c8c2 b2b4 h7h6 e1g1 f7f5 g4f5
Position; fen rnbqkbnr/pppppppp/8/8/8/6P1/PPPPPP1P/RNBQKBNR b KQkq - 0 1
Moves; e7e5 c2c4 g8f6 a2a3 c7c5 f1g2 d7d5 d1a4 b8c6 c4d5 f6d5 b1c3 c8e6 d2d3 f8e7 g2d5 e6d5 c3d5 d8d5 g1f3 e8g8 a4e4 d5e6
Warning; Bestmove does not match beginning of last PV - move e7e6 from SF_3000
Info; info depth 16 seldepth 30 multipv 1 score cp -25 nodes 733481 nps 792952 hashfull 239 tbhits 0 time 925 pv a7a6 e2e3 e7e6 f1c4 c7c5 e1g1 g8f6 d1e2 b7b5 c4d3 b8d7 a2a4 c5c4 d3c2 c8b7 e3e4 f8e7 e4e5 f6d5 b1c3 b5b4
Position; fen rnbqkbnr/ppp1pppp/8/3p4/2PP4/8/PP2PPPP/RNBQKBNR b KQkq - 0 2
Moves; d5c4 g1f3
Warning; Bestmove does not match beginning of last PV - move b5b4 from SF_2800
Info; info depth 10 seldepth 18 multipv 1 score cp -168 nodes 23611 nps 908115 hashfull 7 tbhits 0 time 26 pv e6d5 d1f3 d5c4 g4g5 c7e6 f3g4 e6d4 g5g6 f7g6 g1g2 g8h7 e4g5 h7h6 g5e6 h6h7
Position; fen rnbqkbnr/pppppppp/8/8/8/6P1/PPPPPP1P/RNBQKBNR b KQkq - 0 1
Moves; d7d5 g1f3 g8f6 f1g2 g7g6 d2d4 f8g7 c2c4 c7c6 e1g1 e8g8 d1b3 h7h6 b1c3 d5c4 b3c4 a7a5 c4d3 a5a4 f1d1 c8e6 e2e4 d8b6 d3c2 b8a6 h2h3 f8d8 c1e3 b6a5 c2c1 g6g5 e3d2 d8d7 e4e5 f6e8 d1e1 a8d8 a2a3 g7f8 c3e4 a5c7 h3h4 c6c5 h4g5 c5d4 g5h6 c7c1 a1c1 e8c7 f3h4 d8b8 g2f3 d4d3 f3d1 b7b5 c1c3 d7d8 g3g4
Warning; Bestmove does not match beginning of last PV - move g8f6 from SF_3000
Info; info depth 17 seldepth 30 multipv 1 score cp -33 nodes 628211 nps 792195 hashfull 188 tbhits 0 time 793 pv a7a6 f1c4 g8f6 e1g1 c7c5 b2b3 b7b6 c1a3 b8d7 d4d5 e6d5 c4d5 a8a7 e3e4 f8e7 b1c3 f6d5 c3d5 e8g8 d1c2 d7f6 f3e5 f6d5
Position; fen rnbqkbnr/ppp1pppp/8/3p4/2PP4/8/PP2PPPP/RNBQKBNR b KQkq - 0 2
Moves; d5c4 g1f3 e7e6 e2e3
Warning; Bestmove does not match beginning of last PV - move e4a4 from SF_2800
Info; info depth 17 seldepth 30 multipv 1 score cp -113 nodes 1347923 nps 789644 hashfull 514 tbhits 0 time 1707 pv e4e3 a8d8 c1d2 h7h6 d2c3 d8d5 b2b4 a7a6 a1b1 c5b4 c3b4 c6b4 a3b4 f8d8 g1g2 d5b5
Position; fen rnbqkbnr/pppppppp/8/8/8/6P1/PPPPPP1P/RNBQKBNR b KQkq - 0 1
Moves; e7e5 c2c4 g8f6 a2a3 c7c5 f1g2 d7d5 d1a4 b8c6 c4d5 f6d5 b1c3 c8e6 d2d3 f8e7 g2d5 e6d5 c3d5 d8d5 g1f3 e8g8 a4e4 d5e6 e1g1 f7f5
Warning; Bestmove does not match beginning of last PV - move f1d1 from SF_2800
Info; info depth 14 seldepth 22 multipv 1 score cp -93 nodes 330325 nps 773594 hashfull 124 tbhits 0 time 427 pv c1g5 e5e4 g5e7 e6e7 d3e4 f5e4 a4c4 g8h8 f3h4 c6d4 a1e1 b7b5 c4c3 a7a5 c3a5 d4b3 a5b5 b3d2 f2f4 d2f1 e1f1
Position; fen rnbqkbnr/pppppppp/8/8/8/6P1/PPPPPP1P/RNBQKBNR b KQkq - 0 1
Moves; e7e5 c2c4 g8f6 a2a3 c7c5 f1g2 d7d5 d1a4 b8c6 c4d5 f6d5 b1c3 c8e6 d2d3 f8e7 g2d5 e6d5 c3d5 d8d5 g1f3 e8g8 a4e4 d5e6 e1g1 f7f5 e4a4 a8d8
Warning; Bestmove does not match beginning of last PV - move c7c5 from SF_3000
Info; info depth 18 seldepth 25 multipv 1 score cp -39 nodes 931161 nps 772747 hashfull 313 tbhits 0 time 1205 pv a7a6 e1g1 c7c5 b2b3 c5d4 f3d4 f8e7 b1d2 e8g8 c1b2 b7b5 c4e2 c8b7 a1c1 f6d5 a2a4 b5a4 b3a4 b8d7 d4c6 b7c6 c1c6
Position; fen rnbqkbnr/ppp1pppp/8/3p4/2PP4/8/PP2PPPP/RNBQKBNR b KQkq - 0 2
Moves; d5c4 g1f3 e7e6 e2e3 g8f6 f1c4
Warning; Bestmove does not match beginning of last PV - move f3d4 from SF_2900
Info; info depth 16 seldepth 32 multipv 1 score cp 34 nodes 615119 nps 748319 hashfull 219 tbhits 0 time 822 pv a3b4 d4c3 d2c3 f6e4 d1d8 f8d8 e1e2 c8d7 c4d3 e4c3 b2c3 d7e8 h1d1 d8c8 d3e4 b8c6 e2e1
Position; fen rnbqkb1r/pppppppp/5n2/8/3P4/5N2/PPP1PPPP/RNBQKB1R b KQkq - 2 2
Moves; d7d5 c2c4 e7e6 c1g5 f8b4 b1c3 h7h6 g5d2 d5c4 e2e3 c7c5 f1c4 e8g8 a2a3 c5d4
Warning; Bestmove does not match beginning of last PV - move b8c6 from SF_3000
Info; info depth 18 seldepth 29 multipv 1 score cp -43 nodes 913366 nps 738371 hashfull 328 tbhits 0 time 1237 pv a7a6 b2b3 b8d7 c1b2 b7b5 c4e2 c8b7 a2a4 b5b4 b1d2 f8e7 a1c1 a8c8 d2c4 e8g8 f3e5 c5d4 b2d4 d7e5 d4e5 f6d5 e2f3 e7f6 e5d6 d5c3 f3b7 c3d1
Position; fen rnbqkbnr/ppp1pppp/8/3p4/2PP4/8/PP2PPPP/RNBQKBNR b KQkq - 0 2
Moves; d5c4 g1f3 e7e6 e2e3 g8f6 f1c4 c7c5 e1g1
Warning; Bestmove does not match beginning of last PV - move g1g2 from SF_2800
Info; info depth 16 seldepth 36 multipv 1 score cp -136 nodes 913747 nps 721759 hashfull 325 tbhits 0 time 1266 pv a1c1 g7g5 a4c4 e6c4 c1c4 e5e4 f3e1 f5f4 g3f4 g5f4 e3c1 c6d4 g1f1 b6b5 c4c3 e4e3
Position; fen rnbqkbnr/pppppppp/8/8/8/6P1/PPPPPP1P/RNBQKBNR b KQkq - 0 1
Moves; e7e5 c2c4 g8f6 a2a3 c7c5 f1g2 d7d5 d1a4 b8c6 c4d5 f6d5 b1c3 c8e6 d2d3 f8e7 g2d5 e6d5 c3d5 d8d5 g1f3 e8g8 a4e4 d5e6 e1g1 f7f5 e4a4 a8d8 f1d1 h7h6 c1e3 b7b6
Warning; Bestmove does not match beginning of last PV - move b8d7 from SF_2900
Info; info depth 16 seldepth 40 multipv 1 score cp -130 nodes 563321 nps 981395 hashfull 212 tbhits 0 time 574 pv d8d7 a4d7 b8d7 g2d5 a8c8 d5b7 c8c2 c1e3 f8g7 e1g1 e8g8 a1b1 f8b8 b7e4 g8h8
Position; fen rnbqkb1r/pppppppp/5n2/8/3P4/5N2/PPP1PPPP/RNBQKB1R b KQkq - 2 2
Moves; b7b6 g2g3 c8b7 c2c4 b7f3 e2f3 a7a5 f1g2 c7c6 f3f4 d7d5 b1c3 g7g6 c4d5 c6d5 c3d5 f6d5 d1a4
Warning; Bestmove does not match beginning of last PV - move f7g6 from SF_2800
Info; info depth 12 seldepth 15 multipv 1 score cp -146 nodes 24731 nps 824366 hashfull 6 tbhits 0 time 30 pv b8b4 g6f7 g8f7 d1f3 b4b2 f3h5 f7g8 c3d3 d5e4 d3g3 g8h8 e1e4 d8d2
Position; fen rnbqkbnr/pppppppp/8/8/8/6P1/PPPPPP1P/RNBQKBNR b KQkq - 0 1
Moves; d7d5 g1f3 g8f6 f1g2 g7g6 d2d4 f8g7 c2c4 c7c6 e1g1 e8g8 d1b3 h7h6 b1c3 d5c4 b3c4 a7a5 c4d3 a5a4 f1d1 c8e6 e2e4 d8b6 d3c2 b8a6 h2h3 f8d8 c1e3 b6a5 c2c1 g6g5 e3d2 d8d7 e4e5 f6e8 d1e1 a8d8 a2a3 g7f8 c3e4 a5c7 h3h4 c6c5 h4g5 c5d4 g5h6 c7c1 a1c1 e8c7 f3h4 d8b8 g2f3 d4d3 f3d1 b7b5 c1c3 d7d8 g3g4 b5b4 a3b4 e6d5 g4g5 c7e6 g5g6
Warning; Bestmove does not match beginning of last PV - move a1c1 from SF_2900
Info; info depth 17 seldepth 33 multipv 1 score cp -17 nodes 1636231 nps 761037 hashfull 525 tbhits 0 time 2150 pv d1c2 c8d7 c3e4 d6e5 d2b4 f8e8 a1d1 f6e4 c2e4 d8c7 c4d3 f7f5 e4h4 e5f6 h4g3 c7g3 h2g3 b8a6 b4c3 d7a4
Position; fen rnbqkb1r/pppppppp/5n2/8/3P4/5N2/PPP1PPPP/RNBQKB1R b KQkq - 2 2
Moves; d7d5 c2c4 e7e6 c1g5 f8b4 b1c3 h7h6 g5d2 d5c4 e2e3 c7c5 f1c4 e8g8 a2a3 c5d4 f3d4 b4d6
Warning; Bestmove does not match beginning of last PV - move e3d2 from SF_2800
Info; info depth 18 seldepth 38 multipv 1 score cp -131 nodes 861229 nps 841043 hashfull 312 tbhits 0 time 1024 pv g3f4 e5f4 e3d2 g5g4 h3g4 d8d4 a4b5 e6g4 g2h1 g4h5 f3h2 f4f3 b5c6
Position; fen rnbqkbnr/pppppppp/8/8/8/6P1/PPPPPP1P/RNBQKBNR b KQkq - 0 1
Moves; e7e5 c2c4 g8f6 a2a3 c7c5 f1g2 d7d5 d1a4 b8c6 c4d5 f6d5 b1c3 c8e6 d2d3 f8e7 g2d5 e6d5 c3d5 d8d5 g1f3 e8g8 a4e4 d5e6 e1g1 f7f5 e4a4 a8d8 f1d1 h7h6 c1e3 b7b6 g1g2 g7g5 h2h3 f5f4
Warning; Bestmove does not match beginning of last PV - move e7e6 from SF_2900
Info; info depth 19 seldepth 31 multipv 1 score cp -192 nodes 1131675 nps 759513 hashfull 412 tbhits 0 time 1490 pv f8g7 a4b5 e7e6 d5c6 e8g8 d4d5 e6d5 a1d1 d5d4 e3d4 g7d4 d1d4 d8e7 e1f1 d7b8 c6f3 e7c5 b5c5 b6c5 d4d2 a7d7 d2d7 b8d7 f1g2 f8b8 h1d1
Position; fen rnbqkb1r/pppppppp/5n2/8/3P4/5N2/PPP1PPPP/RNBQKB1R b KQkq - 2 2
Moves; b7b6 g2g3 c8b7 c2c4 b7f3 e2f3 a7a5 f1g2 c7c6 f3f4 d7d5 b1c3 g7g6 c4d5 c6d5 c3d5 f6d5 d1a4 b8d7 g2d5 a8a7 c1e3
Warning; Bestmove does not match beginning of last PV - move d5c4 from SF_2800
Info; info depth 12 seldepth 17 multipv 1 score cp -205 nodes 28784 nps 1107076 hashfull 9 tbhits 0 time 26 pv d4c2 d3d5 d8d5 g4e6 g8h7 e6d5 c2e1 e4g5 h7h6
Position; fen rnbqkbnr/pppppppp/8/8/8/6P1/PPPPPP1P/RNBQKBNR b KQkq - 0 1
Moves; d7d5 g1f3 g8f6 f1g2 g7g6 d2d4 f8g7 c2c4 c7c6 e1g1 e8g8 d1b3 h7h6 b1c3 d5c4 b3c4 a7a5 c4d3 a5a4 f1d1 c8e6 e2e4 d8b6 d3c2 b8a6 h2h3 f8d8 c1e3 b6a5 c2c1 g6g5 e3d2 d8d7 e4e5 f6e8 d1e1 a8d8 a2a3 g7f8 c3e4 a5c7 h3h4 c6c5 h4g5 c5d4 g5h6 c7c1 a1c1 e8c7 f3h4 d8b8 g2f3 d4d3 f3d1 b7b5 c1c3 d7d8 g3g4 b5b4 a3b4 e6d5 g4g5 c7e6 g5g6 f7g6 d1g4 e6d4 c3d3
Warning; Bestmove does not match beginning of last PV - move c4b3 from SF_2900
Info; info depth 16 seldepth 36 multipv 1 score cp -11 nodes 487670 nps 794250 hashfull 179 tbhits 0 time 614 pv c4d3 a8a7 c3e4 a7c7 e4f6 d8f6 d2c3 f6e7 e1g1 c8b7 h2h3 f8c8 f1d1 b8d7 d3e4 b7e4 c2e4 d6a3 b2a3 c7c3 c1c3 c8c3 e4a8 d7f8
Position; fen rnbqkb1r/pppppppp/5n2/8/3P4/5N2/PPP1PPPP/RNBQKB1R b KQkq - 2 2
Moves; d7d5 c2c4 e7e6 c1g5 f8b4 b1c3 h7h6 g5d2 d5c4 e2e3 c7c5 f1c4 e8g8 a2a3 c5d4 f3d4 b4d6 a1c1 a7a6 d1c2 b7b5
Warning; Bestmove does not match beginning of last PV - move c1d1 from SF_2900
Info; info depth 16 seldepth 19 multipv 1 score cp -59 nodes 588810 nps 769686 hashfull 179 tbhits 0 time 765 pv e1g1 b8d7 f2f3 d8c7 g1h1 a8c8 b3e6 f7e6 d4e6 c7c4 e6f8 d6f8 e3e4 d7e5 d2e3
Position; fen rnbqkb1r/pppppppp/5n2/8/3P4/5N2/PPP1PPPP/RNBQKB1R b KQkq - 2 2
Moves; d7d5 c2c4 e7e6 c1g5 f8b4 b1c3 h7h6 g5d2 d5c4 e2e3 c7c5 f1c4 e8g8 a2a3 c5d4 f3d4 b4d6 a1c1 a7a6 d1c2 b7b5 c4b3 c8b7
Warning; Bestmove does not match beginning of last PV - move f8d6 from SF_2900
Info; info depth 18 seldepth 31 multipv 1 score cp -211 nodes 996545 nps 785299 hashfull 370 tbhits 0 time 1269 pv f8e7 e1g1 e8g8 a1c1 d7f6 c1c6 d8d7 a4b5 a7b7 f4f5 g6f5 e3h6 f8d8 b5e5 f6e8 e5e3 b7c7 d4d5 e6d5 c6b6 d5d4 e3d3
Position; fen rnbqkb1r/pppppppp/5n2/8/3P4/5N2/PPP1PPPP/RNBQKB1R b KQkq - 2 2
Moves; b7b6 g2g3 c8b7 c2c4 b7f3 e2f3 a7a5 f1g2 c7c6 f3f4 d7d5 b1c3 g7g6 c4d5 c6d5 c3d5 f6d5 d1a4 b8d7 g2d5 a8a7 c1e3 e7e6 d5f3
Warning; Bestmove does not match beginning of last PV - move c5a7 from SF_3000
Info; info depth 16 seldepth 26 multipv 1 score cp -25 nodes 521774 nps 767314 hashfull 184 tbhits 0 time 680 pv c5d6 b1d2 e6e5 c4d3 d8e7 d2e4 f6e4 d3e4 c8g4 h2h3 g4h5 e2c2 h5g6 e4g6 h7g6 c1b2
Position; fen rnbqkbnr/ppp1pppp/8/3p4/2PP4/8/PP2PPPP/RNBQKBNR b KQkq - 0 2
Moves; d5c4 g1f3 e7e6 e2e3 g8f6 f1c4 c7c5 e1g1 b8c6 d1e2 a7a6 d4c5 f8c5 a2a3 e8g8 b2b4
Warning; Bestmove does not match beginning of last PV - move h7h5 from SF_2900
Info; info depth 16 seldepth 30 multipv 1 score cp -250 nodes 286191 nps 759127 hashfull 104 tbhits 0 time 377 pv e8g8 f1d1 d7f6 d4d5 e6d5 a1c1 a7e7 a4b3 d6c5 e3c5 b6c5 c1c5 d8b8 c5b5 b8a7 g1g2 a5a4 b3c3
Position; fen rnbqkb1r/pppppppp/5n2/8/3P4/5N2/PPP1PPPP/RNBQKB1R b KQkq - 2 2
Moves; b7b6 g2g3 c8b7 c2c4 b7f3 e2f3 a7a5 f1g2 c7c6 f3f4 d7d5 b1c3 g7g6 c4d5 c6d5 c3d5 f6d5 d1a4 b8d7 g2d5 a8a7 c1e3 e7e6 d5f3 f8d6 e1g1
Warning; Bestmove does not match beginning of last PV - move a4a3 from SF_2800
Info; info depth 12 seldepth 22 multipv 1 score cp -276 nodes 42905 nps 975113 hashfull 14 tbhits 0 time 44 pv b4c2 h4g6 g8h7 e4g5 h7h6 g5f7 h6h7 f7d8 f8h6 g6f8 h6f8 h5g6 h7h8 g6c2 d4c2 e1e4 b8d8
Position; fen rnbqkbnr/pppppppp/8/8/8/6P1/PPPPPP1P/RNBQKBNR b KQkq - 0 1
Moves; d7d5 g1f3 g8f6 f1g2 g7g6 d2d4 f8g7 c2c4 c7c6 e1g1 e8g8 d1b3 h7h6 b1c3 d5c4 b3c4 a7a5 c4d3 a5a4 f1d1 c8e6 e2e4 d8b6 d3c2 b8a6 h2h3 f8d8 c1e3 b6a5 c2c1 g6g5 e3d2 d8d7 e4e5 f6e8 d1e1 a8d8 a2a3 g7f8 c3e4 a5c7 h3h4 c6c5 h4g5 c5d4 g5h6 c7c1 a1c1 e8c7 f3h4 d8b8 g2f3 d4d3 f3d1 b7b5 c1c3 d7d8 g3g4 b5b4 a3b4 e6d5 g4g5 c7e6 g5g6 f7g6 d1g4 e6d4 c3d3 d5c4 d3g3 a6b4 g4h5
Warning; Bestmove does not match beginning of last PV - move d4c6 from SF_2900
Info; info depth 15 seldepth 27 multipv 1 score cp -111 nodes 613108 nps 742261 hashfull 235 tbhits 0 time 826 pv e1g1 d8e7 c3e4 f6e4 c2e4 c6a5 e4g4 a5b3 d4b3 b7d5
Position; fen rnbqkb1r/pppppppp/5n2/8/3P4/5N2/PPP1PPPP/RNBQKB1R b KQkq - 2 2
Moves; d7d5 c2c4 e7e6 c1g5 f8b4 b1c3 h7h6 g5d2 d5c4 e2e3 c7c5 f1c4 e8g8 a2a3 c5d4 f3d4 b4d6 a1c1 a7a6 d1c2 b7b5 c4b3 c8b7 c1d1 b8c6
Warning; Bestmove does not match beginning of last PV - move d1e1 from SF_2800
Info; info depth 17 seldepth 37 multipv 1 score cp -187 nodes 598337 nps 883806 hashfull 203 tbhits 0 time 677 pv d1f1 f4g3 e2e4 d4e3 f2e3 f8d8 a3a4 h6h5 g2g3 a7a6 g3g2 b6b5 a4b5 a6b5 a1a6 e6a6 c4e4 a6h6 e4e7 d5d7 e7c5 d7d3
Position; fen rnbqkbnr/pppppppp/8/8/8/6P1/PPPPPP1P/RNBQKBNR b KQkq - 0 1
Moves; e7e5 c2c4 g8f6 a2a3 c7c5 f1g2 d7d5 d1a4 b8c6 c4d5 f6d5 b1c3 c8e6 d2d3 f8e7 g2d5 e6d5 c3d5 d8d5 g1f3 e8g8 a4e4 d5e6 e1g1 f7f5 e4a4 a8d8 f1d1 h7h6 c1e3 b7b6 g1g2 g7g5 h2h3 f5f4 e3d2 c6d4 f3d4 e5d4 a4c4 d8d5
Warning; Bestmove does not match beginning of last PV - move c8d7 from SF_3000
Info; info depth 19 seldepth 27 multipv 1 score cp -46 nodes 1227274 nps 737544 hashfull 438 tbhits 0 time 1664 pv d8e7 b1c3 c8d7 f1d1 a8d8 e2c2 a7b8 c3e4 f6e4 c2e4 e6e5 a1c1 g8h8 c4d5 f7f6 h2h3 e7e8 e4c4 d8c8 c4h4 d7f5
Position; fen rnbqkbnr/ppp1pppp/8/3p4/2PP4/8/PP2PPPP/RNBQKBNR b KQkq - 0 2
Moves; d5c4 g1f3 e7e6 e2e3 g8f6 f1c4 c7c5 e1g1 b8c6 d1e2 a7a6 d4c5 f8c5 a2a3 e8g8 b2b4 c5a7 c1b2
Warning; Bestmove does not match beginning of last PV - move g8h7 from SF_2800
Info; info depth 12 seldepth 14 multipv 1 score cp -358 nodes 49677 nps 1211634 hashfull 20 tbhits 0 time 41 pv f8h6 g6e7 g8f8 e7g6 f8g7 g6h4 g7h8 d2h6 h8h7 b2a3 h7h6
Position; fen rnbqkbnr/pppppppp/8/8/8/6P1/PPPPPP1P/RNBQKBNR b KQkq - 0 1
Moves; d7d5 g1f3 g8f6 f1g2 g7g6 d2d4 f8g7 c2c4 c7c6 e1g1 e8g8 d1b3 h7h6 b1c3 d5c4 b3c4 a7a5 c4d3 a5a4 f1d1 c8e6 e2e4 d8b6 d3c2 b8a6 h2h3 f8d8 c1e3 b6a5 c2c1 g6g5 e3d2 d8d7 e4e5 f6e8 d1e1 a8d8 a2a3 g7f8 c3e4 a5c7 h3h4 c6c5 h4g5 c5d4 g5h6 c7c1 a1c1 e8c7 f3h4 d8b8 g2f3 d4d3 f3d1 b7b5 c1c3 d7d8 g3g4 b5b4 a3b4 e6d5 g4g5 c7e6 g5g6 f7g6 d1g4 e6d4 c3d3 d5c4 d3g3 a6b4 g4h5 a4a3 h4g6
Warning; Bestmove does not match beginning of last PV - move e3e4 from SF_2900
Info; info depth 17 seldepth 35 multipv 1 score cp -174 nodes 1159995 nps 734639 hashfull 440 tbhits 0 time 1579 pv e1g1 a8c8 d2c1 d8c7 f2f4 a6a5 c2e2 c7b8 a3a4 b5a4 b3a4 c6a4 c3a4 f6d5 h2h3 b8b3 a4c3 d5c3 b2c3 f8d8 c1b2 d6c5 g1h2
Position; fen rnbqkb1r/pppppppp/5n2/8/3P4/5N2/PPP1PPPP/RNBQKB1R b KQkq - 2 2
Moves; d7d5 c2c4 e7e6 c1g5 f8b4 b1c3 h7h6 g5d2 d5c4 e2e3 c7c5 f1c4 e8g8 a2a3 c5d4 f3d4 b4d6 a1c1 a7a6 d1c2 b7b5 c4b3 c8b7 c1d1 b8c6 d4c6 b7c6
Warning; Bestmove does not match beginning of last PV - move e8e7 from SF_2900
Info; info depth 18 seldepth 28 multipv 1 score cp -258 nodes 734499 nps 759564 hashfull 284 tbhits 0 time 967 pv d8b8 f4e5 d6e5 d5d6 e8g8 a1d1 f8c8 c6d5 e5b2 d1b1 b2a3 e3f4 a3c5 f1e1 c8e8 b1d1
Position; fen rnbqkb1r/pppppppp/5n2/8/3P4/5N2/PPP1PPPP/RNBQKB1R b KQkq - 2 2
Moves; b7b6 g2g3 c8b7 c2c4 b7f3 e2f3 a7a5 f1g2 c7c6 f3f4 d7d5 b1c3 g7g6 c4d5 c6d5 c3d5 f6d5 d1a4 b8d7 g2d5 a8a7 c1e3 e7e6 d5f3 f8d6 e1g1 h7h5 d4d5 e6e5 a4c6
Warning; Bestmove does not match beginning of last PV - move a1c1 from SF_2800
Info; info depth 13 seldepth 21 multipv 1 score cp -108 nodes 197188 nps 785609 hashfull 70 tbhits 0 time 251 pv b2b4 d5e5 g3g4 f8e8 a1c1 e7d8 b4c5 b6c5 g2f1 h6h5 c1b1 h5g4 h3g4 d8b6 f1f2
Position; fen rnbqkbnr/pppppppp/8/8/8/6P1/PPPPPP1P/RNBQKBNR b KQkq - 0 1
Moves; e7e5 c2c4 g8f6 a2a3 c7c5 f1g2 d7d5 d1a4 b8c6 c4d5 f6d5 b1c3 c8e6 d2d3 f8e7 g2d5 e6d5 c3d5 d8d5 g1f3 e8g8 a4e4 d5e6 e1g1 f7f5 e4a4 a8d8 f1d1 h7h6 c1e3 b7b6 g1g2 g7g5 h2h3 f5f4 e3d2 c6d4 f3d4 e5d4 a4c4 d8d5 d1e1 g8g7 f2f3 e6d7
Warning; Bestmove does not match beginning of last PV - move d8b8 from SF_2900
Info; info depth 17 seldepth 31 multipv 1 score cp -321 nodes 654892 nps 839605 hashfull 251 tbhits 0 time 780 pv a7c7 e3b6 d7b6 c6b6 f7f6 f4e5 f6e5 b6a5 e7f7 a5a6 f7g7 f3e4 h8f8 e1c1 h5h4 c1c7 d8c7 b2b3 c7d7 a6c6 d7e7 g1g2
Position; fen rnbqkb1r/pppppppp/5n2/8/3P4/5N2/PPP1PPPP/RNBQKB1R b KQkq - 2 2
Moves; b7b6 g2g3 c8b7 c2c4 b7f3 e2f3 a7a5 f1g2 c7c6 f3f4 d7d5 b1c3 g7g6 c4d5 c6d5 c3d5 f6d5 d1a4 b8d7 g2d5 a8a7 c1e3 e7e6 d5f3 f8d6 e1g1 h7h5 d4d5 e6e5 a4c6 e8e7 a1e1
Warning; Bestmove does not match beginning of last PV - move d6e5 from SF_2900
Info; info depth 17 seldepth 32 multipv 1 score cp -412 nodes 569354 nps 837285 hashfull 237 tbhits 0 time 680 pv d7e5 e3b6 f7f6 b6a7 b8a7 h2h4 a7b8 c6c2 e7f7 g1g2 f7g7 e1e3 g6g5 h4g5 h5h4 c2f5 h4g3 g5f6 g7f8 f2g3 b8b2 e3e2
Position; fen rnbqkb1r/pppppppp/5n2/8/3P4/5N2/PPP1PPPP/RNBQKB1R b KQkq - 2 2
Moves; b7b6 g2g3 c8b7 c2c4 b7f3 e2f3 a7a5 f1g2 c7c6 f3f4 d7d5 b1c3 g7g6 c4d5 c6d5 c3d5 f6d5 d1a4 b8d7 g2d5 a8a7 c1e3 e7e6 d5f3 f8d6 e1g1 h7h5 d4d5 e6e5 a4c6 e8e7 a1e1 d8b8 f4e5
Warning; Bestmove does not match beginning of last PV - move e1e3 from SF_2800
Info; info depth 16 seldepth 30 multipv 1 score cp -61 nodes 361869 nps 911508 hashfull 132 tbhits 0 time 397 pv d2c3 g7g6 e1e3 f8f4 e3e7 f4c4 e7d7 c4c3 d7d5
Position; fen rnbqkbnr/pppppppp/8/8/8/6P1/PPPPPP1P/RNBQKBNR b KQkq - 0 1
Moves; e7e5 c2c4 g8f6 a2a3 c7c5 f1g2 d7d5 d1a4 b8c6 c4d5 f6d5 b1c3 c8e6 d2d3 f8e7 g2d5 e6d5 c3d5 d8d5 g1f3 e8g8 a4e4 d5e6 e1g1 f7f5 e4a4 a8d8 f1d1 h7h6 c1e3 b7b6 g1g2 g7g5 h2h3 f5f4 e3d2 c6d4 f3d4 e5d4 a4c4 d8d5 d1e1 g8g7 f2f3 e6d7 a1c1 f4g3 e2e4 d4e3
Warning; Bestmove does not match beginning of last PV - move c4b3 from SF_2800
Info; info depth 13 seldepth 16 multipv 1 score cp -78 nodes 179440 nps 910862 hashfull 64 tbhits 0 time 197 pv d2c3 f6d4 c1e1 d7f5 g2g3 g7g6 c3d4 c5d4 c4c6 g6h5 e3e6 f5f4 g3g2 f4f3 g2h2
Position; fen rnbqkbnr/pppppppp/8/8/8/6P1/PPPPPP1P/RNBQKBNR b KQkq - 0 1
Moves; e7e5 c2c4 g8f6 a2a3 c7c5 f1g2 d7d5 d1a4 b8c6 c4d5 f6d5 b1c3 c8e6 d2d3 f8e7 g2d5 e6d5 c3d5 d8d5 g1f3 e8g8 a4e4 d5e6 e1g1 f7f5 e4a4 a8d8 f1d1 h7h6 c1e3 b7b6 g1g2 g7g5 h2h3 f5f4 e3d2 c6d4 f3d4 e5d4 a4c4 d8d5 d1e1 g8g7 f2f3 e6d7 a1c1 f4g3 e2e4 d4e3 e1e3 e7f6
Warning; Bestmove does not match beginning of last PV - move b8d6 from SF_2900
Info; info depth 14 seldepth 22 multipv 1 score cp -409 nodes 183286 nps 793445 hashfull 65 tbhits 0 time 231 pv f7f6 g5d2 h5h4 f1e1 a7c7 c6e6 d7c5 e6f5 c7f7 f3h5 h4g3 f2g3
Position; fen rnbqkb1r/pppppppp/5n2/8/3P4/5N2/PPP1PPPP/RNBQKB1R b KQkq - 2 2
Moves; b7b6 g2g3 c8b7 c2c4 b7f3 e2f3 a7a5 f1g2 c7c6 f3f4 d7d5 b1c3 g7g6 c4d5 c6d5 c3d5 f6d5 d1a4 b8d7 g2d5 a8a7 c1e3 e7e6 d5f3 f8d6 e1g1 h7h5 d4d5 e6e5 a4c6 e8e7 a1e1 d8b8 f4e5 d6e5 e3f4 g6g5 f4g5 e7f8 e1e2
Warning; Bestmove does not match beginning of last PV - move c3a2 from SF_2900
Info; info depth 14 seldepth 51 multipv 1 score cp -206 nodes 243567 nps 876140 hashfull 95 tbhits 0 time 278 pv a3b4 a5b4 c3a2 c6b5 f2d4 e5g5 d4d2 g5h4 g2g3 h4h5 e1f2 c8d8 d2c2 f6d7 h2h4
Position; fen rnbqkb1r/pppppppp/5n2/8/3P4/5N2/PPP1PPPP/RNBQKB1R b KQkq - 2 2
Moves; d7d5 c2c4 e7e6 c1g5 f8b4 b1c3 h7h6 g5d2 d5c4 e2e3 c7c5 f1c4 e8g8 a2a3 c5d4 f3d4 b4d6 a1c1 a7a6 d1c2 b7b5 c4b3 c8b7 c1d1 b8c6 d4c6 b7c6 e3e4 d8b8 d2e3 d6e5 f2f3 f8c8 e3d4 a6a5 d4e5 b8e5 c2f2 b5b4
Warning; Bestmove does not match beginning of last PV - move e6e5 from SF_3000
Info; info depth 17 seldepth 22 multipv 1 score cp -43 nodes 533841 nps 736332 hashfull 204 tbhits 0 time 725 pv a7b8 h2h3 d7e8 d1d8 e7d8 e2c2 h7h6 c1d1 d8c7 c2c4 c8d8 d1c1 c7d6 c4c2 e8f7 e4c6 b7c6
Position; fen rnbqkbnr/ppp1pppp/8/3p4/2PP4/8/PP2PPPP/RNBQKBNR b KQkq - 0 2
Moves; d5c4 g1f3 e7e6 e2e3 g8f6 f1c4 c7c5 e1g1 b8c6 d1e2 a7a6 d4c5 f8c5 a2a3 e8g8 b2b4 c5a7 c1b2 c8d7 b1c3 d8e7 f1d1 f8d8 c4d3 a8c8 c3e4 f6e4 d3e4 f7f6 a1c1
Warning; Bestmove does not match beginning of last PV - move h7h8 from SF_2800
Info; info depth 24 seldepth 50 multipv 1 score cp -527 nodes 5882726 nps 1401984 hashfull 983 tbhits 0 time 4196 pv d8f8 e6f8 b8f8 b2a3 b4c6 h5g6 h7h8 g6e4 f8g8 d2c3 g8g3 f2g3 h8g7 g1f2 g7f7 c3d4 c6d4 e1c1 c4b3 c1c5 f7e6 g3g4 b3d1 g4g5 d4b3 c5c6 e6e5 e4h7 e5f4 h7g8 d1c2
Position; fen rnbqkbnr/pppppppp/8/8/8/6P1/PPPPPP1P/RNBQKBNR b KQkq - 0 1
Moves; d7d5 g1f3 g8f6 f1g2 g7g6 d2d4 f8g7 c2c4 c7c6 e1g1 e8g8 d1b3 h7h6 b1c3 d5c4 b3c4 a7a5 c4d3 a5a4 f1d1 c8e6 e2e4 d8b6 d3c2 b8a6 h2h3 f8d8 c1e3 b6a5 c2c1 g6g5 e3d2 d8d7 e4e5 f6e8 d1e1 a8d8 a2a3 g7f8 c3e4 a5c7 h3h4 c6c5 h4g5 c5d4 g5h6 c7c1 a1c1 e8c7 f3h4 d8b8 g2f3 d4d3 f3d1 b7b5 c1c3 d7d8 g3g4 b5b4 a3b4 e6d5 g4g5 c7e6 g5g6 f7g6 d1g4 e6d4 c3d3 d5c4 d3g3 a6b4 g4h5 a4a3 h4g6 g8h7 e4g5 h7h6 g5e6 h6h7 g6f8
Warning; Bestmove does not match beginning of last PV - move a2c3 from SF_2900
Info; info depth 15 seldepth 33 multipv 1 score cp -403 nodes 264625 nps 925262 hashfull 94 tbhits 0 time 286 pv b2a3 a8b8 a2c1 c6b5 a3a4 b5a6 f2e3 e5b2 e3d2 b8b3 c1b3 b2b3 d1c1 b3b6
Position; fen rnbqkb1r/pppppppp/5n2/8/3P4/5N2/PPP1PPPP/RNBQKB1R b KQkq - 2 2
Moves; d7d5 c2c4 e7e6 c1g5 f8b4 b1c3 h7h6 g5d2 d5c4 e2e3 c7c5 f1c4 e8g8 a2a3 c5d4 f3d4 b4d6 a1c1 a7a6 d1c2 b7b5 c4b3 c8b7 c1d1 b8c6 d4c6 b7c6 e3e4 d8b8 d2e3 d6e5 f2f3 f8c8 e3d4 a6a5 d4e5 b8e5 c2f2 b5b4 c3a2 b4a3
Warning; Bestmove does not match beginning of last PV - move c1f1 from SF_2800
Info; info depth 14 seldepth 22 multipv 1 score cp -180 nodes 230977 nps 839916 hashfull 78 tbhits 0 time 275 pv c1e1 g6h5 d2c3 d5d3 b3c4 d3e3 e1e3 f6c3 c4c3 d7d4 g2g3 f8d8 b2b4 d4c3
Position; fen rnbqkbnr/pppppppp/8/8/8/6P1/PPPPPP1P/RNBQKBNR b KQkq - 0 1
Moves; e7e5 c2c4 g8f6 a2a3 c7c5 f1g2 d7d5 d1a4 b8c6 c4d5 f6d5 b1c3 c8e6 d2d3 f8e7 g2d5 e6d5 c3d5 d8d5 g1f3 e8g8 a4e4 d5e6 e1g1 f7f5 e4a4 a8d8 f1d1 h7h6 c1e3 b7b6 g1g2 g7g5 h2h3 f5f4 e3d2 c6d4 f3d4 e5d4 a4c4 d8d5 d1e1 g8g7 f2f3 e6d7 a1c1 f4g3 e2e4 d4e3 e1e3 e7f6 c4b3 g7g6
Warning; Bestmove does not match beginning of last PV - move b4c2 from SF_2800
Info; info depth 19 seldepth 34 multipv 1 score cp -620 nodes 3794614 nps 2335147 hashfull 837 tbhits 0 time 1625 pv d4f5 g3a3 b4c2 f8e6 c2a3 b2a3 f5g7 d8f7 h8g8 f7h6 g8h7 e6g7 h7g7 h5g4 c4d5 h6f5 g7f7 g4h5 f7e6 f5e3 b8g8 h5g4 e6e5 e3d5 e5d5
Position; fen rnbqkbnr/pppppppp/8/8/8/6P1/PPPPPP1P/RNBQKBNR b KQkq - 0 1
Moves; d7d5 g1f3 g8f6 f1g2 g7g6 d2d4 f8g7 c2c4 c7c6 e1g1 e8g8 d1b3 h7h6 b1c3 d5c4 b3c4 a7a5 c4d3 a5a4 f1d1 c8e6 e2e4 d8b6 d3c2 b8a6 h2h3 f8d8 c1e3 b6a5 c2c1 g6g5 e3d2 d8d7 e4e5 f6e8 d1e1 a8d8 a2a3 g7f8 c3e4 a5c7 h3h4 c6c5 h4g5 c5d4 g5h6 c7c1 a1c1 e8c7 f3h4 d8b8 g2f3 d4d3 f3d1 b7b5 c1c3 d7d8 g3g4 b5b4 a3b4 e6d5 g4g5 c7e6 g5g6 f7g6 d1g4 e6d4 c3d3 d5c4 d3g3 a6b4 g4h5 a4a3 h4g6 g8h7 e4g5 h7h6 g5e6 h6h7 g6f8 h7h8 e6d8
Warning; Bestmove does not match beginning of last PV - move e8f7 from SF_3000
Info; info depth 15 seldepth 32 multipv 1 score cp -59 nodes 436051 nps 835346 hashfull 150 tbhits 0 time 522 pv g8h8 c4c2 e7f7 d1d8 c8d8 f3d2 a7b8 d2b3 b8d6 c1d1 d6c7 d1d3 h7h6 b3c5 c7d6 d3d2 f7e7
Position; fen rnbqkbnr/ppp1pppp/8/3p4/2PP4/8/PP2PPPP/RNBQKBNR b KQkq - 0 2
Moves; d5c4 g1f3 e7e6 e2e3 g8f6 f1c4 c7c5 e1g1 b8c6 d1e2 a7a6 d4c5 f8c5 a2a3 e8g8 b2b4 c5a7 c1b2 c8d7 b1c3 d8e7 f1d1 f8d8 c4d3 a8c8 c3e4 f6e4 d3e4 f7f6 a1c1 e6e5 h2h3 d7e8 e2c4
Warning; Bestmove does not match beginning of last PV - move b2a3 from SF_2900
Info; info depth 16 seldepth 27 multipv 1 score cp -591 nodes 419439 nps 1525232 hashfull 169 tbhits 0 time 275 pv d1d4 b3b2 f2e3 c6g2 h1c1 g2b7 d4a4 b2h2 a4a5 h2h3 e3d4 b7f3 a5a3
Position; fen rnbqkb1r/pppppppp/5n2/8/3P4/5N2/PPP1PPPP/RNBQKB1R b KQkq - 2 2
Moves; d7d5 c2c4 e7e6 c1g5 f8b4 b1c3 h7h6 g5d2 d5c4 e2e3 c7c5 f1c4 e8g8 a2a3 c5d4 f3d4 b4d6 a1c1 a7a6 d1c2 b7b5 c4b3 c8b7 c1d1 b8c6 d4c6 b7c6 e3e4 d8b8 d2e3 d6e5 f2f3 f8c8 e3d4 a6a5 d4e5 b8e5 c2f2 b5b4 c3a2 b4a3 a2c3 a8b8 f3f4 f6e4 f4e5 e4f2 e1f2 b8b3
Warning; Bestmove does not match beginning of last PV - move h7h6 from SF_3000
Info; info depth 16 seldepth 28 multipv 1 score cp -43 nodes 587253 nps 816763 hashfull 197 tbhits 0 time 719 pv d8d1 c2d1 e7e6 g2g4 g7g6 d1e2 a7b8 b4b5 a6b5 e2b5 e6b3
Position; fen rnbqkbnr/ppp1pppp/8/3p4/2PP4/8/PP2PPPP/RNBQKBNR b KQkq - 0 2
Moves; d5c4 g1f3 e7e6 e2e3 g8f6 f1c4 c7c5 e1g1 b8c6 d1e2 a7a6 d4c5 f8c5 a2a3 e8g8 b2b4 c5a7 c1b2 c8d7 b1c3 d8e7 f1d1 f8d8 c4d3 a8c8 c3e4 f6e4 d3e4 f7f6 a1c1 e6e5 h2h3 d7e8 e2c4 e8f7 c4c2
Warning; Bestmove does not match beginning of last PV - move h5h4 from SF_2900
Info; info depth 15 seldepth 44 multipv 1 score cp -532 nodes 322672 nps 1409048 hashfull 124 tbhits 0 time 229 pv f7f6 g5f4 f6e5 f4e5 g7g8 f3d5 g8h7 d5e4 h7g8 c6c7 g8f7 e5h8 a7c7 h8c3 c7d7
Position; fen rnbqkb1r/pppppppp/5n2/8/3P4/5N2/PPP1PPPP/RNBQKB1R b KQkq - 2 2
Moves; b7b6 g2g3 c8b7 c2c4 b7f3 e2f3 a7a5 f1g2 c7c6 f3f4 d7d5 b1c3 g7g6 c4d5 c6d5 c3d5 f6d5 d1a4 b8d7 g2d5 a8a7 c1e3 e7e6 d5f3 f8d6 e1g1 h7h5 d4d5 e6e5 a4c6 e8e7 a1e1 d8b8 f4e5 d6e5 e3f4 g6g5 f4g5 e7f8 e1e2 b8d6 f1e1 f8g7 e2e5 d6c6 d5c6 d7e5 e1e5
Warning; Bestmove does not match beginning of last PV - move g8h7 from SF_2800
Info; info depth 19 seldepth 40 multipv 1 score cp -577 nodes 2222046 nps 2182756 hashfull 659 tbhits 0 time 1018 pv c2e1 g6e7 g8h8 d2e1 b8d8 g1h2 c4e2 h5e2 d4e2 g3e3 e2d4 e1c3 d4e6 e3h3 h8g7 a3a4 g7f7 h3h7 e6g7 c3b4 d8d4 e7c6 d4f4
Position; fen rnbqkbnr/pppppppp/8/8/8/6P1/PPPPPP1P/RNBQKBNR b KQkq - 0 1
Moves; d7d5 g1f3 g8f6 f1g2 g7g6 d2d4 f8g7 c2c4 c7c6 e1g1 e8g8 d1b3 h7h6 b1c3 d5c4 b3c4 a7a5 c4d3 a5a4 f1d1 c8e6 e2e4 d8b6 d3c2 b8a6 h2h3 f8d8 c1e3 b6a5 c2c1 g6g5 e3d2 d8d7 e4e5 f6e8 d1e1 a8d8 a2a3 g7f8 c3e4 a5c7 h3h4 c6c5 h4g5 c5d4 g5h6 c7c1 a1c1 e8c7 f3h4 d8b8 g2f3 d4d3 f3d1 b7b5 c1c3 d7d8 g3g4 b5b4 a3b4 e6d5 g4g5 c7e6 g5g6 f7g6 d1g4 e6d4 c3d3 d5c4 d3g3 a6b4 g4h5 a4a3 h4g6 g8h7 e4g5 h7h6 g5e6 h6h7 g6f8 h7h8 e6d8 b4c2 f8g6 h8g8 b2a3
Warning; Bestmove does not match beginning of last PV - move f7f6 from SF_2900
Info; info depth 13 seldepth 16 multipv 1 score cp -626 nodes 113268 nps 1716181 hashfull 43 tbhits 0 time 66 pv h8c8 g1g2 a7c7 e5g5 g7f8 g2h3 c7c6 f3c6 c8c6 g3g4 f7f6 g5f5
Position; fen rnbqkb1r/pppppppp/5n2/8/3P4/5N2/PPP1PPPP/RNBQKB1R b KQkq - 2 2
Moves; b7b6 g2g3 c8b7 c2c4 b7f3 e2f3 a7a5 f1g2 c7c6 f3f4 d7d5 b1c3 g7g6 c4d5 c6d5 c3d5 f6d5 d1a4 b8d7 g2d5 a8a7 c1e3 e7e6 d5f3 f8d6 e1g1 h7h5 d4d5 e6e5 a4c6 e8e7 a1e1 d8b8 f4e5 d6e5 e3f4 g6g5 f4g5 e7f8 e1e2 b8d6 f1e1 f8g7 e2e5 d6c6 d5c6 d7e5 e1e5 h5h4 g5h4
Warning; Bestmove does not match beginning of last PV - move a7f7 from SF_2900
Info; info depth 14 seldepth 22 multipv 1 score cp -637 nodes 108500 nps 1750000 hashfull 32 tbhits 0 time 62 pv h8f8 e6d6 a7e7 g1g2 a5a4 f3d5 g7g6 g2f3 g6g7 f3f4 g7g6
Position; fen rnbqkb1r/pppppppp/5n2/8/3P4/5N2/PPP1PPPP/RNBQKB1R b KQkq - 2 2
Moves; b7b6 g2g3 c8b7 c2c4 b7f3 e2f3 a7a5 f1g2 c7c6 f3f4 d7d5 b1c3 g7g6 c4d5 c6d5 c3d5 f6d5 d1a4 b8d7 g2d5 a8a7 c1e3 e7e6 d5f3 f8d6 e1g1 h7h5 d4d5 e6e5 a4c6 e8e7 a1e1 d8b8 f4e5 d6e5 e3f4 g6g5 f4g5 e7f8 e1e2 b8d6 f1e1 f8g7 e2e5 d6c6 d5c6 d7e5 e1e5 h5h4 g5h4 f7f6 e5e6
Warning; Bestmove does not match beginning of last PV - move h2h3 from SF_2900
Info; info depth 14 seldepth 21 multipv 1 score cp -589 nodes 53510 nps 1981851 hashfull 15 tbhits 0 time 27 pv h1b1 c6e4 b1b6 h7g6 h2h3 c3a3 f2g1 a3d3 d2f2 e4f5 b6b7
Position; fen rnbqkb1r/pppppppp/5n2/8/3P4/5N2/PPP1PPPP/RNBQKB1R b KQkq - 2 2
Moves; d7d5 c2c4 e7e6 c1g5 f8b4 b1c3 h7h6 g5d2 d5c4 e2e3 c7c5 f1c4 e8g8 a2a3 c5d4 f3d4 b4d6 a1c1 a7a6 d1c2 b7b5 c4b3 c8b7 c1d1 b8c6 d4c6 b7c6 e3e4 d8b8 d2e3 d6e5 f2f3 f8c8 e3d4 a6a5 d4e5 b8e5 c2f2 b5b4 c3a2 b4a3 a2c3 a8b8 f3f4 f6e4 f4e5 e4f2 e1f2 b8b3 b2a3 b3c3 d1d2 g8h7
Warning; Bestmove does not match beginning of last PV - move a5a4 from SF_2900
Info; info depth 15 seldepth 22 multipv 1 score cp -665 nodes 111809 nps 1927741 hashfull 38 tbhits 0 time 58 pv h8h6 a2a4 f7c7 f3d5 c7a7 g1g2 a7e7 h2h3 e7c7 g2f3 c7e7
Position; fen rnbqkb1r/pppppppp/5n2/8/3P4/5N2/PPP1PPPP/RNBQKB1R b KQkq - 2 2
Moves; b7b6 g2g3 c8b7 c2c4 b7f3 e2f3 a7a5 f1g2 c7c6 f3f4 d7d5 b1c3 g7g6 c4d5 c6d5 c3d5 f6d5 d1a4 b8d7 g2d5 a8a7 c1e3 e7e6 d5f3 f8d6 e1g1 h7h5 d4d5 e6e5 a4c6 e8e7 a1e1 d8b8 f4e5 d6e5 e3f4 g6g5 f4g5 e7f8 e1e2 b8d6 f1e1 f8g7 e2e5 d6c6 d5c6 d7e5 e1e5 h5h4 g5h4 f7f6 e5e6 a7f7 e6d6
Finished game 7 (HiveChess vs SF_2900): 1-0 {White wins by adjudication}
Started game 10 of 1000 (SF_3000 vs HiveChess)
Warning; Bestmove does not match beginning of last PV - move d8d1 from SF_3000
Info; info depth 16 seldepth 37 multipv 1 score cp -128 nodes 489820 nps 838732 hashfull 159 tbhits 0 time 584 pv f7e6 e2g4 d8d1 c1d1 g7g6 f5h6 g8g7 e4f5 c8d8 d1d8 c6d8 f5e6 d8e6 h6f5 g7f7 f5h4 e6f8 g4d1 e8e6 h4f3 e6a2 d1c2 b7b5 g1f1 b8d6
Position; fen rnbqkbnr/ppp1pppp/8/3p4/2PP4/8/PP2PPPP/RNBQKBNR b KQkq - 0 2
Moves; d5c4 g1f3 e7e6 e2e3 g8f6 f1c4 c7c5 e1g1 b8c6 d1e2 a7a6 d4c5 f8c5 a2a3 e8g8 b2b4 c5a7 c1b2 c8d7 b1c3 d8e7 f1d1 f8d8 c4d3 a8c8 c3e4 f6e4 d3e4 f7f6 a1c1 e6e5 h2h3 d7e8 e2c4 e8f7 c4c2 h7h6 f3h4 e7e8 h4f5 a7b8 c2e2
Warning; Bestmove does not match beginning of last PV - move c1d1 from SF_2900
Info; info depth 12 seldepth 17 multipv 1 score cp -550 nodes 25370 nps 768787 hashfull 10 tbhits 0 time 33 pv c1c8 b7c8 h3h4 h6h5 d2c2 c8a6 c2c5 a5a4 c5a5 a3a2 f2g3
Position; fen rnbqkb1r/pppppppp/5n2/8/3P4/5N2/PPP1PPPP/RNBQKB1R b KQkq - 2 2
Moves; d7d5 c2c4 e7e6 c1g5 f8b4 b1c3 h7h6 g5d2 d5c4 e2e3 c7c5 f1c4 e8g8 a2a3 c5d4 f3d4 b4d6 a1c1 a7a6 d1c2 b7b5 c4b3 c8b7 c1d1 b8c6 d4c6 b7c6 e3e4 d8b8 d2e3 d6e5 f2f3 f8c8 e3d4 a6a5 d4e5 b8e5 c2f2 b5b4 c3a2 b4a3 a2c3 a8b8 f3f4 f6e4 f4e5 e4f2 e1f2 b8b3 b2a3 b3c3 d1d2 g8h7 h2h3 c3a3 h1c1 c6b7
Finished game 5 (HiveChess vs SF_2800): 1-0 {White wins by adjudication}
Started game 11 of 1000 (HiveChess vs SF_2600)
Warning; Bestmove does not match beginning of last PV - move f2g1 from SF_2900
Info; info depth 15 seldepth 20 multipv 1 score cp -582 nodes 104703 nps 1716442 hashfull 40 tbhits 0 time 61 pv d1f1 a5a4 f2g1 a3b3 f1f7 a4a3 f7a7 b3b2 d2d5 e6d5 a7a3 c8c2 e5e6 c2g2 g1f1
Position; fen rnbqkb1r/pppppppp/5n2/8/3P4/5N2/PPP1PPPP/RNBQKB1R b KQkq - 2 2
Moves; d7d5 c2c4 e7e6 c1g5 f8b4 b1c3 h7h6 g5d2 d5c4 e2e3 c7c5 f1c4 e8g8 a2a3 c5d4 f3d4 b4d6 a1c1 a7a6 d1c2 b7b5 c4b3 c8b7 c1d1 b8c6 d4c6 b7c6 e3e4 d8b8 d2e3 d6e5 f2f3 f8c8 e3d4 a6a5 d4e5 b8e5 c2f2 b5b4 c3a2 b4a3 a2c3 a8b8 f3f4 f6e4 f4e5 e4f2 e1f2 b8b3 b2a3 b3c3 d1d2 g8h7 h2h3 c3a3 h1c1 c6b7 c1d1 b7d5
Warning; Bestmove does not match beginning of last PV - move e1e2 from SF_2800
Info; info depth 9 seldepth 17 multipv 1 score cp -5 nodes 17501 nps 700040 hashfull 3 tbhits 0 time 25 pv b2b4 g5g4 h3g4 h5g5 e1e6 b5d3 e6e5 g5g4 d1d3 f3d3 d6g6 g4h4 g6h6 h4g4 h6g6 g4h4
Position; fen rnbqkbnr/pppppppp/8/8/8/6P1/PPPPPP1P/RNBQKBNR b KQkq - 0 1
Moves; e7e5 c2c4 g8f6 a2a3 c7c5 f1g2 d7d5 d1a4 b8c6 c4d5 f6d5 b1c3 c8e6 d2d3 f8e7 g2d5 e6d5 c3d5 d8d5 g1f3 e8g8 a4e4 d5e6 e1g1 f7f5 e4a4 a8d8 f1d1 h7h6 c1e3 b7b6 g1g2 g7g5 h2h3 f5f4 e3d2 c6d4 f3d4 e5d4 a4c4 d8d5 d1e1 g8g7 f2f3 e6d7 a1c1 f4g3 e2e4 d4e3 e1e3 e7f6 c4b3 g7g6 c1f1 f6d4 e3e4 d4h8 e4e3 g6h5 f1e1 d5f5 d2c3 h8d4 c3d4 c5d4 e3e6 f5f3 b3d1 d7b5 e6d6 f8f4
Warning; Bestmove does not match beginning of last PV - move d1d4 from SF_2900
Info; info depth 15 seldepth 25 multipv 1 score cp -599 nodes 129095 nps 2347181 hashfull 43 tbhits 0 time 55 pv d1f1 c8a8 g1f2 h7g8 f2e3
Position; fen rnbqkb1r/pppppppp/5n2/8/3P4/5N2/PPP1PPPP/RNBQKB1R b KQkq - 2 2
Moves; d7d5 c2c4 e7e6 c1g5 f8b4 b1c3 h7h6 g5d2 d5c4 e2e3 c7c5 f1c4 e8g8 a2a3 c5d4 f3d4 b4d6 a1c1 a7a6 d1c2 b7b5 c4b3 c8b7 c1d1 b8c6 d4c6 b7c6 e3e4 d8b8 d2e3 d6e5 f2f3 f8c8 e3d4 a6a5 d4e5 b8e5 c2f2 b5b4 c3a2 b4a3 a2c3 a8b8 f3f4 f6e4 f4e5 e4f2 e1f2 b8b3 b2a3 b3c3 d1d2 g8h7 h2h3 c3a3 h1c1 c6b7 c1d1 b7d5 f2g1 a3a2 d2a2 d5a2
Warning; Bestmove does not match beginning of last PV - move g8f8 from SF_3000
Info; info depth 11 seldepth 14 multipv 1 score cp -46 nodes 68501 nps 913346 hashfull 20 tbhits 0 time 75 pv f7e8 e4d5 g8f8 d5c6 b7c6 f5g3
Position; fen rnbqkbnr/ppp1pppp/8/3p4/2PP4/8/PP2PPPP/RNBQKBNR b KQkq - 0 2
Moves; d5c4 g1f3 e7e6 e2e3 g8f6 f1c4 c7c5 e1g1 b8c6 d1e2 a7a6 d4c5 f8c5 a2a3 e8g8 b2b4 c5a7 c1b2 c8d7 b1c3 d8e7 f1d1 f8d8 c4d3 a8c8 c3e4 f6e4 d3e4 f7f6 a1c1 e6e5 h2h3 d7e8 e2c4 e8f7 c4c2 h7h6 f3h4 e7e8 h4f5 a7b8 c2e2 d8d1 c1d1 h6h5 e2f3 c8d8 d1d8 e8d8 b2c3
Warning; Bestmove does not match beginning of last PV - move f8e7 from SF_2600
Info; info depth 17 seldepth 33 multipv 1 score cp -44 nodes 636453 nps 761307 hashfull 212 tbhits 0 time 836 pv c8f5 f1d3 d6d5 e1g1 f8e7 f1e1 e8g8 c2c4 b8c6 c4d5 d8d5 b1c3 e4c3 b2c3 f5d3 d1d3 d5d7 c1f4 a8e8 h2h4 e7f6 f3g5 f6g5 h4g5
Position; fen rnbqkb1r/pppp1ppp/5n2/4p3/4P3/5N2/PPPP1PPP/RNBQKB1R w KQkq - 2 3
Moves; f3e5 d7d6 e5f3 f6e4 d2d4
Warning; Bestmove does not match beginning of last PV - move e2e6 from SF_2800
Info; info depth 9 seldepth 14 multipv 1 score cp -91 nodes 29136 nps 619914 hashfull 5 tbhits 0 time 47 pv d6d4 f4d4 e2e4 d4e4 d1f3 g4g5 f3e4 b5f5 e4e3 f5f4 e3e7 g5g4
Position; fen rnbqkbnr/pppppppp/8/8/8/6P1/PPPPPP1P/RNBQKBNR b KQkq - 0 1
Moves; e7e5 c2c4 g8f6 a2a3 c7c5 f1g2 d7d5 d1a4 b8c6 c4d5 f6d5 b1c3 c8e6 d2d3 f8e7 g2d5 e6d5 c3d5 d8d5 g1f3 e8g8 a4e4 d5e6 e1g1 f7f5 e4a4 a8d8 f1d1 h7h6 c1e3 b7b6 g1g2 g7g5 h2h3 f5f4 e3d2 c6d4 f3d4 e5d4 a4c4 d8d5 d1e1 g8g7 f2f3 e6d7 a1c1 f4g3 e2e4 d4e3 e1e3 e7f6 c4b3 g7g6 c1f1 f6d4 e3e4 d4h8 e4e3 g6h5 f1e1 d5f5 d2c3 h8d4 c3d4 c5d4 e3e6 f5f3 b3d1 d7b5 e6d6 f8f4 e1e2 g5g4 h3g4 h5g4
Warning; Bestmove does not match beginning of last PV - move e4f6 from SF_2600
Info; info depth 18 seldepth 34 multipv 1 score cp -46 nodes 951587 nps 651771 hashfull 334 tbhits 0 time 1460 pv d6d5 e1g1 c8f5 f1e1 e8g8 c2c4 b8c6 c4d5 d8d5 b1c3 e4c3 b2c3 f5d3 d1d3 d5d7 c1f4 a8e8 a1d1 e7f6 d4d5 c6e7 c3c4 e7g6 f4g3 b7b6
Position; fen rnbqkb1r/pppp1ppp/5n2/4p3/4P3/5N2/PPPP1PPP/RNBQKB1R w KQkq - 2 3
Moves; f3e5 d7d6 e5f3 f6e4 d2d4 f8e7 f1d3
Warning; Bestmove does not match beginning of last PV - move c6e7 from SF_3000
Info; info depth 13 seldepth 18 multipv 1 score cp -32 nodes 127118 nps 789552 hashfull 34 tbhits 0 time 161 pv g7g6 f5g3 d8d6 b4b5 a6b5 a4b5 c6a7 e4b7 a7b5 g3e4 d6e7 c3b4 e7b4 f3f6 b4e7
Position; fen rnbqkbnr/ppp1pppp/8/3p4/2PP4/8/PP2PPPP/RNBQKBNR b KQkq - 0 2
Moves; d5c4 g1f3 e7e6 e2e3 g8f6 f1c4 c7c5 e1g1 b8c6 d1e2 a7a6 d4c5 f8c5 a2a3 e8g8 b2b4 c5a7 c1b2 c8d7 b1c3 d8e7 f1d1 f8d8 c4d3 a8c8 c3e4 f6e4 d3e4 f7f6 a1c1 e6e5 h2h3 d7e8 e2c4 e8f7 c4c2 h7h6 f3h4 e7e8 h4f5 a7b8 c2e2 d8d1 c1d1 h6h5 e2f3 c8d8 d1d8 e8d8 b2c3 g8f8 a3a4
Warning; Bestmove does not match beginning of last PV - move g1f2 from SF_2900
Info; info depth 14 seldepth 20 multipv 1 score cp -600 nodes 60957 nps 1604131 hashfull 21 tbhits 0 time 38 pv g1h2 c1c2 d4f4 a2d5 h3h4 c2g2 h2h3 h6h5 f4f7 g2e2 h3g3 e2e3 g3h2 e3e5 f7g7 h7g7
Position; fen rnbqkb1r/pppppppp/5n2/8/3P4/5N2/PPP1PPPP/RNBQKB1R b KQkq - 2 2
Moves; d7d5 c2c4 e7e6 c1g5 f8b4 b1c3 h7h6 g5d2 d5c4 e2e3 c7c5 f1c4 e8g8 a2a3 c5d4 f3d4 b4d6 a1c1 a7a6 d1c2 b7b5 c4b3 c8b7 c1d1 b8c6 d4c6 b7c6 e3e4 d8b8 d2e3 d6e5 f2f3 f8c8 e3d4 a6a5 d4e5 b8e5 c2f2 b5b4 c3a2 b4a3 a2c3 a8b8 f3f4 f6e4 f4e5 e4f2 e1f2 b8b3 b2a3 b3c3 d1d2 g8h7 h2h3 c3a3 h1c1 c6b7 c1d1 b7d5 f2g1 a3a2 d2a2 d5a2 d1d4 c8c1
Warning; Bestmove does not match beginning of last PV - move d6d5 from SF_2600
Info; info depth 15 seldepth 26 multipv 1 score cp -49 nodes 500640 nps 694368 hashfull 186 tbhits 0 time 721 pv e8g8 e1g1 c7c5 b1c3 c5d4 c3b5 c8d7 b5d4 b8c6 c2c3 f8e8 c1e3
Position; fen rnbqkb1r/pppp1ppp/5n2/4p3/4P3/5N2/PPPP1PPP/RNBQKB1R w KQkq - 2 3
Moves; f3e5 d7d6 e5f3 f6e4 d2d4 f8e7 f1d3 e4f6 h2h3
Warning; Bestmove does not match beginning of last PV - move e8g8 from SF_2600
Info; info depth 16 seldepth 30 multipv 1 score cp -53 nodes 535621 nps 741857 hashfull 179 tbhits 0 time 722 pv b8d7 c2c3 e8g8 c1f4 f8e8 b1d2 d7f8 f3e5 e7d6 f4g3
Position; fen rnbqkb1r/pppp1ppp/5n2/4p3/4P3/5N2/PPPP1PPP/RNBQKB1R w KQkq - 2 3
Moves; f3e5 d7d6 e5f3 f6e4 d2d4 f8e7 f1d3 e4f6 h2h3 d6d5 e1g1
Warning; Bestmove does not match beginning of last PV - move f2e3 from SF_2900
Info; info depth 13 seldepth 23 multipv 1 score cp -601 nodes 64156 nps 1425688 hashfull 22 tbhits 0 time 45 pv d4f4 c1c2 f2e3 d5g2 f4f7 h7g6 f7a7 g2h3 e3f3 h3g2 f3g4 c2c4 g4g3
Position; fen rnbqkb1r/pppppppp/5n2/8/3P4/5N2/PPP1PPPP/RNBQKB1R b KQkq - 2 2
Moves; d7d5 c2c4 e7e6 c1g5 f8b4 b1c3 h7h6 g5d2 d5c4 e2e3 c7c5 f1c4 e8g8 a2a3 c5d4 f3d4 b4d6 a1c1 a7a6 d1c2 b7b5 c4b3 c8b7 c1d1 b8c6 d4c6 b7c6 e3e4 d8b8 d2e3 d6e5 f2f3 f8c8 e3d4 a6a5 d4e5 b8e5 c2f2 b5b4 c3a2 b4a3 a2c3 a8b8 f3f4 f6e4 f4e5 e4f2 e1f2 b8b3 b2a3 b3c3 d1d2 g8h7 h2h3 c3a3 h1c1 c6b7 c1d1 b7d5 f2g1 a3a2 d2a2 d5a2 d1d4 c8c1 g1f2 a2d5
Warning; PV continues after threefold repetition - move d6e7 from HiveChess
Info; info depth 22 score cp 94 nodes 3488679 pv e3e4 d3f3 g2f3 f7c4 b7c6 e7d6 c6e8 h5h4 g1g2 d6e7 e8c6 e7d6 c6e8 d6e7 e8c6 e7d6 c6e8 d6e7 e8c6 e7d6 c6e8 d6e7
Position; fen rnbqkbnr/ppp1pppp/8/3p4/2PP4/8/PP2PPPP/RNBQKBNR b KQkq - 0 2
Moves; d5c4 g1f3 e7e6 e2e3 g8f6 f1c4 c7c5 e1g1 b8c6 d1e2 a7a6 d4c5 f8c5 a2a3 e8g8 b2b4 c5a7 c1b2 c8d7 b1c3 d8e7 f1d1 f8d8 c4d3 a8c8 c3e4 f6e4 d3e4 f7f6 a1c1 e6e5 h2h3 d7e8 e2c4 e8f7 c4c2 h7h6 f3h4 e7e8 h4f5 a7b8 c2e2 d8d1 c1d1 h6h5 e2f3 c8d8 d1d8 e8d8 b2c3 g8f8 a3a4 c6e7 f5e7 f8e7 e4b7 d8d3
Warning; Bestmove does not match beginning of last PV - move d3c2 from SF_3000
Info; info depth 10 seldepth 16 multipv 1 score cp -48 nodes 29196 nps 858705 hashfull 9 tbhits 0 time 34 pv d3f3 g2f3 f7c4 h3h4 e7d6 c3d2 d6d7 d2e3
Position; fen rnbqkbnr/ppp1pppp/8/3p4/2PP4/8/PP2PPPP/RNBQKBNR b KQkq - 0 2
Moves; d5c4 g1f3 e7e6 e2e3 g8f6 f1c4 c7c5 e1g1 b8c6 d1e2 a7a6 d4c5 f8c5 a2a3 e8g8 b2b4 c5a7 c1b2 c8d7 b1c3 d8e7 f1d1 f8d8 c4d3 a8c8 c3e4 f6e4 d3e4 f7f6 a1c1 e6e5 h2h3 d7e8 e2c4 e8f7 c4c2 h7h6 f3h4 e7e8 h4f5 a7b8 c2e2 d8d1 c1d1 h6h5 e2f3 c8d8 d1d8 e8d8 b2c3 g8f8 a3a4 c6e7 f5e7 f8e7 e4b7 d8d3 e3e4
Warning; Bestmove does not match beginning of last PV - move c7c6 from SF_2600
Info; info depth 14 seldepth 27 multipv 1 score cp -52 nodes 258417 nps 736230 hashfull 76 tbhits 0 time 351 pv b8d7 c1g5 f8e8 b1c3 c7c6 d1d2 d7f8 e1e3 h7h6 g5h4 f8g6 d3g6 f7g6 a1e1 g6g5 h4g3
Position; fen rnbqkb1r/pppp1ppp/5n2/4p3/4P3/5N2/PPPP1PPP/RNBQKB1R w KQkq - 2 3
Moves; f3e5 d7d6 e5f3 f6e4 d2d4 f8e7 f1d3 e4f6 h2h3 d6d5 e1g1 e8g8 f1e1
Finished game 8 (SF_2900 vs HiveChess): 0-1 {Black wins by adjudication}
Started game 12 of 1000 (SF_2600 vs HiveChess)
Warning; Bestmove does not match beginning of last PV - move d2d4 from SF_2600
Info; info depth 18 seldepth 34 multipv 1 score cp 48 nodes 1011809 nps 655316 hashfull 301 tbhits 0 time 1544 pv f3e5 d7d6 e5f3 f6e4 d2d4 d6d5 f1d3 f8d6 e1g1 e8g8 c2c4 c7c6 f1e1 c8f5 d1b3 b8a6 b1c3 d5c4 b3c4 e4c3 d3f5 c3d5 a2a3
Position; fen rnbqkb1r/pppp1ppp/5n2/4p3/4P3/5N2/PPPP1PPP/RNBQKB1R w KQkq - 2 3
Moves; 
Warning; PV continues after threefold repetition - move a2a5 from HiveChess
Info; info depth 17 score cp 98 nodes 6099294 pv a2a5 e2e6 a5a2 e6e2 a2a5 e2e6 a5a2 e6e2 a2a5 e2e6 a5a2 e6e2 a2a5 e2e6 a5a2 e6e2 a2a5
Position; fen rnbqkbnr/pppppppp/8/8/8/6P1/PPPPPP1P/RNBQKBNR b KQkq - 0 1
Moves; e7e5 c2c4 g8f6 a2a3 c7c5 f1g2 d7d5 d1a4 b8c6 c4d5 f6d5 b1c3 c8e6 d2d3 f8e7 g2d5 e6d5 c3d5 d8d5 g1f3 e8g8 a4e4 d5e6 e1g1 f7f5 e4a4 a8d8 f1d1 h7h6 c1e3 b7b6 g1g2 g7g5 h2h3 f5f4 e3d2 c6d4 f3d4 e5d4 a4c4 d8d5 d1e1 g8g7 f2f3 e6d7 a1c1 f4g3 e2e4 d4e3 e1e3 e7f6 c4b3 g7g6 c1f1 f6d4 e3e4 d4h8 e4e3 g6h5 f1e1 d5f5 d2c3 h8d4 c3d4 c5d4 e3e6 f5f3 b3d1 d7b5 e6d6 f8f4 e1e2 g5g4 h3g4 h5g4 e2e6 b5b2 e6e2 b2a3 e2e4 a3a2 e4e2
Warning; Bestmove does not match beginning of last PV - move h7h6 from SF_2600
Info; info depth 16 seldepth 25 multipv 1 score cp -47 nodes 502797 nps 708164 hashfull 177 tbhits 0 time 710 pv b8d7 c1d2 f6d5 b1c3 d7b6 c4b3 c8f5 f3e5
Position; fen rnbqkb1r/pppp1ppp/5n2/4p3/4P3/5N2/PPPP1PPP/RNBQKB1R w KQkq - 2 3
Moves; f3e5 d7d6 e5f3 f6e4 d2d4 f8e7 f1d3 e4f6 h2h3 d6d5 e1g1 e8g8 f1e1 c7c6 c2c4 d5c4 d3c4
Warning; Bestmove does not match beginning of last PV - move g4g5 from SF_3000
Info; info depth 17 seldepth 39 multipv 1 score cp 48 nodes 813473 nps 835187 hashfull 274 tbhits 0 time 974 pv c3d4 c7c5 h2h4 c5d4 g4g5 f6d6 d1d4 d6b4 f3d2 b8c6 d4f4 b4c3 a1b1 h6g5 g1g5 c8e6 c4e6 f7e6 f4c4 c3c4 d2c4 b7b6 e1e2 f8f5 c4d6 f5g5 h4g5 a8d8 d6b5 d8c8
Position; fen rnbqkbnr/ppp1pppp/8/3p4/2PP4/8/PP2PPPP/RNBQKBNR b KQkq - 0 2
Moves; e7e6 g1f3 g8f6 b1c3 f8b4 c1g5 h7h6 g5f6 d8f6 e2e3 b4c3 b2c3 d5c4 f1c4 e8g8 g2g4 e6e5 h1g1 e5d4
Warning; Bestmove does not match beginning of last PV - move d4e5 from SF_2600
Info; info depth 19 seldepth 37 multipv 1 score cp 33 nodes 1316742 nps 729901 hashfull 427 tbhits 0 time 1804 pv f3e5 d7d5 f1d3 f8d6 e1g1 e8g8 b1d2 d6e5 d4e5 e4c5 d3e2 b8c6 f2f4 f7f6 e5f6 d8f6 d2f3 f8d8 c2c3
Position; fen rnbqkb1r/pppp1ppp/5n2/4p3/4P3/5N2/PPPP1PPP/RNBQKB1R w KQkq - 2 3
Moves; d2d4 f6e4
Warning; PV continues after threefold repetition - move a2a5 from HiveChess
Info; info depth 22 score cp 0 nodes 3035226 pv a5a2 e6e2 a2a5 e2e6 a5a2 e6e2 a2a5 e2e6 a5a2 e6e2 a2a5 e2e6 a5a2 e6e2 a2a5 e2e6 a5a2 e6e2 a2a5 e2e6 a5a2 e6e2
Position; fen rnbqkbnr/pppppppp/8/8/8/6P1/PPPPPP1P/RNBQKBNR b KQkq - 0 1
Moves; e7e5 c2c4 g8f6 a2a3 c7c5 f1g2 d7d5 d1a4 b8c6 c4d5 f6d5 b1c3 c8e6 d2d3 f8e7 g2d5 e6d5 c3d5 d8d5 g1f3 e8g8 a4e4 d5e6 e1g1 f7f5 e4a4 a8d8 f1d1 h7h6 c1e3 b7b6 g1g2 g7g5 h2h3 f5f4 e3d2 c6d4 f3d4 e5d4 a4c4 d8d5 d1e1 g8g7 f2f3 e6d7 a1c1 f4g3 e2e4 d4e3 e1e3 e7f6 c4b3 g7g6 c1f1 f6d4 e3e4 d4h8 e4e3 g6h5 f1e1 d5f5 d2c3 h8d4 c3d4 c5d4 e3e6 f5f3 b3d1 d7b5 e6d6 f8f4 e1e2 g5g4 h3g4 h5g4 e2e6 b5b2 e6e2 b2a3 e2e4 a3a2 e4e2 a2a5 e2e6
Warning; Bestmove does not match beginning of last PV - move e5d6 from SF_2600
Info; info depth 16 seldepth 23 multipv 1 score cp 37 nodes 605953 nps 800466 hashfull 199 tbhits 0 time 757 pv b1d2 e4d2 c1d2 f8e7 c2c3 b8d7 f1e2 e8g8 e1g1 d7c5 d1c2 c7c6
Position; fen rnbqkb1r/pppp1ppp/5n2/4p3/4P3/5N2/PPPP1PPP/RNBQKB1R w KQkq - 2 3
Moves; d2d4 f6e4 d4e5 d7d5
Warning; PV continues after threefold repetition - move a2a5 from HiveChess
Info; info depth 17 score cp 98 nodes 7871488 pv a2a5 e2e6 a5a2 e6e2 a2a5 e2e6 a5a2 e6e2 a2a5 e2e6 a5a2 e6e2 a2a5 e2e6 a5a2 e6e2 a2a5
Position; fen rnbqkbnr/pppppppp/8/8/8/6P1/PPPPPP1P/RNBQKBNR b KQkq - 0 1
Moves; e7e5 c2c4 g8f6 a2a3 c7c5 f1g2 d7d5 d1a4 b8c6 c4d5 f6d5 b1c3 c8e6 d2d3 f8e7 g2d5 e6d5 c3d5 d8d5 g1f3 e8g8 a4e4 d5e6 e1g1 f7f5 e4a4 a8d8 f1d1 h7h6 c1e3 b7b6 g1g2 g7g5 h2h3 f5f4 e3d2 c6d4 f3d4 e5d4 a4c4 d8d5 d1e1 g8g7 f2f3 e6d7 a1c1 f4g3 e2e4 d4e3 e1e3 e7f6 c4b3 g7g6 c1f1 f6d4 e3e4 d4h8 e4e3 g6h5 f1e1 d5f5 d2c3 h8d4 c3d4 c5d4 e3e6 f5f3 b3d1 d7b5 e6d6 f8f4 e1e2 g5g4 h3g4 h5g4 e2e6 b5b2 e6e2 b2a3 e2e4 a3a2 e4e2 a2a5 e2e6 a5a2 e6e2
Warning; Bestmove does not match beginning of last PV - move g1g5 from SF_3000
Info; info depth 17 seldepth 36 multipv 1 score cp -12 nodes 1520780 nps 814558 hashfull 483 tbhits 0 time 1867 pv f3g5 c5d4 g5e4 f6e5 d1d4 e5d4 e3d4 f8e8 f2f3 c8f5 c4d5 b8c6 e1f2 f5e4 d5e4 c6d4 a1b1 a8b8 g1d1 d4e6 e4b7 e6c5
Position; fen rnbqkbnr/ppp1pppp/8/3p4/2PP4/8/PP2PPPP/RNBQKBNR b KQkq - 0 2
Moves; e7e6 g1f3 g8f6 b1c3 f8b4 c1g5 h7h6 g5f6 d8f6 e2e3 b4c3 b2c3 d5c4 f1c4 e8g8 g2g4 e6e5 h1g1 e5d4 g4g5 h6g5 c3d4 c7c5
Warning; PV continues after threefold repetition - move a2a5 from HiveChess
Info; info depth 23 score cp 0 nodes 7555072 pv a5a2 e6e2 a2a5 e2e6 a5a2 e6e2 a2a5 e2e6 a5a2 e6e2 a2a5 e2e6 a5a2 e6e2 a2a5 e2e6 a5a2 e6e2 a2a5 e2e6 a5a2 e6e2 a2a5
Position; fen rnbqkbnr/pppppppp/8/8/8/6P1/PPPPPP1P/RNBQKBNR b KQkq - 0 1
Moves; e7e5 c2c4 g8f6 a2a3 c7c5 f1g2 d7d5 d1a4 b8c6 c4d5 f6d5 b1c3 c8e6 d2d3 f8e7 g2d5 e6d5 c3d5 d8d5 g1f3 e8g8 a4e4 d5e6 e1g1 f7f5 e4a4 a8d8 f1d1 h7h6 c1e3 b7b6 g1g2 g7g5 h2h3 f5f4 e3d2 c6d4 f3d4 e5d4 a4c4 d8d5 d1e1 g8g7 f2f3 e6d7 a1c1 f4g3 e2e4 d4e3 e1e3 e7f6 c4b3 g7g6 c1f1 f6d4 e3e4 d4h8 e4e3 g6h5 f1e1 d5f5 d2c3 h8d4 c3d4 c5d4 e3e6 f5f3 b3d1 d7b5 e6d6 f8f4 e1e2 g5g4 h3g4 h5g4 e2e6 b5b2 e6e2 b2a3 e2e4 a3a2 e4e2 a2a5 e2e6 a5a2 e6e2 a2a5 e2e6
Finished game 6 (SF_2800 vs HiveChess): 1/2-1/2 {Draw by 3-fold repetition}
Started game 13 of 1000 (HiveChess vs SF_2700)
Warning; Bestmove does not match beginning of last PV - move a7a6 from SF_2700
Info; info depth 18 seldepth 31 multipv 1 score cp 13 nodes 1270997 nps 735956 hashfull 406 tbhits 0 time 1727 pv c8f5 d2d4 e7e6 f1d3 f5d3 d1d3 c7c5 c2c3 b8c6 g1e2 f7f6 f2f4 g8h6 b1d2 h6f5 e1g1 f6e5 f4e5 c5d4 c3d4 f8e7 d2f3 e8g8 c1d2 d8b6
Position; fen rnbqkbnr/ppp1pppp/8/3pP3/8/8/PPPP1PPP/RNBQKBNR b KQkq - 0 2
Moves; 
Warning; Bestmove does not match beginning of last PV - move f7f6 from SF_2700
Info; info depth 16 seldepth 24 multipv 1 score cp 5 nodes 564447 nps 764833 hashfull 186 tbhits 0 time 738 pv c7c5 c2c3 b8c6 h2h3 c8f5 f1d3 f5d3 d1d3 e7e6 g1e2 c5d4 c3d4 f7f6 e1g1 f6e5 d4e5 c6e5
Position; fen rnbqkbnr/ppp1pppp/8/3pP3/8/8/PPPP1PPP/RNBQKBNR b KQkq - 0 2
Moves; a7a6 d2d4
Warning; Bestmove does not match beginning of last PV - move h2h3 from SF_3000
Info; info depth 18 seldepth 22 multipv 1 score cp -4 nodes 1162131 nps 812679 hashfull 383 tbhits 0 time 1430 pv a1c1 a8d8 e1f1 c6b4 c5e5 b4a2 c1c7 a2b4 e5e8 d8e8 f3e5 f6d8 c7c5 b7b6 c5c4 g4h3 f1e1 b4d5 e2g4 b6b5
Position; fen rnbqkbnr/ppp1pppp/8/3p4/2PP4/8/PP2PPPP/RNBQKBNR b KQkq - 0 2
Moves; e7e6 g1f3 g8f6 b1c3 f8b4 c1g5 h7h6 g5f6 d8f6 e2e3 b4c3 b2c3 d5c4 f1c4 e8g8 g2g4 e6e5 h1g1 e5d4 g4g5 h6g5 c3d4 c7c5 g1g5 b8c6 g5c5 c8g4 c4e2 f8e8
Warning; Bestmove does not match beginning of last PV - move c8e6 from SF_2700
Info; info depth 17 seldepth 36 multipv 1 score cp -69 nodes 816938 nps 688817 hashfull 291 tbhits 0 time 1186 pv g7g6 g1f3 b8c6 e1g1 c8g4 d3e2 f6e5 d4e5 g8h6 b1d2 h6f7 h2h3
Position; fen rnbqkbnr/ppp1pppp/8/3pP3/8/8/PPPP1PPP/RNBQKBNR b KQkq - 0 2
Moves; a7a6 d2d4 f7f6 f1d3
Warning; Bestmove does not match beginning of last PV - move f6e4 from SF_2600
Info; info depth 16 seldepth 28 multipv 1 score cp -45 nodes 662687 nps 767887 hashfull 229 tbhits 0 time 863 pv c8e6 c1d2 f6h5 g3e5 h5f6 e5f4 h8g8 e1e2 a8c8 a1e1 e7d6 f3e5 f6e4 e2e4 d5e4 f4e4 f7f5 e4b7 d6e5 e1e5 d8d4
Position; fen rnbqkb1r/pppp1ppp/5n2/4p3/4P3/5N2/PPPP1PPP/RNBQKB1R w KQkq - 2 3
Moves; f3e5 d7d6 e5f3 f6e4 d2d4 f8e7 f1d3 e4f6 h2h3 d6d5 e1g1 e8g8 f1e1 c7c6 c2c4 d5c4 d3c4 h7h6 d1c2 b8d7 c2g6 f6d5 g6g3 g8h8 b1c3 d7f6 c3d5 c6d5 c4d3
Warning; Bestmove does not match beginning of last PV - move d1c2 from SF_3000
Info; info depth 13 seldepth 30 multipv 1 score cp -13 nodes 541826 nps 793303 hashfull 176 tbhits 0 time 683 pv d1b1 h3c8 b1b5 c8g4 f3e5 g4e2 e1e2 a8d8 a1g1
Position; fen rnbqkbnr/ppp1pppp/8/3p4/2PP4/8/PP2PPPP/RNBQKBNR b KQkq - 0 2
Moves; e7e6 g1f3 g8f6 b1c3 f8b4 c1g5 h7h6 g5f6 d8f6 e2e3 b4c3 b2c3 d5c4 f1c4 e8g8 g2g4 e6e5 h1g1 e5d4 g4g5 h6g5 c3d4 c7c5 g1g5 b8c6 g5c5 c8g4 c4e2 f8e8 h2h3 g4h3
Warning; Bestmove does not match beginning of last PV - move d3d8 from SF_2600
Info; info depth 17 seldepth 30 multipv 1 score cp 24 nodes 1405385 nps 774743 hashfull 477 tbhits 0 time 1814 pv d3b3 e8g8 b1c3 c8g4 c3d5 e7c5 c2c4 g4f3 b3f3 c6d4 f3g4 d4e6 c1h6 c5d4 a1d1 d4b2 e1e2 b2f6 f2f4
Position; fen rnbqkb1r/pppp1ppp/5n2/4p3/4P3/5N2/PPPP1PPP/RNBQKB1R w KQkq - 2 3
Moves; d2d4 f6e4 d4e5 d7d5 e5d6 f8d6 f1d3 e4c5 e1g1 c5d3 d1d3 b8c6 f1e1 d6e7
Warning; Bestmove does not match beginning of last PV - move e7d6 from SF_2600
Info; info depth 16 seldepth 25 multipv 1 score cp -78 nodes 403666 nps 768887 hashfull 156 tbhits 0 time 525 pv d5e4 e1e4 c8e6 c1f4 e6d5 e4e2 a8c8 f3e5 e7f6 a1d1 f8e8 g3g4 h8h7 e2e3 d5e6 g4e2 d8d5 e5g4 e6g4 e2g4
Position; fen rnbqkb1r/pppp1ppp/5n2/4p3/4P3/5N2/PPPP1PPP/RNBQKB1R w KQkq - 2 3
Moves; f3e5 d7d6 e5f3 f6e4 d2d4 f8e7 f1d3 e4f6 h2h3 d6d5 e1g1 e8g8 f1e1 c7c6 c2c4 d5c4 d3c4 h7h6 d1c2 b8d7 c2g6 f6d5 g6g3 g8h8 b1c3 d7f6 c3d5 c6d5 c4d3 f6e4 d3e4
Warning; Bestmove does not match beginning of last PV - move e6g4 from SF_2700
Info; info depth 19 seldepth 31 multipv 1 score cp -105 nodes 1439020 nps 701960 hashfull 504 tbhits 0 time 2050 pv b8c6 c2c3 e6f7 e1g1 f6e5 f3e5 c6e5 d4e5 d8d7 d1e2 e7e6 b1d2 f7g6 d3g6 h7g6 d2f3
Position; fen rnbqkbnr/ppp1pppp/8/3pP3/8/8/PPPP1PPP/RNBQKBNR b KQkq - 0 2
Moves; a7a6 d2d4 f7f6 f1d3 c8e6 g1f3
Warning; Bestmove does not match beginning of last PV - move a1d1 from SF_3000
Info; info depth 14 seldepth 22 multipv 1 score cp -19 nodes 419240 nps 852113 hashfull 124 tbhits 0 time 492 pv a1c1 h3d7 c2b2 b7b6 c5c3 c8a8 a2a3 a8d8 b2b1 c6e7 b1e4 e7g6 e4d5 d7f5 d5b5 a7a6 b5a6 f5g4
Position; fen rnbqkbnr/ppp1pppp/8/3p4/2PP4/8/PP2PPPP/RNBQKBNR b KQkq - 0 2
Moves; e7e6 g1f3 g8f6 b1c3 f8b4 c1g5 h7h6 g5f6 d8f6 e2e3 b4c3 b2c3 d5c4 f1c4 e8g8 g2g4 e6e5 h1g1 e5d4 g4g5 h6g5 c3d4 c7c5 g1g5 b8c6 g5c5 c8g4 c4e2 f8e8 h2h3 g4h3 d1c2 a8c8
Warning; Bestmove does not match beginning of last PV - move a2a4 from SF_2600
Info; info depth 17 seldepth 28 multipv 1 score cp 1 nodes 911407 nps 816672 hashfull 336 tbhits 0 time 1116 pv c1f4 e8g8 f4g3 c7c6 d5c3 d8a5 a1d1 b7b6 e1e3 a5c3 e3c3 c8b7 c3d3 c6c5 f3e5 b7e4
Position; fen rnbqkb1r/pppp1ppp/5n2/4p3/4P3/5N2/PPPP1PPP/RNBQKB1R w KQkq - 2 3
Moves; d2d4 f6e4 d4e5 d7d5 e5d6 f8d6 f1d3 e4c5 e1g1 c5d3 d1d3 b8c6 f1e1 d6e7 d3d8 c6d8 b1c3 d8e6 c3d5 e7d8
Warning; Bestmove does not match beginning of last PV - move e1d1 from SF_2600
Info; info depth 20 seldepth 26 multipv 1 score cp 0 nodes 1020601 nps 852632 hashfull 366 tbhits 0 time 1197 pv a4a5 c7c6 d5f4 e8f7 f4e6 c8e6 f3d4 e6d7 d4b3 d7f5 b3d4 f5d7
Position; fen rnbqkb1r/pppp1ppp/5n2/4p3/4P3/5N2/PPPP1PPP/RNBQKB1R w KQkq - 2 3
Moves; d2d4 f6e4 d4e5 d7d5 e5d6 f8d6 f1d3 e4c5 e1g1 c5d3 d1d3 b8c6 f1e1 d6e7 d3d8 c6d8 b1c3 d8e6 c3d5 e7d8 a2a4 f7f6
Warning; Bestmove does not match beginning of last PV - move b8c6 from SF_2700
Info; info depth 16 seldepth 22 multipv 1 score cp -107 nodes 553357 nps 698683 hashfull 207 tbhits 0 time 792 pv c7c5 e5f6 g8f6 d4c5 b8d7 d2b3 d7c5 b3c5 d8a5 c2c3 a5c5 h3h4 c5c6 c1g5 e8g8 e1c1 e7e5 d3c2 d5d4 e2e5
Position; fen rnbqkbnr/ppp1pppp/8/3pP3/8/8/PPPP1PPP/RNBQKBNR b KQkq - 0 2
Moves; a7a6 d2d4 f7f6 f1d3 c8e6 g1f3 e6g4 h2h3 g4f3 d1f3 g7g6 f3e2 f8g7 b1d2
Warning; Bestmove does not match beginning of last PV - move h2h4 from SF_2600
Info; info depth 15 seldepth 27 multipv 1 score cp 0 nodes 247445 nps 874363 hashfull 86 tbhits 0 time 283 pv a4a5 c7c6 d5c3 d8e7 c1e3 h8d8 d1d8 e6d8 f3d4 c8d7 d4b3 d7f5 b3d4
Position; fen rnbqkb1r/pppp1ppp/5n2/4p3/4P3/5N2/PPPP1PPP/RNBQKB1R w KQkq - 2 3
Moves; d2d4 f6e4 d4e5 d7d5 e5d6 f8d6 f1d3 e4c5 e1g1 c5d3 d1d3 b8c6 f1e1 d6e7 d3d8 c6d8 b1c3 d8e6 c3d5 e7d8 a2a4 f7f6 e1d1 e8f7
Warning; Bestmove does not match beginning of last PV - move a7a5 from SF_2600
Info; info depth 15 seldepth 31 multipv 1 score cp -87 nodes 750579 nps 783485 hashfull 281 tbhits 0 time 958 pv a8c8 a2a3 d8d5 a1d1 f8d8 f3e5 c8c2 b2b3 h8h7
Position; fen rnbqkb1r/pppp1ppp/5n2/4p3/4P3/5N2/PPPP1PPP/RNBQKB1R w KQkq - 2 3
Moves; f3e5 d7d6 e5f3 f6e4 d2d4 f8e7 f1d3 e4f6 h2h3 d6d5 e1g1 e8g8 f1e1 c7c6 c2c4 d5c4 d3c4 h7h6 d1c2 b8d7 c2g6 f6d5 g6g3 g8h8 b1c3 d7f6 c3d5 c6d5 c4d3 f6e4 d3e4 e7d6 c1f4 d6f4 g3f4 d5e4 e1e4 c8e6 e4e3
Warning; Bestmove does not match beginning of last PV - move d4d5 from SF_3000
Info; info depth 14 seldepth 31 multipv 1 score cp -18 nodes 491352 nps 847158 hashfull 160 tbhits 0 time 580 pv e2b5 b7b6 c5c7 e8e7 c7d8 g8g7 b5e2 c8d6 f3e5 d6e4 e2f3 f6h4 f3e4 f5e4 d1c1
Position; fen rnbqkbnr/ppp1pppp/8/3p4/2PP4/8/PP2PPPP/RNBQKBNR b KQkq - 0 2
Moves; e7e6 g1f3 g8f6 b1c3 f8b4 c1g5 h7h6 g5f6 d8f6 e2e3 b4c3 b2c3 d5c4 f1c4 e8g8 g2g4 e6e5 h1g1 e5d4 g4g5 h6g5 c3d4 c7c5 g1g5 b8c6 g5c5 c8g4 c4e2 f8e8 h2h3 g4h3 d1c2 a8c8 a1d1 g7g6 c2c3 c6e7 c5c8 e7c8 c3c5 h3f5
Warning; Bestmove does not match beginning of last PV - move a8c8 from SF_2600
Info; info depth 16 seldepth 20 multipv 1 score cp -84 nodes 772520 nps 726735 hashfull 298 tbhits 0 time 1063 pv d8d5 g1h2 f8d8 a1d1 b7b5 e3f3 a8a7 d1c1 d5d4
Position; fen rnbqkb1r/pppp1ppp/5n2/4p3/4P3/5N2/PPPP1PPP/RNBQKB1R w KQkq - 2 3
Moves; f3e5 d7d6 e5f3 f6e4 d2d4 f8e7 f1d3 e4f6 h2h3 d6d5 e1g1 e8g8 f1e1 c7c6 c2c4 d5c4 d3c4 h7h6 d1c2 b8d7 c2g6 f6d5 g6g3 g8h8 b1c3 d7f6 c3d5 c6d5 c4d3 f6e4 d3e4 e7d6 c1f4 d6f4 g3f4 d5e4 e1e4 c8e6 e4e3 a7a5 f3e5
Warning; Bestmove does not match beginning of last PV - move c3e4 from SF_2600
Info; info depth 18 seldepth 31 multipv 1 score cp -5 nodes 1176633 nps 835083 hashfull 399 tbhits 0 time 1409 pv a4a5 h8d8 d1d8 e6d8 c1e3 c6c5 f3d2 c8f5 d2e4 d8e6 a5a6 a8b8 a6b7 f5e4 c3e4 f6f5 e4g5 e7g5 e3g5 b8b7
Position; fen rnbqkb1r/pppp1ppp/5n2/4p3/4P3/5N2/PPPP1PPP/RNBQKB1R w KQkq - 2 3
Moves; d2d4 f6e4 d4e5 d7d5 e5d6 f8d6 f1d3 e4c5 e1g1 c5d3 d1d3 b8c6 f1e1 d6e7 d3d8 c6d8 b1c3 d8e6 c3d5 e7d8 a2a4 f7f6 e1d1 e8f7 h2h4 c7c6 d5c3 d8e7
Warning; Bestmove does not match beginning of last PV - move e7e5 from SF_2700
Info; info depth 16 seldepth 36 multipv 1 score cp -61 nodes 901509 nps 702657 hashfull 320 tbhits 0 time 1283 pv e8g8 b3c5 c6d8 d3c2 f6h5 c5d3 d8e6 e1g1 a8e8 f1e1 e6f4 d3f4 h5f4 e2g4 e7e6 g2g3 f4h5 g1g2 c7c5
Position; fen rnbqkbnr/ppp1pppp/8/3pP3/8/8/PPPP1PPP/RNBQKBNR b KQkq - 0 2
Moves; a7a6 d2d4 f7f6 f1d3 c8e6 g1f3 e6g4 h2h3 g4f3 d1f3 g7g6 f3e2 f8g7 b1d2 b8c6 e5f6 g8f6 c2c3 d8d6 d2b3
Warning; Bestmove does not match beginning of last PV - move c1e3 from SF_2600
Info; info depth 18 seldepth 29 multipv 1 score cp -15 nodes 593626 nps 971564 hashfull 190 tbhits 0 time 611 pv d1d8 e6d8 f3d4 c8d7 c1e3 b7b6 a4a5 c6c5 d4e2 d7c6 f2f3 c6b7 e2f4 d8c6 a5b6 a7b6 a1a8 b7a8 f4d5 e7d8 d5f4 c6b4 e4d6 f7e7 d6f5 e7d7
Position; fen rnbqkb1r/pppp1ppp/5n2/4p3/4P3/5N2/PPPP1PPP/RNBQKB1R w KQkq - 2 3
Moves; d2d4 f6e4 d4e5 d7d5 e5d6 f8d6 f1d3 e4c5 e1g1 c5d3 d1d3 b8c6 f1e1 d6e7 d3d8 c6d8 b1c3 d8e6 c3d5 e7d8 a2a4 f7f6 e1d1 e8f7 h2h4 c7c6 d5c3 d8e7 c3e4 h8d8
Warning; Bestmove does not match beginning of last PV - move d4f6 from SF_3000
Info; info depth 15 seldepth 35 multipv 1 score cp -23 nodes 504936 nps 893692 hashfull 173 tbhits 0 time 565 pv d4a7 f5c2 d1c1 c2e4 a7d4 e8a8 c1a1 a8h8 d4f6 g7f6 f3d2 e4d5 a2a4 f6e6
Position; fen rnbqkbnr/ppp1pppp/8/3p4/2PP4/8/PP2PPPP/RNBQKBNR b KQkq - 0 2
Moves; e7e6 g1f3 g8f6 b1c3 f8b4 c1g5 h7h6 g5f6 d8f6 e2e3 b4c3 b2c3 d5c4 f1c4 e8g8 g2g4 e6e5 h1g1 e5d4 g4g5 h6g5 c3d4 c7c5 g1g5 b8c6 g5c5 c8g4 c4e2 f8e8 h2h3 g4h3 d1c2 a8c8 a1d1 g7g6 c2c3 c6e7 c5c8 e7c8 c3c5 h3f5 d4d5 c8d6 c5d4 g8g7
Warning; Bestmove does not match beginning of last PV - move c8c2 from SF_2600
Info; info depth 15 seldepth 23 multipv 1 score cp -79 nodes 554121 nps 823359 hashfull 204 tbhits 0 time 673 pv c8a8 e3f3 h8h7 f4d2 d8d5 a2a3 f8d8 a1d1 a8a6 g1h2 d8c8 d2b4
Position; fen rnbqkb1r/pppp1ppp/5n2/4p3/4P3/5N2/PPPP1PPP/RNBQKB1R w KQkq - 2 3
Moves; f3e5 d7d6 e5f3 f6e4 d2d4 f8e7 f1d3 e4f6 h2h3 d6d5 e1g1 e8g8 f1e1 c7c6 c2c4 d5c4 d3c4 h7h6 d1c2 b8d7 c2g6 f6d5 g6g3 g8h8 b1c3 d7f6 c3d5 c6d5 c4d3 f6e4 d3e4 e7d6 c1f4 d6f4 g3f4 d5e4 e1e4 c8e6 e4e3 a7a5 f3e5 a8c8 b2b3 a5a4 b3a4
Warning; PV continues after threefold repetition - move g7g6 from HiveChess
Info; info depth 22 score cp 696 nodes 4099868 pv c8c4 h5h4 b4b5 e1f2 c4c7 g7g6 c7c1 g6g7 c1c7 g7g6 c7c1 g6g7 c1c7 g7g6 c7c1 g6g7 c1c7 g7g6 c7c1 g6g7 c1c7 g7g6
Position; fen rnbqkbnr/ppp1pppp/8/3p4/2PP4/8/PP2PPPP/RNBQKBNR b KQkq - 0 2
Moves; d5c4 g1f3 e7e6 e2e3 g8f6 f1c4 c7c5 e1g1 b8c6 d1e2 a7a6 d4c5 f8c5 a2a3 e8g8 b2b4 c5a7 c1b2 c8d7 b1c3 d8e7 f1d1 f8d8 c4d3 a8c8 c3e4 f6e4 d3e4 f7f6 a1c1 e6e5 h2h3 d7e8 e2c4 e8f7 c4c2 h7h6 f3h4 e7e8 h4f5 a7b8 c2e2 d8d1 c1d1 h6h5 e2f3 c8d8 d1d8 e8d8 b2c3 g8f8 a3a4 c6e7 f5e7 f8e7 e4b7 d8d3 e3e4 d3c2 b7a6 c2a4 a6f1 f7g6 f3g3 g6f7 g3g7 a4d1 g7h8 f7c4 h8b8 d1f1 g1h2 f1d3 b8c7 e7e8 c7c6 e8e7 c3e1 d3e2 c6c7 e7f8 f2f3 e2e1 c7c8 f8g7
Warning; Bestmove does not match beginning of last PV - move e6d5 from SF_2600
Info; info depth 16 seldepth 28 multipv 1 score cp -372 nodes 796662 nps 1214423 hashfull 294 tbhits 0 time 656 pv e6d7 e3g3 d8e8 a1e1 d7a4 f4g4 f8g8 g4f5 c2c7 f5f4
Position; fen rnbqkb1r/pppp1ppp/5n2/4p3/4P3/5N2/PPPP1PPP/RNBQKB1R w KQkq - 2 3
Moves; f3e5 d7d6 e5f3 f6e4 d2d4 f8e7 f1d3 e4f6 h2h3 d6d5 e1g1 e8g8 f1e1 c7c6 c2c4 d5c4 d3c4 h7h6 d1c2 b8d7 c2g6 f6d5 g6g3 g8h8 b1c3 d7f6 c3d5 c6d5 c4d3 f6e4 d3e4 e7d6 c1f4 d6f4 g3f4 d5e4 e1e4 c8e6 e4e3 a7a5 f3e5 a8c8 b2b3 a5a4 b3a4 c8c2 d4d5
Warning; Bestmove does not match beginning of last PV - move h5h4 from SF_3000
Info; info depth 15 seldepth 50 multipv 1 score cp -507 nodes 4999622 nps 1537872 hashfull 793 tbhits 0 time 3251 pv e1d2 b4b5 h5h4 c4c8 d2f4 h2h1 g7f7 b5b6 f4e3 c8g4 e3b6 g4h4 f7e6 h1h2 b6d8 h4h7 e6d6 h7f7
Position; fen rnbqkbnr/ppp1pppp/8/3p4/2PP4/8/PP2PPPP/RNBQKBNR b KQkq - 0 2
Moves; d5c4 g1f3 e7e6 e2e3 g8f6 f1c4 c7c5 e1g1 b8c6 d1e2 a7a6 d4c5 f8c5 a2a3 e8g8 b2b4 c5a7 c1b2 c8d7 b1c3 d8e7 f1d1 f8d8 c4d3 a8c8 c3e4 f6e4 d3e4 f7f6 a1c1 e6e5 h2h3 d7e8 e2c4 e8f7 c4c2 h7h6 f3h4 e7e8 h4f5 a7b8 c2e2 d8d1 c1d1 h6h5 e2f3 c8d8 d1d8 e8d8 b2c3 g8f8 a3a4 c6e7 f5e7 f8e7 e4b7 d8d3 e3e4 d3c2 b7a6 c2a4 a6f1 f7g6 f3g3 g6f7 g3g7 a4d1 g7h8 f7c4 h8b8 d1f1 g1h2 f1d3 b8c7 e7e8 c7c6 e8e7 c3e1 d3e2 c6c7 e7f8 f2f3 e2e1 c7c8 f8g7 c8c4
Warning; Bestmove does not match beginning of last PV - move e1f2 from SF_3000
Info; info depth 14 seldepth 33 multipv 1 score cp -42 nodes 158381 nps 1035169 hashfull 55 tbhits 0 time 153 pv e1d2 h1d1 e2d1 f5b1 a2a4 g6g5 f3f4 d6c4 d2e2 g5g4 e2f2 g4g3 f2g3 c4e3 d1f3 f6e7
Position; fen rnbqkbnr/ppp1pppp/8/3p4/2PP4/8/PP2PPPP/RNBQKBNR b KQkq - 0 2
Moves; e7e6 g1f3 g8f6 b1c3 f8b4 c1g5 h7h6 g5f6 d8f6 e2e3 b4c3 b2c3 d5c4 f1c4 e8g8 g2g4 e6e5 h1g1 e5d4 g4g5 h6g5 c3d4 c7c5 g1g5 b8c6 g5c5 c8g4 c4e2 f8e8 h2h3 g4h3 d1c2 a8c8 a1d1 g7g6 c2c3 c6e7 c5c8 e7c8 c3c5 h3f5 d4d5 c8d6 c5d4 g8g7 d4f6 g7f6 f3d4 e8h8 f2f3 h8h1
Warning; Bestmove does not match beginning of last PV - move b7b6 from SF_2600
Info; info depth 14 seldepth 19 multipv 1 score cp -370 nodes 686868 nps 1328564 hashfull 260 tbhits 0 time 517 pv h8g8 e3d3 f8e8 d3d5 d8c7 g1h1 f7f6 e5g6 c7f4 g6f4 c2f2 d5d8 e8d8 d1d8 g8h7
Position; fen rnbqkb1r/pppp1ppp/5n2/4p3/4P3/5N2/PPPP1PPP/RNBQKB1R w KQkq - 2 3
Moves; f3e5 d7d6 e5f3 f6e4 d2d4 f8e7 f1d3 e4f6 h2h3 d6d5 e1g1 e8g8 f1e1 c7c6 c2c4 d5c4 d3c4 h7h6 d1c2 b8d7 c2g6 f6d5 g6g3 g8h8 b1c3 d7f6 c3d5 c6d5 c4d3 f6e4 d3e4 e7d6 c1f4 d6f4 g3f4 d5e4 e1e4 c8e6 e4e3 a7a5 f3e5 a8c8 b2b3 a5a4 b3a4 c8c2 d4d5 e6d5 a1d1
Warning; Bestmove does not match beginning of last PV - move e5e7 from SF_2700
Info; info depth 15 seldepth 26 multipv 1 score cp -75 nodes 573421 nps 730472 hashfull 212 tbhits 0 time 785 pv a8e8 e2d2 e5e6 a1e1 e6c8 e3c5 e8e1 f1e1 f8e8 e1e8 c8e8 c5e3 c6e5 d3f1 c7c6
Position; fen rnbqkbnr/ppp1pppp/8/3pP3/8/8/PPPP1PPP/RNBQKBNR b KQkq - 0 2
Moves; a7a6 d2d4 f7f6 f1d3 c8e6 g1f3 e6g4 h2h3 g4f3 d1f3 g7g6 f3e2 f8g7 b1d2 b8c6 e5f6 g8f6 c2c3 d8d6 d2b3 e7e5 d4e5 d6e5 c1e3 e8g8 e1g1
Warning; Bestmove does not match beginning of last PV - move d8d6 from SF_2600
Info; info depth 16 seldepth 28 multipv 1 score cp -463 nodes 675267 nps 1692398 hashfull 236 tbhits 0 time 399 pv d5f7 d1d8 h8g8 e5f7 f8d8 f7d8 c2a2 g1h2 a2a4 d8e6 b6b5 e6c5 a4c4 c5b3 b5b4 h2g3
Position; fen rnbqkb1r/pppp1ppp/5n2/4p3/4P3/5N2/PPPP1PPP/RNBQKB1R w KQkq - 2 3
Moves; f3e5 d7d6 e5f3 f6e4 d2d4 f8e7 f1d3 e4f6 h2h3 d6d5 e1g1 e8g8 f1e1 c7c6 c2c4 d5c4 d3c4 h7h6 d1c2 b8d7 c2g6 f6d5 g6g3 g8h8 b1c3 d7f6 c3d5 c6d5 c4d3 f6e4 d3e4 e7d6 c1f4 d6f4 g3f4 d5e4 e1e4 c8e6 e4e3 a7a5 f3e5 a8c8 b2b3 a5a4 b3a4 c8c2 d4d5 e6d5 a1d1 b7b6 f4f7
Warning; Bestmove does not match beginning of last PV - move c6d8 from SF_2700
Info; info depth 12 seldepth 19 multipv 1 score cp -70 nodes 194590 nps 769130 hashfull 69 tbhits 0 time 253 pv a8b8 f2f4 f6d7 c5d7 e7d7 a1d1 b8e8 e2f2
Position; fen rnbqkbnr/ppp1pppp/8/3pP3/8/8/PPPP1PPP/RNBQKBNR b KQkq - 0 2
Moves; a7a6 d2d4 f7f6 f1d3 c8e6 g1f3 e6g4 h2h3 g4f3 d1f3 g7g6 f3e2 f8g7 b1d2 b8c6 e5f6 g8f6 c2c3 d8d6 d2b3 e7e5 d4e5 d6e5 c1e3 e8g8 e1g1 e5e7 b3c5
Warning; Bestmove does not match beginning of last PV - move d1b3 from SF_3000
Info; info depth 15 seldepth 37 multipv 1 score cp -67 nodes 301865 nps 1156570 hashfull 85 tbhits 0 time 261 pv d4f5 g6f5 d1b3 f5f4 f2e2 d6f5 e3f4 e5d4 e2d2 b7b5 a2a4 b5b4 a4a5 f5d6 a5a6 f7f6 b3a2 d4c5 d2d3 d6b5 a2b3 b5d4
Position; fen rnbqkbnr/ppp1pppp/8/3p4/2PP4/8/PP2PPPP/RNBQKBNR b KQkq - 0 2
Moves; e7e6 g1f3 g8f6 b1c3 f8b4 c1g5 h7h6 g5f6 d8f6 e2e3 b4c3 b2c3 d5c4 f1c4 e8g8 g2g4 e6e5 h1g1 e5d4 g4g5 h6g5 c3d4 c7c5 g1g5 b8c6 g5c5 c8g4 c4e2 f8e8 h2h3 g4h3 d1c2 a8c8 a1d1 g7g6 c2c3 c6e7 c5c8 e7c8 c3c5 h3f5 d4d5 c8d6 c5d4 g8g7 d4f6 g7f6 f3d4 e8h8 f2f3 h8h1 e1f2 h1d1 e2d1 f6e5
Warning; Bestmove does not match beginning of last PV - move a4a5 from SF_2600
Info; info depth 18 seldepth 31 multipv 1 score cp -5 nodes 836092 nps 923858 hashfull 277 tbhits 0 time 905 pv d6d1 c8a6 f3e1 a8d8 d1d8 e6d8 a4a5 d8e6 a5b6 a7b6 f2f3
Position; fen rnbqkb1r/pppp1ppp/5n2/4p3/4P3/5N2/PPPP1PPP/RNBQKB1R w KQkq - 2 3
Moves; d2d4 f6e4 d4e5 d7d5 e5d6 f8d6 f1d3 e4c5 e1g1 c5d3 d1d3 b8c6 f1e1 d6e7 d3d8 c6d8 b1c3 d8e6 c3d5 e7d8 a2a4 f7f6 e1d1 e8f7 h2h4 c7c6 d5c3 d8e7 c3e4 h8d8 c1e3 d8d1 a1d1 b7b6 e4d6 e7d6 d1d6 c6c5
Warning; Bestmove does not match beginning of last PV - move g3f4 from SF_3000
Info; info depth 19 seldepth 59 multipv 1 score cp -534 nodes 4434232 nps 1835360 hashfull 719 tbhits 0 time 2416 pv g3e1 c4f1 e1e3 f1f2 e3c1 g1h2 c1f4 h2h1 f4c1 f2g1 c1b2 g1e1 f6f5 e4f5 b2b5 e1h4 b5b1 h1h2 b1f5 h4g4 f5g6
Position; fen rnbqkbnr/ppp1pppp/8/3p4/2PP4/8/PP2PPPP/RNBQKBNR b KQkq - 0 2
Moves; d5c4 g1f3 e7e6 e2e3 g8f6 f1c4 c7c5 e1g1 b8c6 d1e2 a7a6 d4c5 f8c5 a2a3 e8g8 b2b4 c5a7 c1b2 c8d7 b1c3 d8e7 f1d1 f8d8 c4d3 a8c8 c3e4 f6e4 d3e4 f7f6 a1c1 e6e5 h2h3 d7e8 e2c4 e8f7 c4c2 h7h6 f3h4 e7e8 h4f5 a7b8 c2e2 d8d1 c1d1 h6h5 e2f3 c8d8 d1d8 e8d8 b2c3 g8f8 a3a4 c6e7 f5e7 f8e7 e4b7 d8d3 e3e4 d3c2 b7a6 c2a4 a6f1 f7g6 f3g3 g6f7 g3g7 a4d1 g7h8 f7c4 h8b8 d1f1 g1h2 f1d3 b8c7 e7e8 c7c6 e8e7 c3e1 d3e2 c6c7 e7f8 f2f3 e2e1 c7c8 f8g7 c8c4 h5h4 b4b5 e1g3 h2g1
Warning; Bestmove does not match beginning of last PV - move a6a5 from SF_2700
Info; info depth 19 seldepth 29 multipv 1 score cp -84 nodes 1167193 nps 722720 hashfull 404 tbhits 0 time 1615 pv f8e8 e2c2 d8e6 c5e6 e7e6 c3c4 c7c6 a1d1 e6d7 e3d2 d7f7 g2g3 e8e1 d2e1
Position; fen rnbqkbnr/ppp1pppp/8/3pP3/8/8/PPPP1PPP/RNBQKBNR b KQkq - 0 2
Moves; a7a6 d2d4 f7f6 f1d3 c8e6 g1f3 e6g4 h2h3 g4f3 d1f3 g7g6 f3e2 f8g7 b1d2 b8c6 e5f6 g8f6 c2c3 d8d6 d2b3 e7e5 d4e5 d6e5 c1e3 e8g8 e1g1 e5e7 b3c5 c6d8 f1e1
Warning; Bestmove does not match beginning of last PV - move d6d1 from SF_2600
Info; info depth 15 seldepth 28 multipv 1 score cp -14 nodes 373937 nps 981461 hashfull 118 tbhits 0 time 381 pv f3d2 f7e7 d6d3 a5a4 d2e4 a8b8 e4c5 b8b2 c5a4 b2b1 g1h2 b1b4 a4c3 b4h4 h2g1 a7a5 c3d5 e7f7 d5b6
Position; fen rnbqkb1r/pppp1ppp/5n2/4p3/4P3/5N2/PPPP1PPP/RNBQKB1R w KQkq - 2 3
Moves; d2d4 f6e4 d4e5 d7d5 e5d6 f8d6 f1d3 e4c5 e1g1 c5d3 d1d3 b8c6 f1e1 d6e7 d3d8 c6d8 b1c3 d8e6 c3d5 e7d8 a2a4 f7f6 e1d1 e8f7 h2h4 c7c6 d5c3 d8e7 c3e4 h8d8 c1e3 d8d1 a1d1 b7b6 e4d6 e7d6 d1d6 c6c5 a4a5 b6a5
Warning; Bestmove does not match beginning of last PV - move h8h7 from SF_2600
Info; info depth 16 seldepth 26 multipv 1 score cp -624 nodes 532709 nps 2443619 hashfull 200 tbhits 0 time 218 pv h8g8 g6f8 c2a2 d1d5 g8f8 d5d4 a2b2 h3h4 b6b5 a4b5 b2b5 g1h2 g7g5 h4h5 f8f7 d4d7 f7f6
Position; fen rnbqkb1r/pppp1ppp/5n2/4p3/4P3/5N2/PPPP1PPP/RNBQKB1R w KQkq - 2 3
Moves; f3e5 d7d6 e5f3 f6e4 d2d4 f8e7 f1d3 e4f6 h2h3 d6d5 e1g1 e8g8 f1e1 c7c6 c2c4 d5c4 d3c4 h7h6 d1c2 b8d7 c2g6 f6d5 g6g3 g8h8 b1c3 d7f6 c3d5 c6d5 c4d3 f6e4 d3e4 e7d6 c1f4 d6f4 g3f4 d5e4 e1e4 c8e6 e4e3 a7a5 f3e5 a8c8 b2b3 a5a4 b3a4 c8c2 d4d5 e6d5 a1d1 b7b6 f4f7 d8d6 f7f8 d6f8 e5g6
Finished game 11 (HiveChess vs SF_2600): 1-0 {White wins by adjudication}
Started game 14 of 1000 (SF_2700 vs HiveChess)
Warning; Bestmove does not match beginning of last PV - move g7g6 from SF_3000
Info; info depth 16 seldepth 46 multipv 1 score cp -722 nodes 4483936 nps 2417216 hashfull 693 tbhits 0 time 1855 pv g7h6 c7c3 f4g3 b5b6 g3g7 c3c8 g7g3 c8c1 h6h5 b6b7 g3g8 c1c8 g8g5
Position; fen rnbqkbnr/ppp1pppp/8/3p4/2PP4/8/PP2PPPP/RNBQKBNR b KQkq - 0 2
Moves; d5c4 g1f3 e7e6 e2e3 g8f6 f1c4 c7c5 e1g1 b8c6 d1e2 a7a6 d4c5 f8c5 a2a3 e8g8 b2b4 c5a7 c1b2 c8d7 b1c3 d8e7 f1d1 f8d8 c4d3 a8c8 c3e4 f6e4 d3e4 f7f6 a1c1 e6e5 h2h3 d7e8 e2c4 e8f7 c4c2 h7h6 f3h4 e7e8 h4f5 a7b8 c2e2 d8d1 c1d1 h6h5 e2f3 c8d8 d1d8 e8d8 b2c3 g8f8 a3a4 c6e7 f5e7 f8e7 e4b7 d8d3 e3e4 d3c2 b7a6 c2a4 a6f1 f7g6 f3g3 g6f7 g3g7 a4d1 g7h8 f7c4 h8b8 d1f1 g1h2 f1d3 b8c7 e7e8 c7c6 e8e7 c3e1 d3e2 c6c7 e7f8 f2f3 e2e1 c7c8 f8g7 c8c4 h5h4 b4b5 e1g3 h2g1 g3f4 c4c7
Warning; Bestmove does not match beginning of last PV - move g1h2 from SF_2600
Info; info depth 14 seldepth 26 multipv 1 score cp -27 nodes 429724 nps 922154 hashfull 144 tbhits 0 time 466 pv d2c4 b7c6 d1d6 a8c8 f2f4 h7h5 d6d1 f7e7 f4f5 e6d4 e3d4 c5d4 d1d4
Position; fen rnbqkb1r/pppp1ppp/5n2/4p3/4P3/5N2/PPPP1PPP/RNBQKB1R w KQkq - 2 3
Moves; d2d4 f6e4 d4e5 d7d5 e5d6 f8d6 f1d3 e4c5 e1g1 c5d3 d1d3 b8c6 f1e1 d6e7 d3d8 c6d8 b1c3 d8e6 c3d5 e7d8 a2a4 f7f6 e1d1 e8f7 h2h4 c7c6 d5c3 d8e7 c3e4 h8d8 c1e3 d8d1 a1d1 b7b6 e4d6 e7d6 d1d6 c6c5 a4a5 b6a5 d6d1 a5a4 f3d2 c8b7
Warning; Bestmove does not match beginning of last PV - move f8d6 from SF_2700
Info; info depth 16 seldepth 28 multipv 1 score cp -99 nodes 797891 nps 733355 hashfull 313 tbhits 0 time 1088 pv f8f7 d2c1 c7c6 c3c4 d8e6 c4d5 f6d5 c5e6 e8e6 d3c4 e6e5 b2b3 h7h5 e3b6 e5f5 c4d5 f5d5 d1d5
Position; fen rnbqkbnr/ppp1pppp/8/3pP3/8/8/PPPP1PPP/RNBQKBNR b KQkq - 0 2
Moves; a7a6 d2d4 f7f6 f1d3 c8e6 g1f3 e6g4 h2h3 g4f3 d1f3 g7g6 f3e2 f8g7 b1d2 b8c6 e5f6 g8f6 c2c3 d8d6 d2b3 e7e5 d4e5 d6e5 c1e3 e8g8 e1g1 e5e7 b3c5 c6d8 f1e1 a6a5 a1d1 f8e8 e2c2 e7f8 c2d2
Finished game 9 (HiveChess vs SF_3000): 1-0 {White wins by adjudication}
Started game 15 of 1000 (HiveChess vs SF_2800)
Warning; Bestmove does not match beginning of last PV - move a5a4 from SF_2700
Info; info depth 15 seldepth 22 multipv 1 score cp -106 nodes 363885 nps 774223 hashfull 127 tbhits 0 time 470 pv b7b6 c5d3 d8e6 d3f4 c7c6 f4e6 e8e6 c3c4 f6e4 d2c2 d5d4 c4c5 d6c5 f1c4 g8h8 d1d4 g7d4 e3d4 c5d4
Position; fen rnbqkbnr/ppp1pppp/8/3pP3/8/8/PPPP1PPP/RNBQKBNR b KQkq - 0 2
Moves; a7a6 d2d4 f7f6 f1d3 c8e6 g1f3 e6g4 h2h3 g4f3 d1f3 g7g6 f3e2 f8g7 b1d2 b8c6 e5f6 g8f6 c2c3 d8d6 d2b3 e7e5 d4e5 d6e5 c1e3 e8g8 e1g1 e5e7 b3c5 c6d8 f1e1 a6a5 a1d1 f8e8 e2c2 e7f8 c2d2 f8d6 d3f1
Warning; Bestmove does not match beginning of last PV - move a3c3 from SF_2600
Info; info depth 12 seldepth 20 multipv 1 score cp -66 nodes 184010 nps 920050 hashfull 61 tbhits 0 time 200 pv b2b3 a7a6 d2c4 e6d4 a3a2 b8b4 e3d2 a4b3 c2b3 b4b3 a2a6 c6b5 c4d6 f7e7 d6b5 b3b5
Position; fen rnbqkb1r/pppp1ppp/5n2/4p3/4P3/5N2/PPPP1PPP/RNBQKB1R w KQkq - 2 3
Moves; d2d4 f6e4 d4e5 d7d5 e5d6 f8d6 f1d3 e4c5 e1g1 c5d3 d1d3 b8c6 f1e1 d6e7 d3d8 c6d8 b1c3 d8e6 c3d5 e7d8 a2a4 f7f6 e1d1 e8f7 h2h4 c7c6 d5c3 d8e7 c3e4 h8d8 c1e3 d8d1 a1d1 b7b6 e4d6 e7d6 d1d6 c6c5 a4a5 b6a5 d6d1 a5a4 f3d2 c8b7 g1h2 a8d8 d1a1 b7c6 a1a3 d8b8
Warning; Bestmove does not match beginning of last PV - move a5a6 from SF_3000
Info; info depth 11 seldepth 28 multipv 1 score cp -83 nodes 43785 nps 1042500 hashfull 9 tbhits 0 time 42 pv a5b6 a7b6 g2f2 b6b5 f2e2 d6b7 b3c2 b7c5 f3f4 g5f4 e3f4 e5f4 d5d6 b5b4 e2d2 f4e5 d2e3 f5f4 e3f3 b4b3 d6d7 b3c2 d7d8q c2c1q
Position; fen rnbqkbnr/ppp1pppp/8/3p4/2PP4/8/PP2PPPP/RNBQKBNR b KQkq - 0 2
Moves; e7e6 g1f3 g8f6 b1c3 f8b4 c1g5 h7h6 g5f6 d8f6 e2e3 b4c3 b2c3 d5c4 f1c4 e8g8 g2g4 e6e5 h1g1 e5d4 g4g5 h6g5 c3d4 c7c5 g1g5 b8c6 g5c5 c8g4 c4e2 f8e8 h2h3 g4h3 d1c2 a8c8 a1d1 g7g6 c2c3 c6e7 c5c8 e7c8 c3c5 h3f5 d4d5 c8d6 c5d4 g8g7 d4f6 g7f6 f3d4 e8h8 f2f3 h8h1 e1f2 h1d1 e2d1 f6e5 d1b3 g6g5 d4f5 d6f5 a2a4 f5d6 a4a5 f7f5 f2g2 b7b6
Warning; Bestmove does not match beginning of last PV - move e7e6 from SF_2800
Info; info depth 20 seldepth 43 multipv 1 score cp -32 nodes 2249755 nps 742738 hashfull 684 tbhits 0 time 3029 pv c7c6 b1c3 d7d5 g1f3 d5c4 a2a4 c8f5 e2e3 e7e6 f1c4 f8b4 e1g1 e8g8 d1e2 f6e4 c4d3 b4c3 d3e4 c3b4 c1d2 b4d2 f3d2 f5e4 d2e4
Position; fen rnbqkb1r/pppppppp/5n2/8/3P4/8/PPP1PPPP/RNBQKBNR w KQkq - 1 2
Moves; c2c4
Warning; Bestmove does not match beginning of last PV - move a8a5 from SF_2700
Info; info depth 14 seldepth 25 multipv 1 score cp -70 nodes 327644 nps 767316 hashfull 118 tbhits 0 time 427 pv c7c6 g2g3 b7b6 c5a6 d8e6 a2a3 b6b5 a6b4 f6g4 f1h3
Position; fen rnbqkbnr/ppp1pppp/8/3pP3/8/8/PPPP1PPP/RNBQKBNR b KQkq - 0 2
Moves; a7a6 d2d4 f7f6 f1d3 c8e6 g1f3 e6g4 h2h3 g4f3 d1f3 g7g6 f3e2 f8g7 b1d2 b8c6 e5f6 g8f6 c2c3 d8d6 d2b3 e7e5 d4e5 d6e5 c1e3 e8g8 e1g1 e5e7 b3c5 c6d8 f1e1 a6a5 a1d1 f8e8 e2c2 e7f8 c2d2 f8d6 d3f1 a5a4 h3h4
Warning; Bestmove does not match beginning of last PV - move f1d3 from SF_2700
Info; info depth 19 seldepth 27 multipv 1 score cp -3 nodes 1777107 nps 777047 hashfull 500 tbhits 0 time 2287 pv g1f3 e7e6 f1d3 f7f5 e5f6 g8f6 e1g1 b8c6 c3d4 c5d4 f1e1 c6b4 d3c4 d4d3 c4b3
Position; fen rnbqkbnr/ppp1pppp/8/3pP3/8/8/PPPP1PPP/RNBQKBNR b KQkq - 0 2
Moves; c7c5 c2c3 a7a6 h2h3 d5d4
Warning; Bestmove does not match beginning of last PV - move g2f1 from SF_3000
Info; info depth 12 seldepth 21 multipv 1 score cp -192 nodes 57059 nps 1097288 hashfull 15 tbhits 0 time 52 pv g2f2 g5g4 f2g3 g4f3 g3f3 d6e4 b3c2 e4c5 f3e2 c5a6
Position; fen rnbqkbnr/ppp1pppp/8/3p4/2PP4/8/PP2PPPP/RNBQKBNR b KQkq - 0 2
Moves; e7e6 g1f3 g8f6 b1c3 f8b4 c1g5 h7h6 g5f6 d8f6 e2e3 b4c3 b2c3 d5c4 f1c4 e8g8 g2g4 e6e5 h1g1 e5d4 g4g5 h6g5 c3d4 c7c5 g1g5 b8c6 g5c5 c8g4 c4e2 f8e8 h2h3 g4h3 d1c2 a8c8 a1d1 g7g6 c2c3 c6e7 c5c8 e7c8 c3c5 h3f5 d4d5 c8d6 c5d4 g8g7 d4f6 g7f6 f3d4 e8h8 f2f3 h8h1 e1f2 h1d1 e2d1 f6e5 d1b3 g6g5 d4f5 d6f5 a2a4 f5d6 a4a5 f7f5 f2g2 b7b6 a5a6 b6b5
Warning; Bestmove does not match beginning of last PV - move d7d5 from SF_2800
Info; info depth 18 seldepth 25 multipv 1 score cp -22 nodes 1022301 nps 795564 hashfull 315 tbhits 0 time 1285 pv e8g8 d1c2 d7d5 a2a3 b4c3 c2c3 b7b6 g1f3 c8a6 c3c2
Position; fen rnbqkb1r/pppppppp/5n2/8/3P4/8/PPP1PPPP/RNBQKBNR w KQkq - 1 2
Moves; c2c4 e7e6 b1c3 f8b4 e2e3
Warning; Bestmove does not match beginning of last PV - move f2f4 from SF_2700
Info; info depth 16 seldepth 19 multipv 1 score cp -6 nodes 442712 nps 783561 hashfull 144 tbhits 0 time 565 pv g1f3 d8c7 d1e2 g7g5 d3e4 g5g4 e4c6 c7c6 h3g4 c8g4 d2d3 h7h5 e2e4 c6e4 d3e4 g4f3 g2f3
Position; fen rnbqkbnr/ppp1pppp/8/3pP3/8/8/PPPP1PPP/RNBQKBNR b KQkq - 0 2
Moves; c7c5 c2c3 a7a6 h2h3 d5d4 f1d3 b8c6
Warning; Bestmove does not match beginning of last PV - move d2e4 from SF_2600
Info; info depth 11 seldepth 19 multipv 1 score cp -144 nodes 69855 nps 1164250 hashfull 20 tbhits 0 time 60 pv d2c4 b5c4 c5c4 a4a3 c4c7 f7e6 c7g7 a3a2 g7a7 e6d5 g2g4 b2c2 h2g3 d5c4 g4g5 c2c3 f2f3
Position; fen rnbqkb1r/pppp1ppp/5n2/4p3/4P3/5N2/PPPP1PPP/RNBQKB1R w KQkq - 2 3
Moves; d2d4 f6e4 d4e5 d7d5 e5d6 f8d6 f1d3 e4c5 e1g1 c5d3 d1d3 b8c6 f1e1 d6e7 d3d8 c6d8 b1c3 d8e6 c3d5 e7d8 a2a4 f7f6 e1d1 e8f7 h2h4 c7c6 d5c3 d8e7 c3e4 h8d8 c1e3 d8d1 a1d1 b7b6 e4d6 e7d6 d1d6 c6c5 a4a5 b6a5 d6d1 a5a4 f3d2 c8b7 g1h2 a8d8 d1a1 b7c6 a1a3 d8b8 a3c3 b8b2 e3c5 e6c5 c3c5 c6b5
Warning; Bestmove does not match beginning of last PV - move g2g3 from SF_2700
Info; info depth 16 seldepth 24 multipv 1 score cp -50 nodes 537945 nps 749227 hashfull 176 tbhits 0 time 718 pv g1f3 b7b5 d3e4 c8b7 c3d4 f7f5 e4c6 b7c6 d4c5 f8c5 d2d4 c5b6 b1c3 g8e7 e1g1 e8g8 g1h2
Position; fen rnbqkbnr/ppp1pppp/8/3pP3/8/8/PPPP1PPP/RNBQKBNR b KQkq - 0 2
Moves; c7c5 c2c3 a7a6 h2h3 d5d4 f1d3 b8c6 f2f4 e7e6
Warning; Bestmove does not match beginning of last PV - move b7b6 from SF_2800
Info; info depth 17 seldepth 27 multipv 1 score cp -18 nodes 774423 nps 747512 hashfull 270 tbhits 0 time 1036 pv b8d7 f1d3 d5c4 d3c4 a7a6 c4d3 b4d6 e1g1 c7c5 d1e2 c5d4 e3d4 b7b5 c3e4 d6e7 b2b4 c8b7
Position; fen rnbqkb1r/pppppppp/5n2/8/3P4/8/PPP1PPPP/RNBQKBNR w KQkq - 1 2
Moves; c2c4 e7e6 b1c3 f8b4 e2e3 d7d5 c1d2 e8g8 g1f3
Warning; Bestmove does not match beginning of last PV - move d1h5 from SF_2700
Info; info depth 18 seldepth 38 multipv 1 score cp -108 nodes 914912 nps 730760 hashfull 303 tbhits 0 time 1252 pv d3e4 g5f4 e4c6 b7c6 d2d3 f4g3 g1f3 c5c4 c3d4 c4d3 e1g1 c8b7 b1c3 c6c5 d4d5 c5c4 d1a4 d8d7 d5d6 d7a4 c3a4 g8h6 f3d4 h6f5 d4f5 e6f5 f1f5
Position; fen rnbqkbnr/ppp1pppp/8/3pP3/8/8/PPPP1PPP/RNBQKBNR b KQkq - 0 2
Moves; c7c5 c2c3 a7a6 h2h3 d5d4 f1d3 b8c6 f2f4 e7e6 g2g3 g7g5
Warning; Bestmove does not match beginning of last PV - move b4c3 from SF_2800
Info; info depth 16 seldepth 32 multipv 1 score cp -19 nodes 533790 nps 781537 hashfull 171 tbhits 0 time 683 pv e6d5 a1c1 c7c5 f3e5 c8b7 f1e2 b8c6 e1g1 d8e7 a2a3 b4c3 e5c6 b7c6 d2c3 f6e4
Position; fen rnbqkb1r/pppppppp/5n2/8/3P4/8/PPP1PPPP/RNBQKBNR w KQkq - 1 2
Moves; c2c4 e7e6 b1c3 f8b4 e2e3 d7d5 c1d2 e8g8 g1f3 b7b6 c4d5
Warning; Bestmove does not match beginning of last PV - move g5f4 from HiveChess
Info; info depth 15 score cp 135 nodes 4279296 pv g8e7 d3e4 e7f5 h5g5 d8g5 e4c6 b7c6 f4g5 f5g3 h1h2 d4d3 g1f3 c5c4 b2b3 c8b7
Position; fen rnbqkbnr/ppp1pppp/8/3pP3/8/8/PPPP1PPP/RNBQKBNR b KQkq - 0 2
Moves; c7c5 c2c3 a7a6 h2h3 d5d4 f1d3 b8c6 f2f4 e7e6 g2g3 g7g5 d1h5
Warning; Bestmove does not match beginning of last PV - move g1f3 from SF_2700
Info; info depth 17 seldepth 31 multipv 1 score cp -149 nodes 711946 nps 742383 hashfull 250 tbhits 0 time 959 pv d3e4 d8c7 g1f3 c8d7 d2d3 f4g3 e1g1 e8c8 h5f7 h7h5 c1g5 f8e7 b1d2 g8h6 f7f4 d8f8
Position; fen rnbqkbnr/ppp1pppp/8/3pP3/8/8/PPPP1PPP/RNBQKBNR b KQkq - 0 2
Moves; c7c5 c2c3 a7a6 h2h3 d5d4 f1d3 b8c6 f2f4 e7e6 g2g3 g7g5 d1h5 g5f4
Warning; Bestmove does not match beginning of last PV - move e6d5 from SF_2800
Info; info depth 22 seldepth 32 multipv 1 score cp -39 nodes 1674353 nps 711279 hashfull 572 tbhits 0 time 2354 pv f6d5 c3d2 b8d7 b2b4 c7c5 b4c5 b6c5 f1e2 c5d4 f3d4 d7f6 e1g1 d8d6 a1c1 f6e4 d1c2 e4d2 c2d2
Position; fen rnbqkb1r/pppppppp/5n2/8/3P4/8/PPP1PPPP/RNBQKBNR w KQkq - 1 2
Moves; c2c4 e7e6 b1c3 f8b4 e2e3 d7d5 c1d2 e8g8 g1f3 b7b6 c4d5 b4c3 d2c3
Warning; Bestmove does not match beginning of last PV - move f6e8 from SF_2700
Info; info depth 15 seldepth 32 multipv 1 score cp -101 nodes 249778 nps 876414 hashfull 86 tbhits 0 time 285 pv a8e8 c4d5 f6e4 d2c1 g7e5 f4e5 f7e5 f1e2 d7f7 c1e3 e4d6 b3c5
Position; fen rnbqkbnr/ppp1pppp/8/3pP3/8/8/PPPP1PPP/RNBQKBNR b KQkq - 0 2
Moves; a7a6 d2d4 f7f6 f1d3 c8e6 g1f3 e6g4 h2h3 g4f3 d1f3 g7g6 f3e2 f8g7 b1d2 b8c6 e5f6 g8f6 c2c3 d8d6 d2b3 e7e5 d4e5 d6e5 c1e3 e8g8 e1g1 e5e7 b3c5 c6d8 f1e1 a6a5 a1d1 f8e8 e2c2 e7f8 c2d2 f8d6 d3f1 a5a4 h3h4 a8a5 b2b4 a4b3 c5b3 a5a8 c3c4 d8f7 e3f4 d6d7 e1e8
Warning; Bestmove does not match beginning of last PV - move f6e4 from SF_2800
Info; info depth 17 seldepth 28 multipv 1 score cp -54 nodes 729988 nps 732184 hashfull 273 tbhits 0 time 997 pv d8d6 a1c1 a7a5 f3e5 c8a6 e1g1 a6d3 d1d3 d6e6 d3c2 b8d7 e5d3 f8c8 f1d1 c7c6 c3e1 h7h6 h2h3 c6c5 d4c5 b6c5
Position; fen rnbqkb1r/pppppppp/5n2/8/3P4/8/PPP1PPPP/RNBQKBNR w KQkq - 1 2
Moves; c2c4 e7e6 b1c3 f8b4 e2e3 d7d5 c1d2 e8g8 g1f3 b7b6 c4d5 b4c3 d2c3 e6d5 f1d3
Warning; Bestmove does not match beginning of last PV - move h4h5 from SF_2600
Info; info depth 12 seldepth 16 multipv 1 score cp -161 nodes 59534 nps 1044456 hashfull 17 tbhits 0 time 57 pv a5a7
Position; fen rnbqkb1r/pppp1ppp/5n2/4p3/4P3/5N2/PPPP1PPP/RNBQKB1R w KQkq - 2 3
Moves; d2d4 f6e4 d4e5 d7d5 e5d6 f8d6 f1d3 e4c5 e1g1 c5d3 d1d3 b8c6 f1e1 d6e7 d3d8 c6d8 b1c3 d8e6 c3d5 e7d8 a2a4 f7f6 e1d1 e8f7 h2h4 c7c6 d5c3 d8e7 c3e4 h8d8 c1e3 d8d1 a1d1 b7b6 e4d6 e7d6 d1d6 c6c5 a4a5 b6a5 d6d1 a5a4 f3d2 c8b7 g1h2 a8d8 d1a1 b7c6 a1a3 d8b8 a3c3 b8b2 e3c5 e6c5 c3c5 c6b5 d2e4 f7e6 c2c4 b5d7 c5a5 d7c6 f2f3 b2b4
Warning; Bestmove does not match beginning of last PV - move h5g4 from SF_2700
Info; info depth 19 seldepth 41 multipv 1 score cp -157 nodes 1280729 nps 737322 hashfull 457 tbhits 0 time 1737 pv f3g5 f8e7 d3e4 e7g5 h5g5 d8g5 f4g5 c6e5 d2d3 c8d7 e1e2 d7c6 e4c6 e5c6 h1f1 c6e5 b1d2 h7h6 d2e4 h6g5 c1g5 h8h3 e4c5 b7b6 c3d4 b6c5 d4e5 g6e5
Position; fen rnbqkbnr/ppp1pppp/8/3pP3/8/8/PPPP1PPP/RNBQKBNR b KQkq - 0 2
Moves; c7c5 c2c3 a7a6 h2h3 d5d4 f1d3 b8c6 f2f4 e7e6 g2g3 g7g5 d1h5 g5f4 g1f3 g8e7 g3f4 e7g6
Warning; Bestmove does not match beginning of last PV - move a4a5 from SF_2700
Info; info depth 14 seldepth 23 multipv 1 score cp -119 nodes 218642 nps 903479 hashfull 85 tbhits 0 time 242 pv a4a2 d2e3 a2b2 h4h5 g7e5 h5g6 h7g6 c5d3 e5f4 d3f4 b2e5 f4g6 e5e3
Position; fen rnbqkbnr/ppp1pppp/8/3pP3/8/8/PPPP1PPP/RNBQKBNR b KQkq - 0 2
Moves; a7a6 d2d4 f7f6 f1d3 c8e6 g1f3 e6g4 h2h3 g4f3 d1f3 g7g6 f3e2 f8g7 b1d2 b8c6 e5f6 g8f6 c2c3 d8d6 d2b3 e7e5 d4e5 d6e5 c1e3 e8g8 e1g1 e5e7 b3c5 c6d8 f1e1 a6a5 a1d1 f8e8 e2c2 e7f8 c2d2 f8d6 d3f1 a5a4 h3h4 a8a5 b2b4 a4b3 c5b3 a5a8 c3c4 d8f7 e3f4 d6d7 e1e8 f6e8 c4d5 d7a4 b3c5
Warning; PV continues after threefold repetition - move d3e3 from HiveChess
Info; info depth 25 score cp 793 nodes 4415034 pv c5b6 d3d4 f4f3 d4e3 b5b4 e3d3 b6a6 d3e3 a6b6 e3d3 b6a6 d3e3 a6b6 e3d3 b6a6 d3e3 a6b6 e3d3 b6a6 d3e3 a6b6 e3d3 b6a6 d3e3 a6b6
Position; fen rnbqkbnr/ppp1pppp/8/3p4/2PP4/8/PP2PPPP/RNBQKBNR b KQkq - 0 2
Moves; e7e6 g1f3 g8f6 b1c3 f8b4 c1g5 h7h6 g5f6 d8f6 e2e3 b4c3 b2c3 d5c4 f1c4 e8g8 g2g4 e6e5 h1g1 e5d4 g4g5 h6g5 c3d4 c7c5 g1g5 b8c6 g5c5 c8g4 c4e2 f8e8 h2h3 g4h3 d1c2 a8c8 a1d1 g7g6 c2c3 c6e7 c5c8 e7c8 c3c5 h3f5 d4d5 c8d6 c5d4 g8g7 d4f6 g7f6 f3d4 e8h8 f2f3 h8h1 e1f2 h1d1 e2d1 f6e5 d1b3 g6g5 d4f5 d6f5 a2a4 f5d6 a4a5 f7f5 f2g2 b7b6 a5a6 b6b5 g2f1 f5f4 e3e4 g5g4 f3g4 d6e4 b3c2 e5d5 f1e2 e4g5 e2d3 d5c5 c2d1
Warning; Bestmove does not match beginning of last PV - move a7g7 from SF_2600
Info; info depth 12 seldepth 23 multipv 1 score cp -193 nodes 51717 nps 1014058 hashfull 18 tbhits 0 time 51 pv h2g3 h7h6 a7a5 e5d4 g3f4 c6e4 f3e4
Position; fen rnbqkb1r/pppp1ppp/5n2/4p3/4P3/5N2/PPPP1PPP/RNBQKB1R w KQkq - 2 3
Moves; d2d4 f6e4 d4e5 d7d5 e5d6 f8d6 f1d3 e4c5 e1g1 c5d3 d1d3 b8c6 f1e1 d6e7 d3d8 c6d8 b1c3 d8e6 c3d5 e7d8 a2a4 f7f6 e1d1 e8f7 h2h4 c7c6 d5c3 d8e7 c3e4 h8d8 c1e3 d8d1 a1d1 b7b6 e4d6 e7d6 d1d6 c6c5 a4a5 b6a5 d6d1 a5a4 f3d2 c8b7 g1h2 a8d8 d1a1 b7c6 a1a3 d8b8 a3c3 b8b2 e3c5 e6c5 c3c5 c6b5 d2e4 f7e6 c2c4 b5d7 c5a5 d7c6 f2f3 b2b4 h4h5 b4c4 a5a7 e6e5
Warning; Bestmove does not match beginning of last PV - move d1e2 from SF_3000
Info; info depth 20 seldepth 45 multipv 1 score cp -602 nodes 8409602 nps 2363575 hashfull 880 tbhits 0 time 3558 pv d3d4 f4f3 d4e3 b5b4 e3d3 b6a6 d3c4 a6a5 d1c2 f3f2 c2d3 a5a4 c4d4 b4b3 d4e3 a4b4 e3f2 a7a5 d3g6
Position; fen rnbqkbnr/ppp1pppp/8/3p4/2PP4/8/PP2PPPP/RNBQKBNR b KQkq - 0 2
Moves; e7e6 g1f3 g8f6 b1c3 f8b4 c1g5 h7h6 g5f6 d8f6 e2e3 b4c3 b2c3 d5c4 f1c4 e8g8 g2g4 e6e5 h1g1 e5d4 g4g5 h6g5 c3d4 c7c5 g1g5 b8c6 g5c5 c8g4 c4e2 f8e8 h2h3 g4h3 d1c2 a8c8 a1d1 g7g6 c2c3 c6e7 c5c8 e7c8 c3c5 h3f5 d4d5 c8d6 c5d4 g8g7 d4f6 g7f6 f3d4 e8h8 f2f3 h8h1 e1f2 h1d1 e2d1 f6e5 d1b3 g6g5 d4f5 d6f5 a2a4 f5d6 a4a5 f7f5 f2g2 b7b6 a5a6 b6b5 g2f1 f5f4 e3e4 g5g4 f3g4 d6e4 b3c2 e5d5 f1e2 e4g5 e2d3 d5c5 c2d1 c5b6
Warning; Bestmove does not match beginning of last PV - move h5h6 from SF_2600
Info; info depth 10 seldepth 12 multipv 1 score cp -202 nodes 16407 nps 1093800 hashfull 2 tbhits 0 time 15 pv g7h7 a3a2 h7a7 c6a4 a7a5 e5e6 h5h6 a2a1q h6h7 c4c8
Position; fen rnbqkb1r/pppp1ppp/5n2/4p3/4P3/5N2/PPPP1PPP/RNBQKB1R w KQkq - 2 3
Moves; d2d4 f6e4 d4e5 d7d5 e5d6 f8d6 f1d3 e4c5 e1g1 c5d3 d1d3 b8c6 f1e1 d6e7 d3d8 c6d8 b1c3 d8e6 c3d5 e7d8 a2a4 f7f6 e1d1 e8f7 h2h4 c7c6 d5c3 d8e7 c3e4 h8d8 c1e3 d8d1 a1d1 b7b6 e4d6 e7d6 d1d6 c6c5 a4a5 b6a5 d6d1 a5a4 f3d2 c8b7 g1h2 a8d8 d1a1 b7c6 a1a3 d8b8 a3c3 b8b2 e3c5 e6c5 c3c5 c6b5 d2e4 f7e6 c2c4 b5d7 c5a5 d7c6 f2f3 b2b4 h4h5 b4c4 a5a7 e6e5 a7g7 a4a3
Warning; Bestmove does not match beginning of last PV - move a2c2 from SF_2700
Info; info depth 11 seldepth 23 multipv 1 score cp -94 nodes 63050 nps 985156 hashfull 18 tbhits 0 time 64 pv a2a1 d1a1 g7a1 b7c5 a1e5 f4c1 e8f6 f1g2 f7d6 g1f1
Position; fen rnbqkbnr/ppp1pppp/8/3pP3/8/8/PPPP1PPP/RNBQKBNR b KQkq - 0 2
Moves; a7a6 d2d4 f7f6 f1d3 c8e6 g1f3 e6g4 h2h3 g4f3 d1f3 g7g6 f3e2 f8g7 b1d2 b8c6 e5f6 g8f6 c2c3 d8d6 d2b3 e7e5 d4e5 d6e5 c1e3 e8g8 e1g1 e5e7 b3c5 c6d8 f1e1 a6a5 a1d1 f8e8 e2c2 e7f8 c2d2 f8d6 d3f1 a5a4 h3h4 a8a5 b2b4 a4b3 c5b3 a5a8 c3c4 d8f7 e3f4 d6d7 e1e8 f6e8 c4d5 d7a4 b3c5 a4a5 d2a5 a8a5 c5b7 a5a2 g2g3
Warning; Bestmove does not match beginning of last PV - move d8e7 from SF_2800
Info; info depth 17 seldepth 26 multipv 1 score cp -47 nodes 941389 nps 808059 hashfull 308 tbhits 0 time 1165 pv c8b7 c3c4 c7c5 d4c5 d5c4 d3c4 b6c5 c2f5 d8e7 f1d1 a8c8 f5e5 f8e8 e5e7 e8e7 f3g5 h7h6 g5f7 e7f7 c4e6 c8c7
Position; fen rnbqkb1r/pppppppp/5n2/8/3P4/8/PPP1PPPP/RNBQKBNR w KQkq - 1 2
Moves; c2c4 e7e6 b1c3 f8b4 e2e3 d7d5 c1d2 e8g8 g1f3 b7b6 c4d5 b4c3 d2c3 e6d5 f1d3 f6e4 e1g1 e4c3 b2c3 b8d7 d1c2 d7f6 a1c1
Warning; Bestmove does not match beginning of last PV - move f7d6 from SF_2700
Info; info depth 10 seldepth 15 multipv 1 score cp -80 nodes 47210 nps 944200 hashfull 16 tbhits 0 time 50 pv e8d6 f1d3 c2c3 b7d6 c7d6 d3b5 c3a3
Position; fen rnbqkbnr/ppp1pppp/8/3pP3/8/8/PPPP1PPP/RNBQKBNR b KQkq - 0 2
Moves; a7a6 d2d4 f7f6 f1d3 c8e6 g1f3 e6g4 h2h3 g4f3 d1f3 g7g6 f3e2 f8g7 b1d2 b8c6 e5f6 g8f6 c2c3 d8d6 d2b3 e7e5 d4e5 d6e5 c1e3 e8g8 e1g1 e5e7 b3c5 c6d8 f1e1 a6a5 a1d1 f8e8 e2c2 e7f8 c2d2 f8d6 d3f1 a5a4 h3h4 a8a5 b2b4 a4b3 c5b3 a5a8 c3c4 d8f7 e3f4 d6d7 e1e8 f6e8 c4d5 d7a4 b3c5 a4a5 d2a5 a8a5 c5b7 a5a2 g2g3 a2c2 f4e3
Warning; Bestmove does not match beginning of last PV - move e2d1 from SF_3000
Info; info depth 18 seldepth 52 multipv 1 score cp -637 nodes 11389461 nps 2416092 hashfull 966 tbhits 0 time 4714 pv d3d4 a6a5 d4c5 b5b4 c5c6 f4f3 e2f3 g5f3 c6b7 b4b3 b7a7 f3g5 a7b8 b3b2 b8a8 a5b6 a8b8 b2b1q
Position; fen rnbqkbnr/ppp1pppp/8/3p4/2PP4/8/PP2PPPP/RNBQKBNR b KQkq - 0 2
Moves; e7e6 g1f3 g8f6 b1c3 f8b4 c1g5 h7h6 g5f6 d8f6 e2e3 b4c3 b2c3 d5c4 f1c4 e8g8 g2g4 e6e5 h1g1 e5d4 g4g5 h6g5 c3d4 c7c5 g1g5 b8c6 g5c5 c8g4 c4e2 f8e8 h2h3 g4h3 d1c2 a8c8 a1d1 g7g6 c2c3 c6e7 c5c8 e7c8 c3c5 h3f5 d4d5 c8d6 c5d4 g8g7 d4f6 g7f6 f3d4 e8h8 f2f3 h8h1 e1f2 h1d1 e2d1 f6e5 d1b3 g6g5 d4f5 d6f5 a2a4 f5d6 a4a5 f7f5 f2g2 b7b6 a5a6 b6b5 g2f1 f5f4 e3e4 g5g4 f3g4 d6e4 b3c2 e5d5 f1e2 e4g5 e2d3 d5c5 c2d1 c5b6 d1e2 b6a6
Warning; Bestmove does not match beginning of last PV - move g7g6 from SF_2800
Info; info depth 16 seldepth 21 multipv 1 score cp -74 nodes 703261 nps 749745 hashfull 249 tbhits 0 time 938 pv d5c4 c2c4 c8e6 c4c7 e7c7 c1c7 f8c8 c7c8 a8c8 h2h3 g8f8 e3e4 e6a2 f1a1 a2c4 d3c4 c8c4
Position; fen rnbqkb1r/pppppppp/5n2/8/3P4/8/PPP1PPPP/RNBQKBNR w KQkq - 1 2
Moves; c2c4 e7e6 b1c3 f8b4 e2e3 d7d5 c1d2 e8g8 g1f3 b7b6 c4d5 b4c3 d2c3 e6d5 f1d3 f6e4 e1g1 e4c3 b2c3 b8d7 d1c2 d7f6 a1c1 d8e7 c3c4
Warning; Bestmove does not match beginning of last PV - move f3e5 from SF_2700
Info; info depth 19 seldepth 34 multipv 1 score cp -204 nodes 944407 nps 756736 hashfull 342 tbhits 0 time 1248 pv e4c6 b7c6 f3e5 f7f5 g5f5 e6f5 d2d3 f4g6 c3d4 c8e6 e5f3 e6d5 h1f1 c5d4 f3d4 e8c8 d4f5 g6e5 d3d4 e5d3 e1d2
Position; fen rnbqkbnr/ppp1pppp/8/3pP3/8/8/PPPP1PPP/RNBQKBNR b KQkq - 0 2
Moves; c7c5 c2c3 a7a6 h2h3 d5d4 f1d3 b8c6 f2f4 e7e6 g2g3 g7g5 d1h5 g5f4 g1f3 g8e7 g3f4 e7g6 h5g4 f7f5 e5f6 d8f6 g4g5 f6f7 d3e4 g6f4
Warning; Bestmove does not match beginning of last PV - move e8f6 from SF_2700
Info; info depth 10 seldepth 12 multipv 1 score cp -86 nodes 29379 nps 1049250 hashfull 6 tbhits 0 time 28 pv d6f5 e3f4 g7d4 f1d3 d4f2 g1f1 c2a2 d3b1 a2b2 b1f5 g6f5
Position; fen rnbqkbnr/ppp1pppp/8/3pP3/8/8/PPPP1PPP/RNBQKBNR b KQkq - 0 2
Moves; a7a6 d2d4 f7f6 f1d3 c8e6 g1f3 e6g4 h2h3 g4f3 d1f3 g7g6 f3e2 f8g7 b1d2 b8c6 e5f6 g8f6 c2c3 d8d6 d2b3 e7e5 d4e5 d6e5 c1e3 e8g8 e1g1 e5e7 b3c5 c6d8 f1e1 a6a5 a1d1 f8e8 e2c2 e7f8 c2d2 f8d6 d3f1 a5a4 h3h4 a8a5 b2b4 a4b3 c5b3 a5a8 c3c4 d8f7 e3f4 d6d7 e1e8 f6e8 c4d5 d7a4 b3c5 a4a5 d2a5 a8a5 c5b7 a5a2 g2g3 a2c2 f4e3 f7d6 b7d8
Warning; Bestmove does not match beginning of last PV - move d3c3 from SF_3000
Info; info depth 17 seldepth 52 multipv 1 score cp -686 nodes 9467980 nps 2570027 hashfull 913 tbhits 0 time 3684 pv d3d4 f4f3 d4e3 b5b4 d1c2 b6c5 c2d3 a7a5 e3f4 b4b3 f4g5 f3f2 g5f4 b3b2 f4e3 f2f1q d3f1 b2b1q f1d3
Position; fen rnbqkbnr/ppp1pppp/8/3p4/2PP4/8/PP2PPPP/RNBQKBNR b KQkq - 0 2
Moves; e7e6 g1f3 g8f6 b1c3 f8b4 c1g5 h7h6 g5f6 d8f6 e2e3 b4c3 b2c3 d5c4 f1c4 e8g8 g2g4 e6e5 h1g1 e5d4 g4g5 h6g5 c3d4 c7c5 g1g5 b8c6 g5c5 c8g4 c4e2 f8e8 h2h3 g4h3 d1c2 a8c8 a1d1 g7g6 c2c3 c6e7 c5c8 e7c8 c3c5 h3f5 d4d5 c8d6 c5d4 g8g7 d4f6 g7f6 f3d4 e8h8 f2f3 h8h1 e1f2 h1d1 e2d1 f6e5 d1b3 g6g5 d4f5 d6f5 a2a4 f5d6 a4a5 f7f5 f2g2 b7b6 a5a6 b6b5 g2f1 f5f4 e3e4 g5g4 f3g4 d6e4 b3c2 e5d5 f1e2 e4g5 e2d3 d5c5 c2d1 c5b6 d1e2 b6a6 e2d1 a6b6
Finished game 10 (SF_3000 vs HiveChess): 0-1 {Black wins by adjudication}
Started game 16 of 1000 (SF_2800 vs HiveChess)
Warning; Bestmove does not match beginning of last PV - move c8d7 from SF_2800
Info; info depth 14 seldepth 29 multipv 1 score cp -58 nodes 442905 nps 697488 hashfull 171 tbhits 0 time 635 pv b6c5 d4c5 e4g5 f3d4 g5e6 d4c6 e7f6 c2b3 e6d8 c6d4 c7c6 b3a3 c8d7 a3a6 f8e8 c1b1 d8e6 d4e6 f6e6 a6b7
Position; fen rnbqkb1r/pppppppp/5n2/8/3P4/8/PPP1PPPP/RNBQKBNR w KQkq - 1 2
Moves; c2c4 e7e6 b1c3 f8b4 e2e3 d7d5 c1d2 e8g8 g1f3 b7b6 c4d5 b4c3 d2c3 e6d5 f1d3 f6e4 e1g1 e4c3 b2c3 b8d7 d1c2 d7f6 a1c1 d8e7 c3c4 g7g6 c4c5 f6e4 f1e1
Warning; Bestmove does not match beginning of last PV - move h7h6 from SF_2700
Info; info depth 11 seldepth 17 multipv 1 score cp -113 nodes 47170 nps 873518 hashfull 16 tbhits 0 time 54 pv d6f5 e3f4 f6e4 d1e1 f5d6 h3e6 g8f8 d8c6 g7b2 e1b1 f8g7 f4e3 d6f5 e6f5
Position; fen rnbqkbnr/ppp1pppp/8/3pP3/8/8/PPPP1PPP/RNBQKBNR b KQkq - 0 2
Moves; a7a6 d2d4 f7f6 f1d3 c8e6 g1f3 e6g4 h2h3 g4f3 d1f3 g7g6 f3e2 f8g7 b1d2 b8c6 e5f6 g8f6 c2c3 d8d6 d2b3 e7e5 d4e5 d6e5 c1e3 e8g8 e1g1 e5e7 b3c5 c6d8 f1e1 a6a5 a1d1 f8e8 e2c2 e7f8 c2d2 f8d6 d3f1 a5a4 h3h4 a8a5 b2b4 a4b3 c5b3 a5a8 c3c4 d8f7 e3f4 d6d7 e1e8 f6e8 c4d5 d7a4 b3c5 a4a5 d2a5 a8a5 c5b7 a5a2 g2g3 a2c2 f4e3 f7d6 b7d8 e8f6 f1h3
Warning; Bestmove does not match beginning of last PV - move c2c4 from SF_2800
Info; info depth 20 seldepth 33 multipv 1 score cp 30 nodes 1073899 nps 734541 hashfull 353 tbhits 0 time 1462 pv g1f3 e7e6 c2c4 d7d5 b1c3 c7c5 c4d5 f6d5 e2e4 d5c3 b2c3 c5d4 c3d4 f8b4 c1d2 b4d2 d1d2 e8g8 a1c1 b7b6 f1d3 c8b7 e1g1 b8c6
Position; fen rnbqkb1r/pppppppp/5n2/8/3P4/8/PPP1PPPP/RNBQKBNR w KQkq - 1 2
Moves; 
Warning; Bestmove does not match beginning of last PV - move b1c3 from SF_2800
Info; info depth 16 seldepth 31 multipv 1 score cp 44 nodes 982146 nps 761353 hashfull 318 tbhits 0 time 1290 pv g1f3 f8g7 b1c3 d7d5 c4d5 f6d5 e2e4 d5c3 b2c3 c7c5 f1e2 c8g4 a1b1 e8g8 b1b7 b8c6 d4d5 g7c3 e1f1 g4f3 g2f3
Position; fen rnbqkb1r/pppppppp/5n2/8/3P4/8/PPP1PPPP/RNBQKBNR w KQkq - 1 2
Moves; c2c4 g7g6
Warning; Bestmove does not match beginning of last PV - move g2g3 from SF_2800
Info; info depth 15 seldepth 25 multipv 1 score cp 52 nodes 439681 nps 802337 hashfull 150 tbhits 0 time 548 pv e2e4 d7d6 h2h3 e8g8 f1e2 b7b6 c1g5 c8b7 e2d3 b8c6
Position; fen rnbqkb1r/pppppppp/5n2/8/3P4/8/PPP1PPPP/RNBQKBNR w KQkq - 1 2
Moves; c2c4 g7g6 b1c3 f8g7
Warning; Bestmove does not match beginning of last PV - move h2g3 from SF_2600
Info; info depth 14 seldepth 18 multipv 1 score cp -369 nodes 78759 nps 1789977 hashfull 29 tbhits 0 time 44 pv h6h7 a1a8 e7e8 c6e8 e4f6 d5c6 h7h8q a8b8 h2g1
Position; fen rnbqkb1r/pppp1ppp/5n2/4p3/4P3/5N2/PPPP1PPP/RNBQKB1R w KQkq - 2 3
Moves; d2d4 f6e4 d4e5 d7d5 e5d6 f8d6 f1d3 e4c5 e1g1 c5d3 d1d3 b8c6 f1e1 d6e7 d3d8 c6d8 b1c3 d8e6 c3d5 e7d8 a2a4 f7f6 e1d1 e8f7 h2h4 c7c6 d5c3 d8e7 c3e4 h8d8 c1e3 d8d1 a1d1 b7b6 e4d6 e7d6 d1d6 c6c5 a4a5 b6a5 d6d1 a5a4 f3d2 c8b7 g1h2 a8d8 d1a1 b7c6 a1a3 d8b8 a3c3 b8b2 e3c5 e6c5 c3c5 c6b5 d2e4 f7e6 c2c4 b5d7 c5a5 d7c6 f2f3 b2b4 h4h5 b4c4 a5a7 e6e5 a7g7 a4a3 h5h6 a3a2 g7h7 a2a1q h7e7 e5d5
Warning; Bestmove does not match beginning of last PV - move e7e6 from SF_2800
Info; info depth 17 seldepth 29 multipv 1 score cp -94 nodes 919725 nps 778767 hashfull 345 tbhits 0 time 1181 pv d7e6 f3e5 b6c5 d3e4 d5e4 b3a3 e7g5 h2h4 g5h4 c1c5 a8b8 e1c1 h4f6 c5c7 h7h5 e5c6 b8b5 a3e7 g8g7 e7f6 g7f6 c7a7 h5h4
Position; fen rnbqkb1r/pppppppp/5n2/8/3P4/8/PPP1PPPP/RNBQKBNR w KQkq - 1 2
Moves; c2c4 e7e6 b1c3 f8b4 e2e3 d7d5 c1d2 e8g8 g1f3 b7b6 c4d5 b4c3 d2c3 e6d5 f1d3 f6e4 e1g1 e4c3 b2c3 b8d7 d1c2 d7f6 a1c1 d8e7 c3c4 g7g6 c4c5 f6e4 f1e1 c8d7 c2b3
Warning; Bestmove does not match beginning of last PV - move d6e4 from SF_2700
Info; info depth 11 seldepth 17 multipv 1 score cp -147 nodes 42345 nps 846900 hashfull 17 tbhits 0 time 50 pv h6h5 g1g2 g7h8 e6d4 c2c3 d4f3 f6g4 h3g4 h5g4
Position; fen rnbqkbnr/ppp1pppp/8/3pP3/8/8/PPPP1PPP/RNBQKBNR b KQkq - 0 2
Moves; a7a6 d2d4 f7f6 f1d3 c8e6 g1f3 e6g4 h2h3 g4f3 d1f3 g7g6 f3e2 f8g7 b1d2 b8c6 e5f6 g8f6 c2c3 d8d6 d2b3 e7e5 d4e5 d6e5 c1e3 e8g8 e1g1 e5e7 b3c5 c6d8 f1e1 a6a5 a1d1 f8e8 e2c2 e7f8 c2d2 f8d6 d3f1 a5a4 h3h4 a8a5 b2b4 a4b3 c5b3 a5a8 c3c4 d8f7 e3f4 d6d7 e1e8 f6e8 c4d5 d7a4 b3c5 a4a5 d2a5 a8a5 c5b7 a5a2 g2g3 a2c2 f4e3 f7d6 b7d8 e8f6 f1h3 h7h6 d8e6
Warning; Bestmove does not match beginning of last PV - move e4c3 from SF_2700
Info; info depth 12 seldepth 19 multipv 1 score cp -228 nodes 42454 nps 903276 hashfull 18 tbhits 0 time 47 pv g6g5 h3e6 g8h8 f4g6 h8h7 e6f5 c2a2 g6f4 h7g8 f5e6 g8h7 d5d6 g5f4
Position; fen rnbqkbnr/ppp1pppp/8/3pP3/8/8/PPPP1PPP/RNBQKBNR b KQkq - 0 2
Moves; a7a6 d2d4 f7f6 f1d3 c8e6 g1f3 e6g4 h2h3 g4f3 d1f3 g7g6 f3e2 f8g7 b1d2 b8c6 e5f6 g8f6 c2c3 d8d6 d2b3 e7e5 d4e5 d6e5 c1e3 e8g8 e1g1 e5e7 b3c5 c6d8 f1e1 a6a5 a1d1 f8e8 e2c2 e7f8 c2d2 f8d6 d3f1 a5a4 h3h4 a8a5 b2b4 a4b3 c5b3 a5a8 c3c4 d8f7 e3f4 d6d7 e1e8 f6e8 c4d5 d7a4 b3c5 a4a5 d2a5 a8a5 c5b7 a5a2 g2g3 a2c2 f4e3 f7d6 b7d8 e8f6 f1h3 h7h6 d8e6 d6e4 e6f4
Warning; Bestmove does not match beginning of last PV - move g1f3 from SF_2800
Info; info depth 16 seldepth 29 multipv 1 score cp 24 nodes 778697 nps 831053 hashfull 230 tbhits 0 time 937 pv f1g2 d5c3 b2c3 c7c5 g1f3 b8c6 c1e3 e8g8 e1g1 c5d4 f3d4 c6e5 d1b3 e5g4 e3c1 e7e5 d4c2 c8e6 b3b7 a8c8 c2e3
Position; fen rnbqkb1r/pppppppp/5n2/8/3P4/8/PPP1PPPP/RNBQKBNR w KQkq - 1 2
Moves; c2c4 g7g6 b1c3 f8g7 g2g3 d7d5 c4d5 f6d5
Warning; Bestmove does not match beginning of last PV - move e6f6 from SF_2800
Info; info depth 15 seldepth 29 multipv 1 score cp -61 nodes 720449 nps 820556 hashfull 242 tbhits 0 time 878 pv f8b8 b2d4 d7c6 h2h4 b8e8 c1b1 e6e7 e1c1 a8c8
Position; fen rnbqkb1r/pppppppp/5n2/8/3P4/8/PPP1PPPP/RNBQKBNR w KQkq - 1 2
Moves; c2c4 e7e6 b1c3 f8b4 e2e3 d7d5 c1d2 e8g8 g1f3 b7b6 c4d5 b4c3 d2c3 e6d5 f1d3 f6e4 e1g1 e4c3 b2c3 b8d7 d1c2 d7f6 a1c1 d8e7 c3c4 g7g6 c4c5 f6e4 f1e1 c8d7 c2b3 e7e6 b3b2 b6c5 d4c5
Warning; Bestmove does not match beginning of last PV - move g3f4 from SF_2600
Info; info depth 13 seldepth 19 multipv 1 score cp -499 nodes 55397 nps 1978464 hashfull 21 tbhits 0 time 28 pv g3g4 e1h1 h6h7 h1h6 e7c7 d5d4 e4d6 c4c5 d6f5 c5f5 h7h8q h6h8 g4f5 h8h5 f5f6
Position; fen rnbqkb1r/pppp1ppp/5n2/4p3/4P3/5N2/PPPP1PPP/RNBQKB1R w KQkq - 2 3
Moves; d2d4 f6e4 d4e5 d7d5 e5d6 f8d6 f1d3 e4c5 e1g1 c5d3 d1d3 b8c6 f1e1 d6e7 d3d8 c6d8 b1c3 d8e6 c3d5 e7d8 a2a4 f7f6 e1d1 e8f7 h2h4 c7c6 d5c3 d8e7 c3e4 h8d8 c1e3 d8d1 a1d1 b7b6 e4d6 e7d6 d1d6 c6c5 a4a5 b6a5 d6d1 a5a4 f3d2 c8b7 g1h2 a8d8 d1a1 b7c6 a1a3 d8b8 a3c3 b8b2 e3c5 e6c5 c3c5 c6b5 d2e4 f7e6 c2c4 b5d7 c5a5 d7c6 f2f3 b2b4 h4h5 b4c4 a5a7 e6e5 a7g7 a4a3 h5h6 a3a2 g7h7 a2a1q h7e7 e5d5 h2g3 a1e1
Warning; Bestmove does not match beginning of last PV - move b1c3 from SF_2700
Info; info depth 15 seldepth 32 multipv 1 score cp -316 nodes 480736 nps 841919 hashfull 171 tbhits 0 time 571 pv b2b3 a8c8 c5g5 g7a1 c1a3 a1f6 g5h6 e6e5 b1c3 d7e6 h6f8 f7f8 a3f8 e8f8 e4b7 c8c7
Position; fen rnbqkbnr/ppp1pppp/8/3pP3/8/8/PPPP1PPP/RNBQKBNR b KQkq - 0 2
Moves; c7c5 c2c3 a7a6 h2h3 d5d4 f1d3 b8c6 f2f4 e7e6 g2g3 g7g5 d1h5 g5f4 g1f3 g8e7 g3f4 e7g6 h5g4 f7f5 e5f6 d8f6 g4g5 f6f7 d3e4 g6f4 f3e5 c6e5 g5e5 f8g7 e5c5 h8f8 c3c4 c8d7 h1f1 d4d3
Warning; Bestmove does not match beginning of last PV - move a8c8 from SF_2800
Info; info depth 14 seldepth 27 multipv 1 score cp -121 nodes 321647 nps 937746 hashfull 98 tbhits 0 time 343 pv f6c6 b7c6 d7c6 f3d4 c6d7 f2f3 e4g5 c5c6 d7c8 c1c5 f8d8 e1b1 g5e6
Position; fen rnbqkb1r/pppppppp/5n2/8/3P4/8/PPP1PPPP/RNBQKBNR w KQkq - 1 2
Moves; c2c4 e7e6 b1c3 f8b4 e2e3 d7d5 c1d2 e8g8 g1f3 b7b6 c4d5 b4c3 d2c3 e6d5 f1d3 f6e4 e1g1 e4c3 b2c3 b8d7 d1c2 d7f6 a1c1 d8e7 c3c4 g7g6 c4c5 f6e4 f1e1 c8d7 c2b3 e7e6 b3b2 b6c5 d4c5 e6f6 b2b7
Warning; Bestmove does not match beginning of last PV - move c3d5 from SF_2800
Info; info depth 17 seldepth 34 multipv 1 score cp 2 nodes 829664 nps 819826 hashfull 250 tbhits 0 time 1012 pv f1g2 b8c6 e1g1 c5d4 f3d4 d5c3 b2c3 c6d4 c3d4 d8d4 a1b1 e8g8 c1e3 d4c4 a2a4 c8e6 b1b7 a7a5 b7b5 a8d8
Position; fen rnbqkb1r/pppppppp/5n2/8/3P4/8/PPP1PPPP/RNBQKBNR w KQkq - 1 2
Moves; c2c4 g7g6 b1c3 f8g7 g2g3 d7d5 c4d5 f6d5 g1f3 c7c5
Warning; Bestmove does not match beginning of last PV - move c3e4 from SF_2700
Info; info depth 11 seldepth 26 multipv 1 score cp -233 nodes 39958 nps 974585 hashfull 17 tbhits 0 time 41 pv f6e4 e6f7 g6g5 f7g6 h7g8 h4g5 h6g5 f4e6 g7f6 e6c7 g8g7 g6f5
Position; fen rnbqkbnr/ppp1pppp/8/3pP3/8/8/PPPP1PPP/RNBQKBNR b KQkq - 0 2
Moves; a7a6 d2d4 f7f6 f1d3 c8e6 g1f3 e6g4 h2h3 g4f3 d1f3 g7g6 f3e2 f8g7 b1d2 b8c6 e5f6 g8f6 c2c3 d8d6 d2b3 e7e5 d4e5 d6e5 c1e3 e8g8 e1g1 e5e7 b3c5 c6d8 f1e1 a6a5 a1d1 f8e8 e2c2 e7f8 c2d2 f8d6 d3f1 a5a4 h3h4 a8a5 b2b4 a4b3 c5b3 a5a8 c3c4 d8f7 e3f4 d6d7 e1e8 f6e8 c4d5 d7a4 b3c5 a4a5 d2a5 a8a5 c5b7 a5a2 g2g3 a2c2 f4e3 f7d6 b7d8 e8f6 f1h3 h7h6 d8e6 d6e4 e6f4 e4c3 h3e6 g8h7 d1e1
Warning; Bestmove does not match beginning of last PV - move e2e3 from SF_2800
Info; info depth 17 seldepth 17 multipv 1 score cp -40 nodes 765695 nps 838658 hashfull 245 tbhits 0 time 913 pv c1e3 b8c6 d4c5 d5c4 d1b3 c4b4 b3b4 c6b4 a1c1 g7b2 c1c4 a7a5 e3d4 b2d4 f3d4 e8g8
Position; fen rnbqkb1r/pppppppp/5n2/8/3P4/8/PPP1PPPP/RNBQKBNR w KQkq - 1 2
Moves; c2c4 g7g6 b1c3 f8g7 g2g3 d7d5 c4d5 f6d5 g1f3 c7c5 c3d5 d8d5
Warning; Bestmove does not match beginning of last PV - move e3f4 from SF_2700
Info; info depth 16 seldepth 32 multipv 1 score cp -368 nodes 475669 nps 959010 hashfull 173 tbhits 0 time 496 pv f1f4 f7f4 e3f4 f8f4 e4d3 c4c8 d3h7 f4h4 h7g6 e8f8 e1e2 h4h3 g6e4 d7c6 e4c6 c8c6 e2d1 h3h1 d1c2 b7b5 b2b4 g7c3 d2c3 h1h3 c1b2 e6e5
Position; fen rnbqkbnr/ppp1pppp/8/3pP3/8/8/PPPP1PPP/RNBQKBNR b KQkq - 0 2
Moves; c7c5 c2c3 a7a6 h2h3 d5d4 f1d3 b8c6 f2f4 e7e6 g2g3 g7g5 d1h5 g5f4 g1f3 g8e7 g3f4 e7g6 h5g4 f7f5 e5f6 d8f6 g4g5 f6f7 d3e4 g6f4 f3e5 c6e5 g5e5 f8g7 e5c5 h8f8 c3c4 c8d7 h1f1 d4d3 b1c3 a8c8 c5e3 c8c4
Warning; Bestmove does not match beginning of last PV - move g2g4 from SF_2600
Info; info depth 20 seldepth 40 multipv 1 score cp -963 nodes 10442807 nps 2613969 hashfull 998 tbhits 0 time 3995 pv f4e3 f6f5 e7f7 f5e4 g2g3 h4h6 f3f4 h6g6 e3e2 g6f7 e2f1 f7a7 f4f5 a7a1 f1g2
Position; fen rnbqkb1r/pppp1ppp/5n2/4p3/4P3/5N2/PPPP1PPP/RNBQKB1R w KQkq - 2 3
Moves; d2d4 f6e4 d4e5 d7d5 e5d6 f8d6 f1d3 e4c5 e1g1 c5d3 d1d3 b8c6 f1e1 d6e7 d3d8 c6d8 b1c3 d8e6 c3d5 e7d8 a2a4 f7f6 e1d1 e8f7 h2h4 c7c6 d5c3 d8e7 c3e4 h8d8 c1e3 d8d1 a1d1 b7b6 e4d6 e7d6 d1d6 c6c5 a4a5 b6a5 d6d1 a5a4 f3d2 c8b7 g1h2 a8d8 d1a1 b7c6 a1a3 d8b8 a3c3 b8b2 e3c5 e6c5 c3c5 c6b5 d2e4 f7e6 c2c4 b5d7 c5a5 d7c6 f2f3 b2b4 h4h5 b4c4 a5a7 e6e5 a7g7 a4a3 h5h6 a3a2 g7h7 a2a1q h7e7 e5d5 h2g3 a1e1 g3f4 e1h4
Warning; Bestmove does not match beginning of last PV - move h7g8 from SF_2700
Info; info depth 14 seldepth 18 multipv 1 score cp -404 nodes 24588 nps 683000 hashfull 11 tbhits 0 time 36 pv h7h8 e1a1 b2b8 g6e4 f6e4 a1c1 e4c3 c1c2 g7e5 f4g6 h8g8 g6e5
Position; fen rnbqkbnr/ppp1pppp/8/3pP3/8/8/PPPP1PPP/RNBQKBNR b KQkq - 0 2
Moves; a7a6 d2d4 f7f6 f1d3 c8e6 g1f3 e6g4 h2h3 g4f3 d1f3 g7g6 f3e2 f8g7 b1d2 b8c6 e5f6 g8f6 c2c3 d8d6 d2b3 e7e5 d4e5 d6e5 c1e3 e8g8 e1g1 e5e7 b3c5 c6d8 f1e1 a6a5 a1d1 f8e8 e2c2 e7f8 c2d2 f8d6 d3f1 a5a4 h3h4 a8a5 b2b4 a4b3 c5b3 a5a8 c3c4 d8f7 e3f4 d6d7 e1e8 f6e8 c4d5 d7a4 b3c5 a4a5 d2a5 a8a5 c5b7 a5a2 g2g3 a2c2 f4e3 f7d6 b7d8 e8f6 f1h3 h7h6 d8e6 d6e4 e6f4 e4c3 h3e6 g8h7 d1e1 c3e4 e6f7 c2b2 f7g6
Warning; Bestmove does not match beginning of last PV - move f3e4 from SF_2600
Info; info depth 28 seldepth 47 multipv 1 score cp -1763 nodes 6837747 nps 3008247 hashfull 675 tbhits 0 time 2273 pv e7e4 h4h2 f4e3 d5c5 e4e6 h2h6 f3f4 h6h3 e3d2 h3h2 d2c3 h2f4 e6e2 f4b4 c3c2 c6a4 c2c1 b4c4 c1d2 c4f4 d2e1 f4g3 e1d2 a4b5 e2e6 g3g4 e6f6 g4g5 d2c2 g5f6 c2b1 f6g5
Position; fen rnbqkb1r/pppp1ppp/5n2/4p3/4P3/5N2/PPPP1PPP/RNBQKB1R w KQkq - 2 3
Moves; d2d4 f6e4 d4e5 d7d5 e5d6 f8d6 f1d3 e4c5 e1g1 c5d3 d1d3 b8c6 f1e1 d6e7 d3d8 c6d8 b1c3 d8e6 c3d5 e7d8 a2a4 f7f6 e1d1 e8f7 h2h4 c7c6 d5c3 d8e7 c3e4 h8d8 c1e3 d8d1 a1d1 b7b6 e4d6 e7d6 d1d6 c6c5 a4a5 b6a5 d6d1 a5a4 f3d2 c8b7 g1h2 a8d8 d1a1 b7c6 a1a3 d8b8 a3c3 b8b2 e3c5 e6c5 c3c5 c6b5 d2e4 f7e6 c2c4 b5d7 c5a5 d7c6 f2f3 b2b4 h4h5 b4c4 a5a7 e6e5 a7g7 a4a3 h5h6 a3a2 g7h7 a2a1q h7e7 e5d5 h2g3 a1e1 g3f4 e1h4 g2g4 c4e4
Warning; Bestmove does not match beginning of last PV - move c6d7 from SF_2800
Info; info depth 16 seldepth 19 multipv 1 score cp -170 nodes 518196 nps 849501 hashfull 206 tbhits 0 time 610 pv c6d5 f2f3 c8b8 d3b5 a7a6 b5e2 b8b4 a2a3 b4a4 c1c3 d8b8 e1d1 b8b2
Position; fen rnbqkb1r/pppppppp/5n2/8/3P4/8/PPP1PPPP/RNBQKBNR w KQkq - 1 2
Moves; c2c4 e7e6 b1c3 f8b4 e2e3 d7d5 c1d2 e8g8 g1f3 b7b6 c4d5 b4c3 d2c3 e6d5 f1d3 f6e4 e1g1 e4c3 b2c3 b8d7 d1c2 d7f6 a1c1 d8e7 c3c4 g7g6 c4c5 f6e4 f1e1 c8d7 c2b3 e7e6 b3b2 b6c5 d4c5 e6f6 b2b7 a8c8 b7d5 d7c6 d5d4 f8d8 d4f6 e4f6 f3d4
Warning; Bestmove does not match beginning of last PV - move e4c3 from SF_2700
Info; info depth 15 seldepth 37 multipv 1 score cp -611 nodes 513522 nps 1580067 hashfull 201 tbhits 0 time 325 pv e4c5 f4f3 a2a4 g7d4 c5d3 f3d3 a1a3 d3a3 b2a3 e6e5 h3h4 d7a4 h4h5 a4b5 a3a4 b5a4 e1e2 a6a5 e2d3 a4c6 h5h6 e8d7 c1a3 b7b5
Position; fen rnbqkbnr/ppp1pppp/8/3pP3/8/8/PPPP1PPP/RNBQKBNR b KQkq - 0 2
Moves; c7c5 c2c3 a7a6 h2h3 d5d4 f1d3 b8c6 f2f4 e7e6 g2g3 g7g5 d1h5 g5f4 g1f3 g8e7 g3f4 e7g6 h5g4 f7f5 e5f6 d8f6 g4g5 f6f7 d3e4 g6f4 f3e5 c6e5 g5e5 f8g7 e5c5 h8f8 c3c4 c8d7 h1f1 d4d3 b1c3 a8c8 c5e3 c8c4 e3f4 c4e4 c3e4 f7f4 f1f4 f8f4
Warning; Bestmove does not match beginning of last PV - move c3e2 from SF_2700
Info; info depth 93 seldepth 9 multipv 1 score mate -4 nodes 389741 nps 4379112 hashfull 13 tbhits 0 time 89 pv c3e4 f6h4 e4f2 f4f2 a1b1 f2f4 e1d1 f4f1
Position; fen rnbqkbnr/ppp1pppp/8/3pP3/8/8/PPPP1PPP/RNBQKBNR b KQkq - 0 2
Moves; c7c5 c2c3 a7a6 h2h3 d5d4 f1d3 b8c6 f2f4 e7e6 g2g3 g7g5 d1h5 g5f4 g1f3 g8e7 g3f4 e7g6 h5g4 f7f5 e5f6 d8f6 g4g5 f6f7 d3e4 g6f4 f3e5 c6e5 g5e5 f8g7 e5c5 h8f8 c3c4 c8d7 h1f1 d4d3 b1c3 a8c8 c5e3 c8c4 e3f4 c4e4 c3e4 f7f4 f1f4 f8f4 e4c3 g7f6
Finished game 14 (SF_2700 vs HiveChess): 0-1 {Black wins by adjudication}
Started game 17 of 1000 (HiveChess vs SF_2900)
Warning; Bestmove does not match beginning of last PV - move e4e5 from SF_2600
Info; info depth 29 seldepth 27 multipv 1 score mate -13 nodes 2712180 nps 3236491 hashfull 315 tbhits 0 time 838 pv f4e3 d6e7 e3d4 h4h6 e4e5 h6d2 d4c4 d2d5 c4c3 d5e5 c3d3 e5e4 d3c3 e4e3 c3c2 e3d4 c2b3 c6e4 g4g5 f6g5 b3a3 d4c3 a3a2 c3b4 a2a1 b4a3
Position; fen rnbqkb1r/pppp1ppp/5n2/4p3/4P3/5N2/PPPP1PPP/RNBQKB1R w KQkq - 2 3
Moves; d2d4 f6e4 d4e5 d7d5 e5d6 f8d6 f1d3 e4c5 e1g1 c5d3 d1d3 b8c6 f1e1 d6e7 d3d8 c6d8 b1c3 d8e6 c3d5 e7d8 a2a4 f7f6 e1d1 e8f7 h2h4 c7c6 d5c3 d8e7 c3e4 h8d8 c1e3 d8d1 a1d1 b7b6 e4d6 e7d6 d1d6 c6c5 a4a5 b6a5 d6d1 a5a4 f3d2 c8b7 g1h2 a8d8 d1a1 b7c6 a1a3 d8b8 a3c3 b8b2 e3c5 e6c5 c3c5 c6b5 d2e4 f7e6 c2c4 b5d7 c5a5 d7c6 f2f3 b2b4 h4h5 b4c4 a5a7 e6e5 a7g7 a4a3 h5h6 a3a2 g7h7 a2a1q h7e7 e5d5 h2g3 a1e1 g3f4 e1h4 g2g4 c4e4 f3e4 d5d6
Finished game 12 (SF_2600 vs HiveChess): 0-1 {Black wins by adjudication}
Started game 18 of 1000 (SF_2900 vs HiveChess)
Warning; Bestmove does not match beginning of last PV - move c8a8 from SF_2800
Info; info depth 16 seldepth 26 multipv 1 score cp -210 nodes 412733 nps 838888 hashfull 162 tbhits 0 time 492 pv a7a5 h2h3 g8f8 c3a3 c8a8 e1b1 d7e8 b1b7 c7c6 d3c2 h7h5 a3c3 f6d5 c3c4 d5b4 c2e4 b4a2 e4c6 e8c6 d4c6
Position; fen rnbqkb1r/pppppppp/5n2/8/3P4/8/PPP1PPPP/RNBQKBNR w KQkq - 1 2
Moves; c2c4 e7e6 b1c3 f8b4 e2e3 d7d5 c1d2 e8g8 g1f3 b7b6 c4d5 b4c3 d2c3 e6d5 f1d3 f6e4 e1g1 e4c3 b2c3 b8d7 d1c2 d7f6 a1c1 d8e7 c3c4 g7g6 c4c5 f6e4 f1e1 c8d7 c2b3 e7e6 b3b2 b6c5 d4c5 e6f6 b2b7 a8c8 b7d5 d7c6 d5d4 f8d8 d4f6 e4f6 f3d4 c6d7 c1c3
Warning; Bestmove does not match beginning of last PV - move c2c4 from SF_2900
Info; info depth 18 seldepth 30 multipv 1 score cp 36 nodes 1260370 nps 758801 hashfull 416 tbhits 0 time 1661 pv g1f3 c7c6 c2c4 g8f6 b1c3 d5c4 a2a4 c8f5 e2e3 b8d7 f1c4 e7e6 d1e2 f8b4 e1g1 e8g8 e3e4 f5g6
Position; fen rnbqkbnr/ppp1pppp/8/3p4/3P4/8/PPP1PPPP/RNBQKBNR w KQkq - 0 2
Moves; 
Warning; Bestmove does not match beginning of last PV - move c7c6 from SF_2900
Info; info depth 19 seldepth 30 multipv 1 score cp -33 nodes 2150859 nps 719350 hashfull 667 tbhits 0 time 2990 pv e7e6 b1c3 g8f6 c4d5 e6d5 c1g5 c7c6 e2e3 h7h6 g5h4 c8f5 d1f3 f5g6 h4f6 d8f6 f3f6 g7f6 e1d2 b8d7 f1d3 d7b6 g1e2
Position; fen rnbqkbnr/ppp1pppp/8/3p4/3P4/8/PPP1PPPP/RNBQKBNR w KQkq - 0 2
Moves; c2c4
Warning; Bestmove does not match beginning of last PV - move e7e6 from SF_2900
Info; info depth 16 seldepth 27 multipv 1 score cp -34 nodes 556636 nps 779602 hashfull 179 tbhits 0 time 714 pv g8f6 b1c3 d5c4 a2a4 c8f5 e2e3 e7e6 f1c4 f8b4 e1g1 b8d7 f3h4 f5g6 h4g6 h7g6 d1b3 d8c7
Position; fen rnbqkbnr/ppp1pppp/8/3p4/3P4/8/PPP1PPPP/RNBQKBNR w KQkq - 0 2
Moves; c2c4 c7c6 g1f3
Warning; Bestmove does not match beginning of last PV - move g8f8 from SF_2800
Info; info depth 13 seldepth 21 multipv 1 score cp -193 nodes 111478 nps 844530 hashfull 44 tbhits 0 time 132 pv a7a5 d3e2 f6e4 c5c6 d7c8 e1c1 e4g5 e2c4 g5e6
Position; fen rnbqkb1r/pppppppp/5n2/8/3P4/8/PPP1PPPP/RNBQKBNR w KQkq - 1 2
Moves; c2c4 e7e6 b1c3 f8b4 e2e3 d7d5 c1d2 e8g8 g1f3 b7b6 c4d5 b4c3 d2c3 e6d5 f1d3 f6e4 e1g1 e4c3 b2c3 b8d7 d1c2 d7f6 a1c1 d8e7 c3c4 g7g6 c4c5 f6e4 f1e1 c8d7 c2b3 e7e6 b3b2 b6c5 d4c5 e6f6 b2b7 a8c8 b7d5 d7c6 d5d4 f8d8 d4f6 e4f6 f3d4 c6d7 c1c3 c8a8 c3b3
Warning; Bestmove does not match beginning of last PV - move c1g5 from SF_2900
Info; info depth 16 seldepth 16 multipv 1 score cp 43 nodes 432165 nps 530263 hashfull 122 tbhits 0 time 815 pv g2g3 f8e7 f1g2 e8g8 e1g1 d5c4 d1c2 b7b5 a2a4 c8b7 a4b5 a7a6 b5a6 b8a6 c2c4
Position; fen rnbqkbnr/ppp1pppp/8/3p4/3P4/8/PPP1PPPP/RNBQKBNR w KQkq - 0 2
Moves; c2c4 e7e6 g1f3 g8f6
Warning; Bestmove does not match beginning of last PV - move d7e6 from SF_2800
Info; info depth 15 seldepth 21 multipv 1 score cp -208 nodes 250468 nps 669700 hashfull 100 tbhits 0 time 374 pv a7a5 b3b7 f6e8 e1b1 d7e6 a2a4 e6d5 c5c6 a8c8 b7a7 c8a8 a7a8 d8a8 f2f3 f8e7
Position; fen rnbqkb1r/pppppppp/5n2/8/3P4/8/PPP1PPPP/RNBQKBNR w KQkq - 1 2
Moves; c2c4 e7e6 b1c3 f8b4 e2e3 d7d5 c1d2 e8g8 g1f3 b7b6 c4d5 b4c3 d2c3 e6d5 f1d3 f6e4 e1g1 e4c3 b2c3 b8d7 d1c2 d7f6 a1c1 d8e7 c3c4 g7g6 c4c5 f6e4 f1e1 c8d7 c2b3 e7e6 b3b2 b6c5 d4c5 e6f6 b2b7 a8c8 b7d5 d7c6 d5d4 f8d8 d4f6 e4f6 f3d4 c6d7 c1c3 c8a8 c3b3 g8f8 d3e2
Warning; Bestmove does not match beginning of last PV - move g7h8 from SF_2700
Info; info depth 18 seldepth 36 multipv 1 score cp -456 nodes 2137371 nps 1399719 hashfull 723 tbhits 0 time 1527 pv b2b8 a1a7 e4d6 a7c7 d6b5 g6f7 g8h7 c7c6 f6g4 f7h5 g4e3 f2e3 g7e5 c6e6 e5f4 g3f4 b8d8 e6e7 h7g8 e7e8 d8e8 h5e8 b5c3
Position; fen rnbqkbnr/ppp1pppp/8/3pP3/8/8/PPPP1PPP/RNBQKBNR b KQkq - 0 2
Moves; a7a6 d2d4 f7f6 f1d3 c8e6 g1f3 e6g4 h2h3 g4f3 d1f3 g7g6 f3e2 f8g7 b1d2 b8c6 e5f6 g8f6 c2c3 d8d6 d2b3 e7e5 d4e5 d6e5 c1e3 e8g8 e1g1 e5e7 b3c5 c6d8 f1e1 a6a5 a1d1 f8e8 e2c2 e7f8 c2d2 f8d6 d3f1 a5a4 h3h4 a8a5 b2b4 a4b3 c5b3 a5a8 c3c4 d8f7 e3f4 d6d7 e1e8 f6e8 c4d5 d7a4 b3c5 a4a5 d2a5 a8a5 c5b7 a5a2 g2g3 a2c2 f4e3 f7d6 b7d8 e8f6 f1h3 h7h6 d8e6 d6e4 e6f4 e4c3 h3e6 g8h7 d1e1 c3e4 e6f7 c2b2 f7g6 h7g8 e1a1
Warning; Bestmove does not match beginning of last PV - move c6c5 from SF_2900
Info; info depth 17 seldepth 32 multipv 1 score cp -34 nodes 662032 nps 647147 hashfull 239 tbhits 0 time 1023 pv d5c4 d3c4 c6c5 e1g1 a7a6 a2a4 b8c6 d1e2 d8c7 f1d1 f8e7 d4c5 e7c5 b2b3 b7b6 c1b2 e8g8 b1d2 c8b7 b2f6 g7f6
Position; fen rnbqkbnr/ppp1pppp/8/3p4/3P4/8/PPP1PPPP/RNBQKBNR w KQkq - 0 2
Moves; c2c4 c7c6 g1f3 e7e6 e2e3 g8f6 f1d3
Warning; Bestmove does not match beginning of last PV - move f1d3 from SF_2900
Info; info depth 18 seldepth 29 multipv 1 score cp 26 nodes 921190 nps 724205 hashfull 326 tbhits 0 time 1272 pv a1c1 h7h6 g5h4 c7c5 c4d5 f6d5 h4e7 d5e7 f1e2 b7b6 e1g1 c8b7 d4c5 d7c5 b2b4 c5d7 c3b5 d7f6 f3e5 b7d5 f2f3 d5a2
Position; fen rnbqkbnr/ppp1pppp/8/3p4/3P4/8/PPP1PPPP/RNBQKBNR w KQkq - 0 2
Moves; c2c4 e7e6 g1f3 g8f6 c1g5 f8e7 b1c3 e8g8 e2e3 b8d7
Warning; Bestmove does not match beginning of last PV - move d3f1 from SF_2900
Info; info depth 19 seldepth 21 multipv 1 score cp 22 nodes 521814 nps 775355 hashfull 155 tbhits 0 time 673 pv d3c4 h7h6 g5h4 b7b6 e1g1 c8b7 d1e2 f6e4 c3e4 e7h4 e4c3 h4e7 f1d1 c7c6 e3e4 b6b5 c4b3 b5b4 c3a4 a8c8
Position; fen rnbqkbnr/ppp1pppp/8/3p4/3P4/8/PPP1PPPP/RNBQKBNR w KQkq - 0 2
Moves; c2c4 e7e6 g1f3 g8f6 c1g5 f8e7 b1c3 e8g8 e2e3 b8d7 f1d3 d5c4
Warning; Bestmove does not match beginning of last PV - move d8d2 from SF_2800
Info; info depth 12 seldepth 23 multipv 1 score cp -182 nodes 41407 nps 1035175 hashfull 13 tbhits 0 time 40 pv f8e7 e1d1 a8b8 b7a7 d8d1 e2d1 b8b5 f1e2 b5c5 d1b3 e8d6 a7a8 c5c1
Position; fen rnbqkb1r/pppppppp/5n2/8/3P4/8/PPP1PPPP/RNBQKBNR w KQkq - 1 2
Moves; c2c4 e7e6 b1c3 f8b4 e2e3 d7d5 c1d2 e8g8 g1f3 b7b6 c4d5 b4c3 d2c3 e6d5 f1d3 f6e4 e1g1 e4c3 b2c3 b8d7 d1c2 d7f6 a1c1 d8e7 c3c4 g7g6 c4c5 f6e4 f1e1 c8d7 c2b3 e7e6 b3b2 b6c5 d4c5 e6f6 b2b7 a8c8 b7d5 d7c6 d5d4 f8d8 d4f6 e4f6 f3d4 c6d7 c1c3 c8a8 c3b3 g8f8 d3e2 d7e6 d4e6 f7e6 b3b7 f6e8 g1f1
Warning; Bestmove does not match beginning of last PV - move g2f1 from SF_2800
Info; info depth 15 seldepth 40 multipv 1 score cp -20 nodes 1050592 nps 820775 hashfull 332 tbhits 0 time 1280 pv b2b4 a8d8 b4b5 a6b5 a1b1 b5a4 d1e2 d3c1 b1c1 e7e5 d4b3 a4b5 e2d1 b7b6 c1c7 e8g8 c7a7 d8d2
Position; fen rnbqkb1r/pppppppp/5n2/8/3P4/8/PPP1PPPP/RNBQKBNR w KQkq - 1 2
Moves; c2c4 g7g6 b1c3 f8g7 g2g3 d7d5 c4d5 f6d5 g1f3 c7c5 c3d5 d8d5 e2e3 b8c6 f1g2 d5c4 d1e2 c4e2 e1e2 c8e6 h1d1 e6c4 e2e1 c6b4 d1d2 c5d4 f3d4 b4d3 e1d1 c4a6
Warning; Bestmove does not match beginning of last PV - move f8f7 from SF_2800
Info; info depth 13 seldepth 21 multipv 1 score cp -194 nodes 46260 nps 660857 hashfull 13 tbhits 0 time 70 pv d2c2 c4e6 f8e7 e6b3 c2c5 b7b4 e8f6 b4c4 c5c4 b3c4 a8b8 e1c1
Position; fen rnbqkb1r/pppppppp/5n2/8/3P4/8/PPP1PPPP/RNBQKBNR w KQkq - 1 2
Moves; c2c4 e7e6 b1c3 f8b4 e2e3 d7d5 c1d2 e8g8 g1f3 b7b6 c4d5 b4c3 d2c3 e6d5 f1d3 f6e4 e1g1 e4c3 b2c3 b8d7 d1c2 d7f6 a1c1 d8e7 c3c4 g7g6 c4c5 f6e4 f1e1 c8d7 c2b3 e7e6 b3b2 b6c5 d4c5 e6f6 b2b7 a8c8 b7d5 d7c6 d5d4 f8d8 d4f6 e4f6 f3d4 c6d7 c1c3 c8a8 c3b3 g8f8 d3e2 d7e6 d4e6 f7e6 b3b7 f6e8 g1f1 d8d2 e2c4
Warning; Bestmove does not match beginning of last PV - move h6h5 from SF_2700
Info; info depth 19 seldepth 54 multipv 1 score cp -688 nodes 5366673 nps 2344549 hashfull 876 tbhits 0 time 2289 pv d2d4 f4e6 g7f7 e6d4 f6e4 a8h8 e4c3 h8h7 f7f6 h7c7 c3d5 c7c4 f6g6 g1g2 d5f6 d4c2 h6h5 f2f3 f6d5 c4c6 g6f5 g2f2 f5e5 f2e1 d5f6 c2b4 e5d4 c6f6 d4c4 f6f4 c4c3
Position; fen rnbqkbnr/ppp1pppp/8/3pP3/8/8/PPPP1PPP/RNBQKBNR b KQkq - 0 2
Moves; a7a6 d2d4 f7f6 f1d3 c8e6 g1f3 e6g4 h2h3 g4f3 d1f3 g7g6 f3e2 f8g7 b1d2 b8c6 e5f6 g8f6 c2c3 d8d6 d2b3 e7e5 d4e5 d6e5 c1e3 e8g8 e1g1 e5e7 b3c5 c6d8 f1e1 a6a5 a1d1 f8e8 e2c2 e7f8 c2d2 f8d6 d3f1 a5a4 h3h4 a8a5 b2b4 a4b3 c5b3 a5a8 c3c4 d8f7 e3f4 d6d7 e1e8 f6e8 c4d5 d7a4 b3c5 a4a5 d2a5 a8a5 c5b7 a5a2 g2g3 a2c2 f4e3 f7d6 b7d8 e8f6 f1h3 h7h6 d8e6 d6e4 e6f4 e4c3 h3e6 g8h7 d1e1 c3e4 e6f7 c2b2 f7g6 h7g8 e1a1 g7h8 a1a8 g8g7 e3d4 b2d2 g6e4
Finished game 13 (HiveChess vs SF_2700): 1-0 {White wins by adjudication}
Started game 19 of 1000 (HiveChess vs SF_3000)
Warning; Bestmove does not match beginning of last PV - move b7b6 from SF_2900
Info; info depth 19 seldepth 27 multipv 1 score cp -19 nodes 1272166 nps 769610 hashfull 418 tbhits 0 time 1653 pv b8d7 f3d4 b7b6 f1d1 c8b7 c4f1 d8e7 d4b3 c5d6 b1a3 f6e4 a3c4 e4d2 c4d6 d2b3 a2b3
Position; fen rnbqkbnr/ppp1pppp/8/3p4/3P4/8/PPP1PPPP/RNBQKBNR w KQkq - 0 2
Moves; c2c4 c7c6 g1f3 e7e6 e2e3 g8f6 f1d3 c6c5 e1g1 d5c4 d3c4 a7a6 d4c5 f8c5 d1d8 e8d8 c1d2
Warning; Bestmove does not match beginning of last PV - move d8e8 from SF_2900
Info; info depth 14 seldepth 30 multipv 1 score cp -15 nodes 521479 nps 754672 hashfull 179 tbhits 0 time 691 pv d8e7 c4e2 c8b7 f1c1 b8d7 e5d3 c5d6 f2f3 d7c5 d3c5 d6c5 b2b4 c5d6 a2a4 a8c8 b1a3 c8c1 a1c1
Position; fen rnbqkbnr/ppp1pppp/8/3p4/3P4/8/PPP1PPPP/RNBQKBNR w KQkq - 0 2
Moves; c2c4 c7c6 g1f3 e7e6 e2e3 g8f6 f1d3 c6c5 e1g1 d5c4 d3c4 a7a6 d4c5 f8c5 d1d8 e8d8 c1d2 b7b6 f3e5
Warning; Bestmove does not match beginning of last PV - move e7e6 from SF_3000
Info; info depth 19 seldepth 36 multipv 1 score cp -31 nodes 2152360 nps 724212 hashfull 677 tbhits 0 time 2972 pv c7c6 d2d4 d7d5 e4d5 c6d5 c2c4 g8f6 b1c3 g7g6 d1b3 f8g7 c4d5 e8g8 g1f3 b8d7 a2a4 d7b6 a4a5 b6d5 c3d5 d8d5 f1c4 d5e4 c1e3
Position; fen rnbqkbnr/pppppppp/8/8/4P3/8/PPPP1PPP/RNBQKBNR b KQkq - 0 1
Moves; 
Warning; Bestmove does not match beginning of last PV - move d1e1 from SF_2800
Info; info depth 16 seldepth 36 multipv 1 score cp -48 nodes 627952 nps 838387 hashfull 207 tbhits 0 time 749 pv d2b2 a6f1 b2b7 f1g2 b7c7 g7e5 c7c4 e8d7 c1a3 h8c8 a1c1 c8c4 c1c4 g2d5 c4c5 e7e6 d4b5 a7a6 b5c3 d5f3 d1d2 e5d6 c5a5 d6c7 a5a4 e6e5 c3e4 f3e4 a4e4
Position; fen rnbqkb1r/pppppppp/5n2/8/3P4/8/PPP1PPPP/RNBQKBNR w KQkq - 1 2
Moves; c2c4 g7g6 b1c3 f8g7 g2g3 d7d5 c4d5 f6d5 g1f3 c7c5 c3d5 d8d5 e2e3 b8c6 f1g2 d5c4 d1e2 c4e2 e1e2 c8e6 h1d1 e6c4 e2e1 c6b4 d1d2 c5d4 f3d4 b4d3 e1d1 c4a6 g2f1 d3b2
Warning; Bestmove does not match beginning of last PV - move c7c5 from SF_3000
Info; info depth 15 seldepth 31 multipv 1 score cp -36 nodes 488684 nps 784404 hashfull 153 tbhits 0 time 623 pv d7d5 b1c3 g8f6 e4e5 f6d7 f2f4 c7c5 g1f3 b8c6 c1e3 d8b6 a2a3 c5d4 f3d4 f8b4
Position; fen rnbqkbnr/pppppppp/8/8/4P3/8/PPPP1PPP/RNBQKBNR b KQkq - 0 1
Moves; e7e6 d2d4
Warning; Bestmove does not match beginning of last PV - move b8d7 from SF_2900
Info; info depth 18 seldepth 29 multipv 1 score cp -42 nodes 1668361 nps 726954 hashfull 570 tbhits 0 time 2295 pv c8b7 f1c1 b8d7 e5d3 c5d6 d2e1 e8e7 b1d2 h8c8 d2c4 f6e8 f2f3 a6a5 b2b4 a5b4 c4d6 e8d6 c1c8 a8c8 e3e4 b7a6
Position; fen rnbqkbnr/ppp1pppp/8/3p4/3P4/8/PPP1PPPP/RNBQKBNR w KQkq - 0 2
Moves; c2c4 c7c6 g1f3 e7e6 e2e3 g8f6 f1d3 c6c5 e1g1 d5c4 d3c4 a7a6 d4c5 f8c5 d1d8 e8d8 c1d2 b7b6 f3e5 d8e8 c4e2
Warning; Bestmove does not match beginning of last PV - move a7a5 from SF_2800
Info; info depth 11 seldepth 21 multipv 1 score cp -243 nodes 39018 nps 650300 hashfull 12 tbhits 0 time 60 pv h7h6 c4b3 a7a5 c1d1 d2d1 b3d1 d8d5 b7b5 e8f6 b5a5 f6e4
Position; fen rnbqkb1r/pppppppp/5n2/8/3P4/8/PPP1PPPP/RNBQKBNR w KQkq - 1 2
Moves; c2c4 e7e6 b1c3 f8b4 e2e3 d7d5 c1d2 e8g8 g1f3 b7b6 c4d5 b4c3 d2c3 e6d5 f1d3 f6e4 e1g1 e4c3 b2c3 b8d7 d1c2 d7f6 a1c1 d8e7 c3c4 g7g6 c4c5 f6e4 f1e1 c8d7 c2b3 e7e6 b3b2 b6c5 d4c5 e6f6 b2b7 a8c8 b7d5 d7c6 d5d4 f8d8 d4f6 e4f6 f3d4 c6d7 c1c3 c8a8 c3b3 g8f8 d3e2 d7e6 d4e6 f7e6 b3b7 f6e8 g1f1 d8d2 e2c4 f8f7 e1c1 a8d8 f1e1
Warning; Bestmove does not match beginning of last PV - move c5e7 from SF_2900
Info; info depth 18 seldepth 21 multipv 1 score cp -39 nodes 1105260 nps 771290 hashfull 388 tbhits 0 time 1433 pv d7e5 b4c5 b6c5 f1c1 e5d7 b1a3 f6e4 d2a5 c8b7 a3c4 b7d5 c4b6 d7b6 a5b6 a8b8 b6c5 e4c5 c1c5 e8e7 e2a6
Position; fen rnbqkbnr/ppp1pppp/8/3p4/3P4/8/PPP1PPPP/RNBQKBNR w KQkq - 0 2
Moves; c2c4 c7c6 g1f3 e7e6 e2e3 g8f6 f1d3 c6c5 e1g1 d5c4 d3c4 a7a6 d4c5 f8c5 d1d8 e8d8 c1d2 b7b6 f3e5 d8e8 c4e2 b8d7 b2b4
Warning; Bestmove does not match beginning of last PV - move h7h6 from SF_2800
Info; info depth 9 seldepth 18 multipv 1 score cp -226 nodes 4345 nps 241388 hashfull 1 tbhits 0 time 18 pv f7e7 g2g3 h7h5 h3h4 e6e5 b7b4 e8f6 b4a4 f6g4
Position; fen rnbqkb1r/pppppppp/5n2/8/3P4/8/PPP1PPPP/RNBQKBNR w KQkq - 1 2
Moves; c2c4 e7e6 b1c3 f8b4 e2e3 d7d5 c1d2 e8g8 g1f3 b7b6 c4d5 b4c3 d2c3 e6d5 f1d3 f6e4 e1g1 e4c3 b2c3 b8d7 d1c2 d7f6 a1c1 d8e7 c3c4 g7g6 c4c5 f6e4 f1e1 c8d7 c2b3 e7e6 b3b2 b6c5 d4c5 e6f6 b2b7 a8c8 b7d5 d7c6 d5d4 f8d8 d4f6 e4f6 f3d4 c6d7 c1c3 c8a8 c3b3 g8f8 d3e2 d7e6 d4e6 f7e6 b3b7 f6e8 g1f1 d8d2 e2c4 f8f7 e1c1 a8d8 f1e1 a7a5 h2h3 a5a4 a2a3
Warning; Bestmove does not match beginning of last PV - move h7h6 from SF_3000
Info; info depth 19 seldepth 27 multipv 1 score cp -60 nodes 1190466 nps 729452 hashfull 395 tbhits 0 time 1632 pv f8e7 g1f3 e6d5 e4d5 e8g8 e1g1 h7h6 h2h3 c8f5 f3h4 f5c8 c4d3 f8e8 d1f3 e7f8 h4f5 c8f5 f3f5
Position; fen rnbqkbnr/pppppppp/8/8/4P3/8/PPPP1PPP/RNBQKBNR b KQkq - 0 1
Moves; e7e6 d2d4 c7c5 d4d5 g8f6 b1c3 d7d6 f1c4
Warning; Bestmove does not match beginning of last PV - move g6g5 from SF_2800
Info; info depth 12 seldepth 20 multipv 1 score cp -236 nodes 22286 nps 857153 hashfull 6 tbhits 0 time 26 pv e8f6 b4a4 d2b2 a4b4 d8d2 b4b2 d2b2 a3a4 f6e4 c1a1 e4d2 c4e2 d2b3 a1a3 b2b1 e2d1 b3c5 a4a5 c5a6
Position; fen rnbqkb1r/pppppppp/5n2/8/3P4/8/PPP1PPPP/RNBQKBNR w KQkq - 1 2
Moves; c2c4 e7e6 b1c3 f8b4 e2e3 d7d5 c1d2 e8g8 g1f3 b7b6 c4d5 b4c3 d2c3 e6d5 f1d3 f6e4 e1g1 e4c3 b2c3 b8d7 d1c2 d7f6 a1c1 d8e7 c3c4 g7g6 c4c5 f6e4 f1e1 c8d7 c2b3 e7e6 b3b2 b6c5 d4c5 e6f6 b2b7 a8c8 b7d5 d7c6 d5d4 f8d8 d4f6 e4f6 f3d4 c6d7 c1c3 c8a8 c3b3 g8f8 d3e2 d7e6 d4e6 f7e6 b3b7 f6e8 g1f1 d8d2 e2c4 f8f7 e1c1 a8d8 f1e1 a7a5 h2h3 a5a4 a2a3 h7h6 b7b4
Warning; Bestmove does not match beginning of last PV - move c4e2 from SF_2900
Info; info depth 15 seldepth 25 multipv 1 score cp -12 nodes 513906 nps 721778 hashfull 182 tbhits 0 time 712 pv c4d3 c8b7 f3e5 h7h6 g5c1 a6a5 f1e1 e7b4 e1e3 b4c3 b2c3 b6d5 e3g3 d5c3 d1d2
Position; fen rnbqkbnr/ppp1pppp/8/3p4/3P4/8/PPP1PPPP/RNBQKBNR w KQkq - 0 2
Moves; c2c4 e7e6 g1f3 g8f6 c1g5 f8e7 b1c3 e8g8 e2e3 b8d7 f1d3 d5c4 d3f1 d7b6 a2a4 c7c5 a4a5 c5d4 e3d4 b6d7 f1c4 a7a6 e1g1 b7b5 a5b6 d7b6
Warning; Bestmove does not match beginning of last PV - move b5d6 from SF_2800
Info; info depth 16 seldepth 29 multipv 1 score cp -41 nodes 950098 nps 906582 hashfull 310 tbhits 0 time 1048 pv c1c7 a7a6 b5d6 b7b5 a2a3 h3g4 f2f4 f7f6 b2c3 f8d8 e1f2 h7h5 c3a5
Position; fen rnbqkb1r/pppppppp/5n2/8/3P4/8/PPP1PPPP/RNBQKBNR w KQkq - 1 2
Moves; c2c4 g7g6 b1c3 f8g7 g2g3 d7d5 c4d5 f6d5 g1f3 c7c5 c3d5 d8d5 e2e3 b8c6 f1g2 d5c4 d1e2 c4e2 e1e2 c8e6 h1d1 e6c4 e2e1 c6b4 d1d2 c5d4 f3d4 b4d3 e1d1 c4a6 g2f1 d3b2 d1e1 a6f1 c1b2 f1h3 a1c1 e7e5 d4b5 e8g8
Warning; Bestmove does not match beginning of last PV - move f3e5 from SF_2900
Info; info depth 17 seldepth 20 multipv 1 score cp -12 nodes 520634 nps 721099 hashfull 181 tbhits 0 time 722 pv d1d2 f8e8 g5h4 b6c8 f3e5 c8d6 e2d3
Position; fen rnbqkbnr/ppp1pppp/8/3p4/3P4/8/PPP1PPPP/RNBQKBNR w KQkq - 0 2
Moves; c2c4 e7e6 g1f3 g8f6 c1g5 f8e7 b1c3 e8g8 e2e3 b8d7 f1d3 d5c4 d3f1 d7b6 a2a4 c7c5 a4a5 c5d4 e3d4 b6d7 f1c4 a7a6 e1g1 b7b5 a5b6 d7b6 c4e2 c8b7
Warning; Bestmove does not match beginning of last PV - move f2f3 from SF_2800
Info; info depth 15 seldepth 25 multipv 1 score cp -59 nodes 428340 nps 870609 hashfull 158 tbhits 0 time 492 pv c1c7 h7h5 a2a3 f7f6 f2f3 f8d8 b2c3 d8d7 c7c6 g6g5 a3a4 h3e6 a4a5 b6a5 c3a5 g7f8 d6e4 d7d2 a5d2
Position; fen rnbqkb1r/pppppppp/5n2/8/3P4/8/PPP1PPPP/RNBQKBNR w KQkq - 1 2
Moves; c2c4 g7g6 b1c3 f8g7 g2g3 d7d5 c4d5 f6d5 g1f3 c7c5 c3d5 d8d5 e2e3 b8c6 f1g2 d5c4 d1e2 c4e2 e1e2 c8e6 h1d1 e6c4 e2e1 c6b4 d1d2 c5d4 f3d4 b4d3 e1d1 c4a6 g2f1 d3b2 d1e1 a6f1 c1b2 f1h3 a1c1 e7e5 d4b5 e8g8 b5d6 b7b6
Warning; Bestmove does not match beginning of last PV - move g5h4 from SF_2900
Info; info depth 14 seldepth 22 multipv 1 score cp -18 nodes 322009 nps 622841 hashfull 119 tbhits 0 time 517 pv g5c1 b6d5 d1d3 d8c7 d3g3 d5c3 g3c3 c7b6 e5c4 b6a7 c3d3
Position; fen rnbqkbnr/ppp1pppp/8/3p4/3P4/8/PPP1PPPP/RNBQKBNR w KQkq - 0 2
Moves; c2c4 e7e6 g1f3 g8f6 c1g5 f8e7 b1c3 e8g8 e2e3 b8d7 f1d3 d5c4 d3f1 d7b6 a2a4 c7c5 a4a5 c5d4 e3d4 b6d7 f1c4 a7a6 e1g1 b7b5 a5b6 d7b6 c4e2 c8b7 f3e5 h7h6
Warning; Bestmove does not match beginning of last PV - move f7f8 from SF_2800
Info; info depth 14 seldepth 14 multipv 1 score cp -328 nodes 39700 nps 882222 hashfull 13 tbhits 0 time 45 pv e8g7 a6c6 f7f6 c6c7 g7f5 c5c6 f5h4 c7d7 d2d7 c6d7 d8d7 c4f1 d7b7
Position; fen rnbqkb1r/pppppppp/5n2/8/3P4/8/PPP1PPPP/RNBQKBNR w KQkq - 1 2
Moves; c2c4 e7e6 b1c3 f8b4 e2e3 d7d5 c1d2 e8g8 g1f3 b7b6 c4d5 b4c3 d2c3 e6d5 f1d3 f6e4 e1g1 e4c3 b2c3 b8d7 d1c2 d7f6 a1c1 d8e7 c3c4 g7g6 c4c5 f6e4 f1e1 c8d7 c2b3 e7e6 b3b2 b6c5 d4c5 e6f6 b2b7 a8c8 b7d5 d7c6 d5d4 f8d8 d4f6 e4f6 f3d4 c6d7 c1c3 c8a8 c3b3 g8f8 d3e2 d7e6 d4e6 f7e6 b3b7 f6e8 g1f1 d8d2 e2c4 f8f7 e1c1 a8d8 f1e1 a7a5 h2h3 a5a4 a2a3 h7h6 b7b4 g6g5 b4a4 h6h5 a4a6
Warning; Bestmove does not match beginning of last PV - move g3g4 from SF_2800
Info; info depth 14 seldepth 19 multipv 1 score cp -56 nodes 392453 nps 923418 hashfull 134 tbhits 0 time 425 pv c1c7 h7h5 h2h4 a7a5 b2c3 a5a4 e1f2 g7f8 c3e5 a8a5 e5f4 a5c5 c7c5 b6c5 f2e1 c5c4 d6e4
Position; fen rnbqkb1r/pppppppp/5n2/8/3P4/8/PPP1PPPP/RNBQKBNR w KQkq - 1 2
Moves; c2c4 g7g6 b1c3 f8g7 g2g3 d7d5 c4d5 f6d5 g1f3 c7c5 c3d5 d8d5 e2e3 b8c6 f1g2 d5c4 d1e2 c4e2 e1e2 c8e6 h1d1 e6c4 e2e1 c6b4 d1d2 c5d4 f3d4 b4d3 e1d1 c4a6 g2f1 d3b2 d1e1 a6f1 c1b2 f1h3 a1c1 e7e5 d4b5 e8g8 b5d6 b7b6 f2f3 h3e6 a2a3 f8d8
Warning; Bestmove does not match beginning of last PV - move e2f3 from SF_2900
Info; info depth 16 seldepth 21 multipv 1 score cp -10 nodes 925163 nps 725618 hashfull 325 tbhits 0 time 1275 pv e2f1 f8d8 c3e4 d5b4 e4c5 b7d5 d1d2 e7g5 d2g5 h6g5 e1c1 b6c8 c5a4 a8a7 a4c3 c8e7 c3d5 d8d5 c1c4
Position; fen rnbqkbnr/ppp1pppp/8/3p4/3P4/8/PPP1PPPP/RNBQKBNR w KQkq - 0 2
Moves; c2c4 e7e6 g1f3 g8f6 c1g5 f8e7 b1c3 e8g8 e2e3 b8d7 f1d3 d5c4 d3f1 d7b6 a2a4 c7c5 a4a5 c5d4 e3d4 b6d7 f1c4 a7a6 e1g1 b7b5 a5b6 d7b6 c4e2 c8b7 f3e5 h7h6 g5h4 a6a5 f1e1 f6d5 h4e7 d8e7
Warning; Bestmove does not match beginning of last PV - move a8d8 from SF_2900
Info; info depth 16 seldepth 24 multipv 1 score cp -20 nodes 655902 nps 1015328 hashfull 206 tbhits 0 time 646 pv a8c8 c3e1 c8c4 a2a3 d5d4 d1c1 c4c1 a1c1 d4e3 c1c7 e8f7 f2e3 h8a8 a3a4 b6b5 a4b5 a6b5 g1f1 a8a2
Position; fen rnbqkbnr/ppp1pppp/8/3p4/3P4/8/PPP1PPPP/RNBQKBNR w KQkq - 0 2
Moves; c2c4 c7c6 g1f3 e7e6 e2e3 g8f6 f1d3 c6c5 e1g1 d5c4 d3c4 a7a6 d4c5 f8c5 d1d8 e8d8 c1d2 b7b6 f3e5 d8e8 c4e2 b8d7 b2b4 c5e7 e2f3 f6d5 e5d7 c8d7 b1c3 d7c6 c3d5 c6d5 f3d5 e6d5 d2c3 f7f6 f1d1
Warning; Bestmove does not match beginning of last PV - move e8g8 from SF_3000
Info; info depth 15 seldepth 22 multipv 1 score cp -74 nodes 464457 nps 747917 hashfull 168 tbhits 0 time 621 pv c8d7 a2a4 d7c6 f1e1 e8g8 d1f3 d8d7 c1d2 e7d8 b2b3 a7a6 a4a5 f8e8 f4d5 f6d5 e4d5 c6b5 e1e8 d7e8
Position; fen rnbqkbnr/pppppppp/8/8/4P3/8/PPPP1PPP/RNBQKBNR b KQkq - 0 1
Moves; e7e6 d2d4 c7c5 d4d5 g8f6 b1c3 d7d6 f1c4 h7h6 g1e2 f8e7 e1g1 e6d5 c3d5 f6d5 c4d5 b8d7 e2f4 d7f6 d5c4
Warning; Bestmove does not match beginning of last PV - move g2g3 from SF_2900
Info; info depth 17 seldepth 22 multipv 1 score cp -8 nodes 593033 nps 769173 hashfull 213 tbhits 0 time 771 pv d1d2 b6c4 e5c4 b4c4 h2h3 f8b8 a1a4 c4b3 a4a3 b3b6 f3d5 b7d5 c3d5 e6d5
Position; fen rnbqkbnr/ppp1pppp/8/3p4/3P4/8/PPP1PPPP/RNBQKBNR w KQkq - 0 2
Moves; c2c4 e7e6 g1f3 g8f6 c1g5 f8e7 b1c3 e8g8 e2e3 b8d7 f1d3 d5c4 d3f1 d7b6 a2a4 c7c5 a4a5 c5d4 e3d4 b6d7 f1c4 a7a6 e1g1 b7b5 a5b6 d7b6 c4e2 c8b7 f3e5 h7h6 g5h4 a6a5 f1e1 f6d5 h4e7 d8e7 e2f3 e7b4
Warning; Bestmove does not match beginning of last PV - move e8f7 from SF_2900
Info; info depth 16 seldepth 33 multipv 1 score cp 0 nodes 614446 nps 1064897 hashfull 186 tbhits 0 time 577 pv d8c8 c3d4 c8c1 d1c1 e8d7 d4b6 h8b8 c1c7 d7e8 b6a5 e7b4 a5b4 b8b4 g2g3 e8f8 h2h4 a6a5
Position; fen rnbqkbnr/ppp1pppp/8/3p4/3P4/8/PPP1PPPP/RNBQKBNR w KQkq - 0 2
Moves; c2c4 c7c6 g1f3 e7e6 e2e3 g8f6 f1d3 c6c5 e1g1 d5c4 d3c4 a7a6 d4c5 f8c5 d1d8 e8d8 c1d2 b7b6 f3e5 d8e8 c4e2 b8d7 b2b4 c5e7 e2f3 f6d5 e5d7 c8d7 b1c3 d7c6 c3d5 c6d5 f3d5 e6d5 d2c3 f7f6 f1d1 a8d8 a1c1
Warning; Bestmove does not match beginning of last PV - move d6e4 from SF_2800
Info; info depth 14 seldepth 29 multipv 1 score cp -34 nodes 248581 nps 986432 hashfull 70 tbhits 0 time 252 pv g5h6 g7h6 d6e4 g8f7 c1c6 d7d2
Position; fen rnbqkb1r/pppppppp/5n2/8/3P4/8/PPP1PPPP/RNBQKBNR w KQkq - 1 2
Moves; c2c4 g7g6 b1c3 f8g7 g2g3 d7d5 c4d5 f6d5 g1f3 c7c5 c3d5 d8d5 e2e3 b8c6 f1g2 d5c4 d1e2 c4e2 e1e2 c8e6 h1d1 e6c4 e2e1 c6b4 d1d2 c5d4 f3d4 b4d3 e1d1 c4a6 g2f1 d3b2 d1e1 a6f1 c1b2 f1h3 a1c1 e7e5 d4b5 e8g8 b5d6 b7b6 f2f3 h3e6 a2a3 f8d8 g3g4 d8d7 g4g5 h7h6 h2h4 f7f6
Warning; Bestmove does not match beginning of last PV - move c7c6 from SF_2800
Info; info depth 13 seldepth 18 multipv 1 score cp -370 nodes 33835 nps 914459 hashfull 9 tbhits 0 time 37 pv g4g3 g6g3 e8f6 g3f3 f8g7 f3f4 f6h5 f4f7 g7g6 f7f8 d8f8 e1d2 f8f2 d2d3
Position; fen rnbqkb1r/pppppppp/5n2/8/3P4/8/PPP1PPPP/RNBQKBNR w KQkq - 1 2
Moves; c2c4 e7e6 b1c3 f8b4 e2e3 d7d5 c1d2 e8g8 g1f3 b7b6 c4d5 b4c3 d2c3 e6d5 f1d3 f6e4 e1g1 e4c3 b2c3 b8d7 d1c2 d7f6 a1c1 d8e7 c3c4 g7g6 c4c5 f6e4 f1e1 c8d7 c2b3 e7e6 b3b2 b6c5 d4c5 e6f6 b2b7 a8c8 b7d5 d7c6 d5d4 f8d8 d4f6 e4f6 f3d4 c6d7 c1c3 c8a8 c3b3 g8f8 d3e2 d7e6 d4e6 f7e6 b3b7 f6e8 g1f1 d8d2 e2c4 f8f7 e1c1 a8d8 f1e1 a7a5 h2h3 a5a4 a2a3 h7h6 b7b4 g6g5 b4a4 h6h5 a4a6 f7f8 a6e6 g5g4 h3g4 h5g4 e6g6
Warning; Bestmove does not match beginning of last PV - move e7b4 from SF_2900
Info; info depth 15 seldepth 34 multipv 1 score cp -4 nodes 390194 nps 1077883 hashfull 115 tbhits 0 time 362 pv d8b8 c1c7 h8c8 d1c1 c8c7 c1c7 f7f8 g1f1 e7b4 f1e2 b6b5 c7a7 a6a5 e2d3 h7h5
Position; fen rnbqkbnr/ppp1pppp/8/3p4/3P4/8/PPP1PPPP/RNBQKBNR w KQkq - 0 2
Moves; c2c4 c7c6 g1f3 e7e6 e2e3 g8f6 f1d3 c6c5 e1g1 d5c4 d3c4 a7a6 d4c5 f8c5 d1d8 e8d8 c1d2 b7b6 f3e5 d8e8 c4e2 b8d7 b2b4 c5e7 e2f3 f6d5 e5d7 c8d7 b1c3 d7c6 c3d5 c6d5 f3d5 e6d5 d2c3 f7f6 f1d1 a8d8 a1c1 e8f7 c3d4
Warning; Bestmove does not match beginning of last PV - move g4g3 from SF_2800
Info; info depth 20 seldepth 32 multipv 1 score cp -467 nodes 2697597 nps 1085115 hashfull 788 tbhits 0 time 2486 pv d2c2 g6g4 e8f6 g4f4 f8g7 b1b7 g7g6 g2g4 d8d2 c4e6 c2b2 b7b2 d2b2 f4d4 b2b8 a3a4
Position; fen rnbqkb1r/pppppppp/5n2/8/3P4/8/PPP1PPPP/RNBQKBNR w KQkq - 1 2
Moves; c2c4 e7e6 b1c3 f8b4 e2e3 d7d5 c1d2 e8g8 g1f3 b7b6 c4d5 b4c3 d2c3 e6d5 f1d3 f6e4 e1g1 e4c3 b2c3 b8d7 d1c2 d7f6 a1c1 d8e7 c3c4 g7g6 c4c5 f6e4 f1e1 c8d7 c2b3 e7e6 b3b2 b6c5 d4c5 e6f6 b2b7 a8c8 b7d5 d7c6 d5d4 f8d8 d4f6 e4f6 f3d4 c6d7 c1c3 c8a8 c3b3 g8f8 d3e2 d7e6 d4e6 f7e6 b3b7 f6e8 g1f1 d8d2 e2c4 f8f7 e1c1 a8d8 f1e1 a7a5 h2h3 a5a4 a2a3 h7h6 b7b4 g6g5 b4a4 h6h5 a4a6 f7f8 a6e6 g5g4 h3g4 h5g4 e6g6 c7c6 c1b1
Warning; Bestmove does not match beginning of last PV - move e7h4 from SF_3000
Info; info depth 17 seldepth 27 multipv 1 score cp -91 nodes 768774 nps 704005 hashfull 297 tbhits 0 time 1092 pv e7g5 a2a4 d8e7 f4h5 g5c1 a1c1 g7g6 f2f4 g6h5 d1h5 g8g7 f4e5 e7e5 h5e5 d6e5 c1d1
Position; fen rnbqkbnr/pppppppp/8/8/4P3/8/PPPP1PPP/RNBQKBNR b KQkq - 0 1
Moves; e7e6 d2d4 c7c5 d4d5 g8f6 b1c3 d7d6 f1c4 h7h6 g1e2 f8e7 e1g1 e6d5 c3d5 f6d5 c4d5 b8d7 e2f4 d7f6 d5c4 e8g8 f1e1 f6g4 h2h3 g4e5 c4d5
Warning; Bestmove does not match beginning of last PV - move a1a3 from SF_2900
Info; info depth 15 seldepth 31 multipv 1 score cp 4 nodes 660311 nps 898382 hashfull 207 tbhits 0 time 735 pv c3d5 b6d5 c2c5 b3b4 c5c4 b4b6 d1c2 d5f6 h5f3 b7f3 e5f3 a8b8 c4a4 b6b2 c2b2 b8b2 a4a7 b2c2
Position; fen rnbqkbnr/ppp1pppp/8/3p4/3P4/8/PPP1PPPP/RNBQKBNR w KQkq - 0 2
Moves; c2c4 e7e6 g1f3 g8f6 c1g5 f8e7 b1c3 e8g8 e2e3 b8d7 f1d3 d5c4 d3f1 d7b6 a2a4 c7c5 a4a5 c5d4 e3d4 b6d7 f1c4 a7a6 e1g1 b7b5 a5b6 d7b6 c4e2 c8b7 f3e5 h7h6 g5h4 a6a5 f1e1 f6d5 h4e7 d8e7 e2f3 e7b4 g2g3 a5a4 e1e2 f8b8 e2c2 b4b3 f3h5 b8f8
Warning; Bestmove does not match beginning of last PV - move a7a6 from SF_2800
Info; info depth 11 seldepth 13 multipv 1 score cp -10 nodes 50422 nps 1200523 hashfull 11 tbhits 0 time 42 pv b2c3 f5e4 f3e4 h5h4 a7b7 h4h3 b7b6 c8a8
Position; fen rnbqkb1r/pppppppp/5n2/8/3P4/8/PPP1PPPP/RNBQKBNR w KQkq - 1 2
Moves; c2c4 g7g6 b1c3 f8g7 g2g3 d7d5 c4d5 f6d5 g1f3 c7c5 c3d5 d8d5 e2e3 b8c6 f1g2 d5c4 d1e2 c4e2 e1e2 c8e6 h1d1 e6c4 e2e1 c6b4 d1d2 c5d4 f3d4 b4d3 e1d1 c4a6 g2f1 d3b2 d1e1 a6f1 c1b2 f1h3 a1c1 e7e5 d4b5 e8g8 b5d6 b7b6 f2f3 h3e6 a2a3 f8d8 g3g4 d8d7 g4g5 h7h6 h2h4 f7f6 d6e4 d7d2 e1d2 f6g5 h4g5 h6h5 c1c7 a8c8 c7a7 e6f5
Warning; Bestmove does not match beginning of last PV - move f7e6 from SF_2900
Info; info depth 15 seldepth 28 multipv 1 score cp -22 nodes 481849 nps 1034010 hashfull 166 tbhits 0 time 466 pv c8c2 b6a5 b4a5 d5a5 h8b8 b1f1 f7g6 a5a4 h7h5 g2g4 b8b2 g4h5 g6h5 a2a3 b2a2 g1g2 c2c3 g2f3 a2a3 a4a3 c3a3
Position; fen rnbqkbnr/ppp1pppp/8/3p4/3P4/8/PPP1PPPP/RNBQKBNR w KQkq - 0 2
Moves; c2c4 c7c6 g1f3 e7e6 e2e3 g8f6 f1d3 c6c5 e1g1 d5c4 d3c4 a7a6 d4c5 f8c5 d1d8 e8d8 c1d2 b7b6 f3e5 d8e8 c4e2 b8d7 b2b4 c5e7 e2f3 f6d5 e5d7 c8d7 b1c3 d7c6 c3d5 c6d5 f3d5 e6d5 d2c3 f7f6 f1d1 a8d8 a1c1 e8f7 c3d4 e7b4 d4b6 d8c8 c1b1 a6a5 d1d5
Warning; Bestmove does not match beginning of last PV - move c3d5 from SF_2900
Info; info depth 15 seldepth 24 multipv 1 score cp -11 nodes 379070 nps 863485 hashfull 138 tbhits 0 time 439 pv h5f3 d5c3 a3c3 b7f3 c3f3 b6d5 e5c6 b4b7 c6e5 d5e7 f3c3 b7e4 c2e2 e4d5 c3c5 d5b7 h2h4 f8d8 e2c2
Position; fen rnbqkbnr/ppp1pppp/8/3p4/3P4/8/PPP1PPPP/RNBQKBNR w KQkq - 0 2
Moves; c2c4 e7e6 g1f3 g8f6 c1g5 f8e7 b1c3 e8g8 e2e3 b8d7 f1d3 d5c4 d3f1 d7b6 a2a4 c7c5 a4a5 c5d4 e3d4 b6d7 f1c4 a7a6 e1g1 b7b5 a5b6 d7b6 c4e2 c8b7 f3e5 h7h6 g5h4 a6a5 f1e1 f6d5 h4e7 d8e7 e2f3 e7b4 g2g3 a5a4 e1e2 f8b8 e2c2 b4b3 f3h5 b8f8 a1a3 b3b4
Warning; Bestmove does not match beginning of last PV - move a8b8 from SF_3000
Info; info depth 14 seldepth 22 multipv 1 score cp -74 nodes 270480 nps 745123 hashfull 96 tbhits 0 time 363 pv c8e6 e1d1 h4g5 a1a3 a8e8 a4a5 b7b6 a5a6 g5f4 c1f4 e5g6 f4g3 e6d5 d1d5 e7e4 e2e4 e8e4 d5d6 e4e1 g1h2 f8c8
Position; fen rnbqkbnr/pppppppp/8/8/4P3/8/PPPP1PPP/RNBQKBNR b KQkq - 0 1
Moves; e7e6 d2d4 c7c5 d4d5 g8f6 b1c3 d7d6 f1c4 h7h6 g1e2 f8e7 e1g1 e6d5 c3d5 f6d5 c4d5 b8d7 e2f4 d7f6 d5c4 e8g8 f1e1 f6g4 h2h3 g4e5 c4d5 e7h4 d1e2 d8e7 a2a4
Warning; Bestmove does not match beginning of last PV - move f8e7 from SF_2800
Info; info depth 23 seldepth 39 multipv 1 score cp -493 nodes 6270719 nps 1268605 hashfull 967 tbhits 0 time 4943 pv e8f6 g3g6 f8e7 f2f4 d2c2 b1b7 d8d7 g6f6 c2c4 b7d7 e7f6 e1e2 c4c5 d7a7 c5d5 g2g4 c6c5 g4g5 f6e6 e3e4 d5d8 g5g6 c5c4 a7a6 e6e7 f4f5 d8d4 a6e6 e7f8
Position; fen rnbqkb1r/pppppppp/5n2/8/3P4/8/PPP1PPPP/RNBQKBNR w KQkq - 1 2
Moves; c2c4 e7e6 b1c3 f8b4 e2e3 d7d5 c1d2 e8g8 g1f3 b7b6 c4d5 b4c3 d2c3 e6d5 f1d3 f6e4 e1g1 e4c3 b2c3 b8d7 d1c2 d7f6 a1c1 d8e7 c3c4 g7g6 c4c5 f6e4 f1e1 c8d7 c2b3 e7e6 b3b2 b6c5 d4c5 e6f6 b2b7 a8c8 b7d5 d7c6 d5d4 f8d8 d4f6 e4f6 f3d4 c6d7 c1c3 c8a8 c3b3 g8f8 d3e2 d7e6 d4e6 f7e6 b3b7 f6e8 g1f1 d8d2 e2c4 f8f7 e1c1 a8d8 f1e1 a7a5 h2h3 a5a4 a2a3 h7h6 b7b4 g6g5 b4a4 h6h5 a4a6 f7f8 a6e6 g5g4 h3g4 h5g4 e6g6 c7c6 c1b1 g4g3 g6g3
Warning; Bestmove does not match beginning of last PV - move e7e8 from SF_3000
Info; info depth 14 seldepth 24 multipv 1 score cp -101 nodes 289496 nps 774053 hashfull 102 tbhits 0 time 374 pv e7d8 e1d1 d7c6 c1f4 f8e8 f4h2 a7a6 a4a5 d8a5 f2f4 e5g6 d5f6 h4f6
Position; fen rnbqkbnr/pppppppp/8/8/4P3/8/PPPP1PPP/RNBQKBNR b KQkq - 0 1
Moves; e7e6 d2d4 c7c5 d4d5 g8f6 b1c3 d7d6 f1c4 h7h6 g1e2 f8e7 e1g1 e6d5 c3d5 f6d5 c4d5 b8d7 e2f4 d7f6 d5c4 e8g8 f1e1 f6g4 h2h3 g4e5 c4d5 e7h4 d1e2 d8e7 a2a4 a8b8 d5a2 c8d7 f4d5
Warning; Bestmove does not match beginning of last PV - move a3a4 from SF_2800
Info; info depth 10 seldepth 15 multipv 1 score cp 6 nodes 24578 nps 1117181 hashfull 4 tbhits 0 time 22 pv b6b3 f5e6 b3b1 f8c8 b1h1
Position; fen rnbqkb1r/pppppppp/5n2/8/3P4/8/PPP1PPPP/RNBQKBNR w KQkq - 1 2
Moves; c2c4 g7g6 b1c3 f8g7 g2g3 d7d5 c4d5 f6d5 g1f3 c7c5 c3d5 d8d5 e2e3 b8c6 f1g2 d5c4 d1e2 c4e2 e1e2 c8e6 h1d1 e6c4 e2e1 c6b4 d1d2 c5d4 f3d4 b4d3 e1d1 c4a6 g2f1 d3b2 d1e1 a6f1 c1b2 f1h3 a1c1 e7e5 d4b5 e8g8 b5d6 b7b6 f2f3 h3e6 a2a3 f8d8 g3g4 d8d7 g4g5 h7h6 h2h4 f7f6 d6e4 d7d2 e1d2 f6g5 h4g5 h6h5 c1c7 a8c8 c7a7 e6f5 a7a6 h5h4 a6b6 h4h3 b2c3 c8d8 d2e2 d8f8
Warning; Bestmove does not match beginning of last PV - move e7d7 from SF_2800
Info; info depth 21 seldepth 49 multipv 1 score cp -498 nodes 3810738 nps 1110031 hashfull 879 tbhits 0 time 3433 pv d8d7 g3g6 d7a7 g6c6 a7a3 g2g4 e7f8 e1e2 a3a4 c4e6 a4a7 f2f4 a7c7 c6c7 e8c7 f4f5 f8e7 e3e4 c7a6 e6c4 a6c5 e2f3 c5d7
Position; fen rnbqkb1r/pppppppp/5n2/8/3P4/8/PPP1PPPP/RNBQKBNR w KQkq - 1 2
Moves; c2c4 e7e6 b1c3 f8b4 e2e3 d7d5 c1d2 e8g8 g1f3 b7b6 c4d5 b4c3 d2c3 e6d5 f1d3 f6e4 e1g1 e4c3 b2c3 b8d7 d1c2 d7f6 a1c1 d8e7 c3c4 g7g6 c4c5 f6e4 f1e1 c8d7 c2b3 e7e6 b3b2 b6c5 d4c5 e6f6 b2b7 a8c8 b7d5 d7c6 d5d4 f8d8 d4f6 e4f6 f3d4 c6d7 c1c3 c8a8 c3b3 g8f8 d3e2 d7e6 d4e6 f7e6 b3b7 f6e8 g1f1 d8d2 e2c4 f8f7 e1c1 a8d8 f1e1 a7a5 h2h3 a5a4 a2a3 h7h6 b7b4 g6g5 b4a4 h6h5 a4a6 f7f8 a6e6 g5g4 h3g4 h5g4 e6g6 c7c6 c1b1 g4g3 g6g3 f8e7 b1b7 d2d7 b7d7
Warning; Bestmove does not match beginning of last PV - move e5g6 from SF_3000
Info; info depth 15 seldepth 27 multipv 1 score cp -130 nodes 460318 nps 752153 hashfull 164 tbhits 0 time 612 pv e8d8 g2g3 h4f6 f2f4 e5c6 c2c3 g8h7 e1f1 g7g6 h5f3 d7h3 f1f2 h3e6 f4f5
Position; fen rnbqkbnr/pppppppp/8/8/4P3/8/PPPP1PPP/RNBQKBNR b KQkq - 0 1
Moves; e7e6 d2d4 c7c5 d4d5 g8f6 b1c3 d7d6 f1c4 h7h6 g1e2 f8e7 e1g1 e6d5 c3d5 f6d5 c4d5 b8d7 e2f4 d7f6 d5c4 e8g8 f1e1 f6g4 h2h3 g4e5 c4d5 e7h4 d1e2 d8e7 a2a4 a8b8 d5a2 c8d7 f4d5 e7e8 e2h5
Warning; Bestmove does not match beginning of last PV - move a3c3 from SF_2900
Info; info depth 15 seldepth 26 multipv 1 score cp 0 nodes 381566 nps 946813 hashfull 112 tbhits 0 time 403 pv d2c2 b7e4 c2c7 f7f6 h5f7 g8h7 e5d3 f8d8 d3c5 d8d4 c5e4 d4e4 b2b3 a4b3 a3b3 a8c8 c7b7 b6d5 h2h4 e4e1 g1g2
Position; fen rnbqkbnr/ppp1pppp/8/3p4/3P4/8/PPP1PPPP/RNBQKBNR w KQkq - 0 2
Moves; c2c4 e7e6 g1f3 g8f6 c1g5 f8e7 b1c3 e8g8 e2e3 b8d7 f1d3 d5c4 d3f1 d7b6 a2a4 c7c5 a4a5 c5d4 e3d4 b6d7 f1c4 a7a6 e1g1 b7b5 a5b6 d7b6 c4e2 c8b7 f3e5 h7h6 g5h4 a6a5 f1e1 f6d5 h4e7 d8e7 e2f3 e7b4 g2g3 a5a4 e1e2 f8b8 e2c2 b4b3 f3h5 b8f8 a1a3 b3b4 c3d5 b6d5 d1d2 b4d2 c2d2 d5b6
Warning; Bestmove does not match beginning of last PV - move e2d2 from SF_2800
Info; info depth 11 seldepth 14 multipv 1 score cp 0 nodes 67546 nps 1378489 hashfull 14 tbhits 0 time 49 pv e2d3 h3h2 b6b1 c8d8 d3e2 d8c8
Position; fen rnbqkb1r/pppppppp/5n2/8/3P4/8/PPP1PPPP/RNBQKBNR w KQkq - 1 2
Moves; c2c4 g7g6 b1c3 f8g7 g2g3 d7d5 c4d5 f6d5 g1f3 c7c5 c3d5 d8d5 e2e3 b8c6 f1g2 d5c4 d1e2 c4e2 e1e2 c8e6 h1d1 e6c4 e2e1 c6b4 d1d2 c5d4 f3d4 b4d3 e1d1 c4a6 g2f1 d3b2 d1e1 a6f1 c1b2 f1h3 a1c1 e7e5 d4b5 e8g8 b5d6 b7b6 f2f3 h3e6 a2a3 f8d8 g3g4 d8d7 g4g5 h7h6 h2h4 f7f6 d6e4 d7d2 e1d2 f6g5 h4g5 h6h5 c1c7 a8c8 c7a7 e6f5 a7a6 h5h4 a6b6 h4h3 b2c3 c8d8 d2e2 d8f8 a3a4 f8c8
Warning; Bestmove does not match beginning of last PV - move e1e2 from HiveChess
Info; info depth 18 score cp 1275 nodes 7793664 pv g3f3 d8a8 f3f7 d7d8 c4e6 a8a3 f7d7 d8c8 d7d3 c8b8 d3a3 e8f6 a3b3 b8a7 e1d2 f6e4
Position; fen rnbqkb1r/pppppppp/5n2/8/3P4/8/PPP1PPPP/RNBQKBNR w KQkq - 1 2
Moves; c2c4 e7e6 b1c3 f8b4 e2e3 d7d5 c1d2 e8g8 g1f3 b7b6 c4d5 b4c3 d2c3 e6d5 f1d3 f6e4 e1g1 e4c3 b2c3 b8d7 d1c2 d7f6 a1c1 d8e7 c3c4 g7g6 c4c5 f6e4 f1e1 c8d7 c2b3 e7e6 b3b2 b6c5 d4c5 e6f6 b2b7 a8c8 b7d5 d7c6 d5d4 f8d8 d4f6 e4f6 f3d4 c6d7 c1c3 c8a8 c3b3 g8f8 d3e2 d7e6 d4e6 f7e6 b3b7 f6e8 g1f1 d8d2 e2c4 f8f7 e1c1 a8d8 f1e1 a7a5 h2h3 a5a4 a2a3 h7h6 b7b4 g6g5 b4a4 h6h5 a4a6 f7f8 a6e6 g5g4 h3g4 h5g4 e6g6 c7c6 c1b1 g4g3 g6g3 f8e7 b1b7 d2d7 b7d7 e7d7
Warning; Bestmove does not match beginning of last PV - move g1f1 from SF_2900
Info; info depth 12 seldepth 14 multipv 1 score cp -9 nodes 111382 nps 891056 hashfull 36 tbhits 0 time 125 pv c3c7 f7f6 h5g6 b6d5 g6e4 d5c7 e4a8 f8a8 e5d7 g8f7 d2c2 c7b5 c2c4
Position; fen rnbqkbnr/ppp1pppp/8/3p4/3P4/8/PPP1PPPP/RNBQKBNR w KQkq - 0 2
Moves; c2c4 e7e6 g1f3 g8f6 c1g5 f8e7 b1c3 e8g8 e2e3 b8d7 f1d3 d5c4 d3f1 d7b6 a2a4 c7c5 a4a5 c5d4 e3d4 b6d7 f1c4 a7a6 e1g1 b7b5 a5b6 d7b6 c4e2 c8b7 f3e5 h7h6 g5h4 a6a5 f1e1 f6d5 h4e7 d8e7 e2f3 e7b4 g2g3 a5a4 e1e2 f8b8 e2c2 b4b3 f3h5 b8f8 a1a3 b3b4 c3d5 b6d5 d1d2 b4d2 c2d2 d5b6 a3c3 b7e4
Warning; Bestmove does not match beginning of last PV - move h2h4 from SF_2900
Info; info depth 15 seldepth 22 multipv 1 score cp -13 nodes 251893 nps 871602 hashfull 94 tbhits 0 time 289 pv d2e2 b6d5 c3c5 d5f6 h5f3 e4f3 e5f3 g7g5 c5c2 f6d5 f3e5 a4a3 b2a3 a7a3
Position; fen rnbqkbnr/ppp1pppp/8/3p4/3P4/8/PPP1PPPP/RNBQKBNR w KQkq - 0 2
Moves; c2c4 e7e6 g1f3 g8f6 c1g5 f8e7 b1c3 e8g8 e2e3 b8d7 f1d3 d5c4 d3f1 d7b6 a2a4 c7c5 a4a5 c5d4 e3d4 b6d7 f1c4 a7a6 e1g1 b7b5 a5b6 d7b6 c4e2 c8b7 f3e5 h7h6 g5h4 a6a5 f1e1 f6d5 h4e7 d8e7 e2f3 e7b4 g2g3 a5a4 e1e2 f8b8 e2c2 b4b3 f3h5 b8f8 a1a3 b3b4 c3d5 b6d5 d1d2 b4d2 c2d2 d5b6 a3c3 b7e4 g1f1 a8a7
Warning; Bestmove does not match beginning of last PV - move e8f6 from SF_2800
Info; info depth 16 seldepth 36 multipv 1 score cp -568 nodes 2727373 nps 2343103 hashfull 559 tbhits 0 time 1164 pv e8c7 f7d7 d8c8 d7d3 c7e6 d3a3 e6c5 a3c3 c5b7 c3c6 c8d7 c6c3 d7e8 g2g4 b7d6 c3c6 d6b5 e2d3 e8d7 c6a6 d7e7 g4g5 b5c7 a6a7
Position; fen rnbqkb1r/pppppppp/5n2/8/3P4/8/PPP1PPPP/RNBQKBNR w KQkq - 1 2
Moves; c2c4 e7e6 b1c3 f8b4 e2e3 d7d5 c1d2 e8g8 g1f3 b7b6 c4d5 b4c3 d2c3 e6d5 f1d3 f6e4 e1g1 e4c3 b2c3 b8d7 d1c2 d7f6 a1c1 d8e7 c3c4 g7g6 c4c5 f6e4 f1e1 c8d7 c2b3 e7e6 b3b2 b6c5 d4c5 e6f6 b2b7 a8c8 b7d5 d7c6 d5d4 f8d8 d4f6 e4f6 f3d4 c6d7 c1c3 c8a8 c3b3 g8f8 d3e2 d7e6 d4e6 f7e6 b3b7 f6e8 g1f1 d8d2 e2c4 f8f7 e1c1 a8d8 f1e1 a7a5 h2h3 a5a4 a2a3 h7h6 b7b4 g6g5 b4a4 h6h5 a4a6 f7f8 a6e6 g5g4 h3g4 h5g4 e6g6 c7c6 c1b1 g4g3 g6g3 f8e7 b1b7 d2d7 b7d7 e7d7 e1e2 d8a8 g3f3 a8a3 f3f7 d7d8 c4e6
Warning; Bestmove does not match beginning of last PV - move c3b2 from SF_2800
Info; info depth 11 seldepth 16 multipv 1 score cp -7 nodes 29485 nps 893484 hashfull 6 tbhits 0 time 33 pv d2d3 a4a2 c3d2 f5d7 e4c3 e5e4 f3e4 g7c3 d3c3 d7c6 h1h2 c6e4 c3c4 a2c2 c4b3
Position; fen rnbqkb1r/pppppppp/5n2/8/3P4/8/PPP1PPPP/RNBQKBNR w KQkq - 1 2
Moves; c2c4 g7g6 b1c3 f8g7 g2g3 d7d5 c4d5 f6d5 g1f3 c7c5 c3d5 d8d5 e2e3 b8c6 f1g2 d5c4 d1e2 c4e2 e1e2 c8e6 h1d1 e6c4 e2e1 c6b4 d1d2 c5d4 f3d4 b4d3 e1d1 c4a6 g2f1 d3b2 d1e1 a6f1 c1b2 f1h3 a1c1 e7e5 d4b5 e8g8 b5d6 b7b6 f2f3 h3e6 a2a3 f8d8 g3g4 d8d7 g4g5 h7h6 h2h4 f7f6 d6e4 d7d2 e1d2 f6g5 h4g5 h6h5 c1c7 a8c8 c7a7 e6f5 a7a6 h5h4 a6b6 h4h3 b2c3 c8d8 d2e2 d8f8 a3a4 f8c8 e2d2 h3h2 b6b1 c8c4 b1h1 c4a4
Warning; Bestmove does not match beginning of last PV - move d2e2 from SF_2900
Info; info depth 10 seldepth 16 multipv 1 score cp -14 nodes 29589 nps 986300 hashfull 9 tbhits 0 time 30 pv h5f3 c8d6 d2e2 e4f3 e5f3 a7b7 c5c6 d6f5 c6c4 b7b3 f3e5
Position; fen rnbqkbnr/ppp1pppp/8/3p4/3P4/8/PPP1PPPP/RNBQKBNR w KQkq - 0 2
Moves; c2c4 e7e6 g1f3 g8f6 c1g5 f8e7 b1c3 e8g8 e2e3 b8d7 f1d3 d5c4 d3f1 d7b6 a2a4 c7c5 a4a5 c5d4 e3d4 b6d7 f1c4 a7a6 e1g1 b7b5 a5b6 d7b6 c4e2 c8b7 f3e5 h7h6 g5h4 a6a5 f1e1 f6d5 h4e7 d8e7 e2f3 e7b4 g2g3 a5a4 e1e2 f8b8 e2c2 b4b3 f3h5 b8f8 a1a3 b3b4 c3d5 b6d5 d1d2 b4d2 c2d2 d5b6 a3c3 b7e4 g1f1 a8a7 h2h4 f8b8 c3c5 b6c8
Warning; Bestmove does not match beginning of last PV - move d5f5 from SF_2900
Info; info depth 8 seldepth 9 multipv 1 score cp 12 nodes 16431 nps 1493727 hashfull 4 tbhits 0 time 11 pv d5a5 g3g4 a2a4 g4h5 g6h5
Position; fen rnbqkbnr/ppp1pppp/8/3p4/3P4/8/PPP1PPPP/RNBQKBNR w KQkq - 0 2
Moves; c2c4 c7c6 g1f3 e7e6 e2e3 g8f6 f1d3 c6c5 e1g1 d5c4 d3c4 a7a6 d4c5 f8c5 d1d8 e8d8 c1d2 b7b6 f3e5 d8e8 c4e2 b8d7 b2b4 c5e7 e2f3 f6d5 e5d7 c8d7 b1c3 d7c6 c3d5 c6d5 f3d5 e6d5 d2c3 f7f6 f1d1 a8d8 a1c1 e8f7 c3d4 e7b4 d4b6 d8c8 c1b1 a6a5 d1d5 f7e6 b1d1 c8c2 b6a5 b4a5 d5a5 h8d8 d1f1 e6f7 a5a7 f7g6 h2h3 d8d2 a2a4 h7h5 a7e7 c2a2 e7e4 d2d5 g2g3
Warning; Bestmove does not match beginning of last PV - move a3a5 from SF_2800
Info; info depth 20 seldepth 38 multipv 1 score cp -660 nodes 3267439 nps 2616044 hashfull 683 tbhits 0 time 1249 pv d8e7 f6h6 a3c3 g2g4 c3c5 e2f3 e7f8 e6f5 c5c4 e3e4 c6c5 e4e5 c4b4 h6h7 c5c4 e5e6 f8g8 h7c7 b4a4 e6e7 g8f7 e7e8q f7e8
Position; fen rnbqkb1r/pppppppp/5n2/8/3P4/8/PPP1PPPP/RNBQKBNR w KQkq - 1 2
Moves; c2c4 e7e6 b1c3 f8b4 e2e3 d7d5 c1d2 e8g8 g1f3 b7b6 c4d5 b4c3 d2c3 e6d5 f1d3 f6e4 e1g1 e4c3 b2c3 b8d7 d1c2 d7f6 a1c1 d8e7 c3c4 g7g6 c4c5 f6e4 f1e1 c8d7 c2b3 e7e6 b3b2 b6c5 d4c5 e6f6 b2b7 a8c8 b7d5 d7c6 d5d4 f8d8 d4f6 e4f6 f3d4 c6d7 c1c3 c8a8 c3b3 g8f8 d3e2 d7e6 d4e6 f7e6 b3b7 f6e8 g1f1 d8d2 e2c4 f8f7 e1c1 a8d8 f1e1 a7a5 h2h3 a5a4 a2a3 h7h6 b7b4 g6g5 b4a4 h6h5 a4a6 f7f8 a6e6 g5g4 h3g4 h5g4 e6g6 c7c6 c1b1 g4g3 g6g3 f8e7 b1b7 d2d7 b7d7 e7d7 e1e2 d8a8 g3f3 a8a3 f3f7 d7d8 c4e6 e8f6 f7f6
Warning; Bestmove does not match beginning of last PV - move a7a5 from SF_3000
Info; info depth 15 seldepth 24 multipv 1 score cp -172 nodes 296903 nps 883639 hashfull 113 tbhits 0 time 336 pv b8d8 f5d6 d8d7 f4e3 c6a4 d1d5 e5g6 c2c3 a4c6 d5d2 f6e5
Position; fen rnbqkbnr/pppppppp/8/8/4P3/8/PPPP1PPP/RNBQKBNR b KQkq - 0 1
Moves; e7e6 d2d4 c7c5 d4d5 g8f6 b1c3 d7d6 f1c4 h7h6 g1e2 f8e7 e1g1 e6d5 c3d5 f6d5 c4d5 b8d7 e2f4 d7f6 d5c4 e8g8 f1e1 f6g4 h2h3 g4e5 c4d5 e7h4 d1e2 d8e7 a2a4 a8b8 d5a2 c8d7 f4d5 e7e8 e2h5 e5g6 c1h6 e8e5 h5e5 g6e5 h6f4 d7a4 d5e3 a4c6 e3f5 h4f6 a1d1
Warning; Bestmove does not match beginning of last PV - move a5a4 from SF_3000
Info; info depth 14 seldepth 22 multipv 1 score cp -180 nodes 241978 nps 892907 hashfull 81 tbhits 0 time 271 pv b8d8 f4g3 d8d6 f5d6 b7b5 f2f4 e5g6 e4e5 f6h4 g3h4 g6h4 e1e2 a5a4 g2g3 h4f3 g1f2 b5b4 f2e3 f3d4
Position; fen rnbqkbnr/pppppppp/8/8/4P3/8/PPPP1PPP/RNBQKBNR b KQkq - 0 1
Moves; e7e6 d2d4 c7c5 d4d5 g8f6 b1c3 d7d6 f1c4 h7h6 g1e2 f8e7 e1g1 e6d5 c3d5 f6d5 c4d5 b8d7 e2f4 d7f6 d5c4 e8g8 f1e1 f6g4 h2h3 g4e5 c4d5 e7h4 d1e2 d8e7 a2a4 a8b8 d5a2 c8d7 f4d5 e7e8 e2h5 e5g6 c1h6 e8e5 h5e5 g6e5 h6f4 d7a4 d5e3 a4c6 e3f5 h4f6 a1d1 a7a5 d1d6
Warning; Bestmove does not match beginning of last PV - move f5c5 from SF_2900
Info; info depth 8 seldepth 14 multipv 1 score cp 7 nodes 18570 nps 1428461 hashfull 6 tbhits 0 time 13 pv f5a5 g3g4 a2a4 e4e7 a5a7 e7a7 a4a7 f1h1
Position; fen rnbqkbnr/ppp1pppp/8/3p4/3P4/8/PPP1PPPP/RNBQKBNR w KQkq - 0 2
Moves; c2c4 c7c6 g1f3 e7e6 e2e3 g8f6 f1d3 c6c5 e1g1 d5c4 d3c4 a7a6 d4c5 f8c5 d1d8 e8d8 c1d2 b7b6 f3e5 d8e8 c4e2 b8d7 b2b4 c5e7 e2f3 f6d5 e5d7 c8d7 b1c3 d7c6 c3d5 c6d5 f3d5 e6d5 d2c3 f7f6 f1d1 a8d8 a1c1 e8f7 c3d4 e7b4 d4b6 d8c8 c1b1 a6a5 d1d5 f7e6 b1d1 c8c2 b6a5 b4a5 d5a5 h8d8 d1f1 e6f7 a5a7 f7g6 h2h3 d8d2 a2a4 h7h5 a7e7 c2a2 e7e4 d2d5 g2g3 d5f5 g1g2
Warning; Bestmove does not match beginning of last PV - move a4h4 from SF_2800
Info; info depth 16 seldepth 40 multipv 1 score cp -732 nodes 789583 nps 2871210 hashfull 162 tbhits 0 time 275 pv a4a3 g2g4 a3c3 e6g8 c3c1 f5h5 c1f1 g8h7 f1c1 h7e4 d8d7 h5f5 c1c4 f3f4 c4a4 f5f6
Position; fen rnbqkb1r/pppppppp/5n2/8/3P4/8/PPP1PPPP/RNBQKBNR w KQkq - 1 2
Moves; c2c4 e7e6 b1c3 f8b4 e2e3 d7d5 c1d2 e8g8 g1f3 b7b6 c4d5 b4c3 d2c3 e6d5 f1d3 f6e4 e1g1 e4c3 b2c3 b8d7 d1c2 d7f6 a1c1 d8e7 c3c4 g7g6 c4c5 f6e4 f1e1 c8d7 c2b3 e7e6 b3b2 b6c5 d4c5 e6f6 b2b7 a8c8 b7d5 d7c6 d5d4 f8d8 d4f6 e4f6 f3d4 c6d7 c1c3 c8a8 c3b3 g8f8 d3e2 d7e6 d4e6 f7e6 b3b7 f6e8 g1f1 d8d2 e2c4 f8f7 e1c1 a8d8 f1e1 a7a5 h2h3 a5a4 a2a3 h7h6 b7b4 g6g5 b4a4 h6h5 a4a6 f7f8 a6e6 g5g4 h3g4 h5g4 e6g6 c7c6 c1b1 g4g3 g6g3 f8e7 b1b7 d2d7 b7d7 e7d7 e1e2 d8a8 g3f3 a8a3 f3f7 d7d8 c4e6 e8f6 f7f6 a3a5 f6f5 a5a4 e2f3
Finished game 15 (HiveChess vs SF_2800): 1-0 {White wins by adjudication}
Started game 20 of 1000 (SF_3000 vs HiveChess)
Warning; Bestmove does not match beginning of last PV - move d2d4 from SF_3000
Info; info depth 17 seldepth 31 multipv 1 score cp 42 nodes 1200918 nps 801146 hashfull 376 tbhits 0 time 1499 pv f1b5 a7a6 b5a4 g8f6 e1g1 b7b5 a4b3 c8b7 f1e1 f8c5 c2c3 d7d6 d2d4 c5b6 a2a4
Position; fen rnbqkbnr/pppppppp/8/8/4P3/8/PPPP1PPP/RNBQKBNR b KQkq - 0 1
Moves; e7e5 g1f3 b8c6
Warning; Bestmove does not match beginning of last PV - move f1c4 from SF_3000
Info; info depth 17 seldepth 30 multipv 1 score cp 12 nodes 1335193 nps 791459 hashfull 410 tbhits 0 time 1687 pv f3d4 g8f6 d4c6 b7c6 b1c3 f8b4 f1d3 d7d5 e4d5 e8g8 e1g1 c6d5 d1f3 b4d6 h2h3 c7c6 f1e1 a7a5 c1g5 c8e6
Position; fen rnbqkbnr/pppppppp/8/8/4P3/8/PPPP1PPP/RNBQKBNR b KQkq - 0 1
Moves; e7e5 g1f3 b8c6 d2d4 e5d4
Warning; Bestmove does not match beginning of last PV - move e1g1 from SF_3000
Info; info depth 17 seldepth 22 multipv 1 score cp 5 nodes 1056116 nps 864959 hashfull 317 tbhits 0 time 1221 pv e4e5 d7d5 c4b5 f6d7 e1g1 f8e7 b5c6 b7c6 f3d4 d7b8 b1c3 e8g8 f2f4 f7f6 e5e6 c6c5 d4f5 c8e6 f5e7 d8e7 f4f5
Position; fen rnbqkbnr/pppppppp/8/8/4P3/8/PPPP1PPP/RNBQKBNR b KQkq - 0 1
Moves; e7e5 g1f3 b8c6 d2d4 e5d4 f1c4 g8f6
Warning; Bestmove does not match beginning of last PV - move f6e7 from SF_3000
Info; info depth 14 seldepth 19 multipv 1 score cp -220 nodes 61856 nps 1048406 hashfull 20 tbhits 0 time 59 pv f6h4 g3h4 g6h4 e5e6 f7e6 e1e6 g8h7 g2g3 h4f3 g1f2 f3d4 e6e5 f8f6 d6f7 d4c2 f7g5 h7h6 e5c5
Position; fen rnbqkbnr/pppppppp/8/8/4P3/8/PPPP1PPP/RNBQKBNR b KQkq - 0 1
Moves; e7e6 d2d4 c7c5 d4d5 g8f6 b1c3 d7d6 f1c4 h7h6 g1e2 f8e7 e1g1 e6d5 c3d5 f6d5 c4d5 b8d7 e2f4 d7f6 d5c4 e8g8 f1e1 f6g4 h2h3 g4e5 c4d5 e7h4 d1e2 d8e7 a2a4 a8b8 d5a2 c8d7 f4d5 e7e8 e2h5 e5g6 c1h6 e8e5 h5e5 g6e5 h6f4 d7a4 d5e3 a4c6 e3f5 h4f6 a1d1 a7a5 d1d6 a5a4 f4g3 b8d8 f2f4 e5g6 e4e5 d8d6 f5d6
Warning; Bestmove does not match beginning of last PV - move g6h4 from SF_3000
Info; info depth 13 seldepth 17 multipv 1 score cp -246 nodes 58616 nps 960918 hashfull 23 tbhits 0 time 61 pv g6h8 e5e6 f8a8 d6c4 f7e6 e1e6 e7f6 c4e5 h8f7 e5c6 b7c6 e6c6 f6b2
Position; fen rnbqkbnr/pppppppp/8/8/4P3/8/PPPP1PPP/RNBQKBNR b KQkq - 0 1
Moves; e7e6 d2d4 c7c5 d4d5 g8f6 b1c3 d7d6 f1c4 h7h6 g1e2 f8e7 e1g1 e6d5 c3d5 f6d5 c4d5 b8d7 e2f4 d7f6 d5c4 e8g8 f1e1 f6g4 h2h3 g4e5 c4d5 e7h4 d1e2 d8e7 a2a4 a8b8 d5a2 c8d7 f4d5 e7e8 e2h5 e5g6 c1h6 e8e5 h5e5 g6e5 h6f4 d7a4 d5e3 a4c6 e3f5 h4f6 a1d1 a7a5 d1d6 a5a4 f4g3 b8d8 f2f4 e5g6 e4e5 d8d6 f5d6 f6e7 f4f5
Warning; Bestmove does not match beginning of last PV - move f3g1 from SF_2900
Info; info depth 10 seldepth 12 multipv 1 score cp -12 nodes 33267 nps 1188107 hashfull 10 tbhits 0 time 28 pv f3e5 f5d4 e2e4 d4f5 e4a4 b3b2 a6a8 g8h7 h4h5
Position; fen rnbqkbnr/ppp1pppp/8/3p4/3P4/8/PPP1PPPP/RNBQKBNR w KQkq - 0 2
Moves; c2c4 e7e6 g1f3 g8f6 c1g5 f8e7 b1c3 e8g8 e2e3 b8d7 f1d3 d5c4 d3f1 d7b6 a2a4 c7c5 a4a5 c5d4 e3d4 b6d7 f1c4 a7a6 e1g1 b7b5 a5b6 d7b6 c4e2 c8b7 f3e5 h7h6 g5h4 a6a5 f1e1 f6d5 h4e7 d8e7 e2f3 e7b4 g2g3 a5a4 e1e2 f8b8 e2c2 b4b3 f3h5 b8f8 a1a3 b3b4 c3d5 b6d5 d1d2 b4d2 c2d2 d5b6 a3c3 b7e4 g1f1 a8a7 h2h4 f8b8 c3c5 b6c8 d2e2 c8d6 h5f3 e4f3 e5f3 a7b7 c5c6 d6f5 c6a6 b7b3
Warning; Bestmove does not match beginning of last PV - move d3e4 from SF_2800
Info; info depth 23 seldepth 10 multipv 1 score cp 0 nodes 1248858 nps 1283512 hashfull 341 tbhits 0 time 973 pv d3c4 g5g4 c4d5 g4a4 h2c2 a4a2 d5e4 g7f8 e4d5
Position; fen rnbqkb1r/pppppppp/5n2/8/3P4/8/PPP1PPPP/RNBQKBNR w KQkq - 1 2
Moves; c2c4 g7g6 b1c3 f8g7 g2g3 d7d5 c4d5 f6d5 g1f3 c7c5 c3d5 d8d5 e2e3 b8c6 f1g2 d5c4 d1e2 c4e2 e1e2 c8e6 h1d1 e6c4 e2e1 c6b4 d1d2 c5d4 f3d4 b4d3 e1d1 c4a6 g2f1 d3b2 d1e1 a6f1 c1b2 f1h3 a1c1 e7e5 d4b5 e8g8 b5d6 b7b6 f2f3 h3e6 a2a3 f8d8 g3g4 d8d7 g4g5 h7h6 h2h4 f7f6 d6e4 d7d2 e1d2 f6g5 h4g5 h6h5 c1c7 a8c8 c7a7 e6f5 a7a6 h5h4 a6b6 h4h3 b2c3 c8d8 d2e2 d8f8 a3a4 f8c8 e2d2 h3h2 b6b1 c8c4 b1h1 c4a4 c3b2 f5e4 f3e4 a4e4 h1h2 e4g4 d2d3 g4g5
Warning; Bestmove does not match beginning of last PV - move e4d3 from SF_2800
Info; info depth 19 seldepth 24 multipv 1 score cp 0 nodes 659230 nps 1234513 hashfull 173 tbhits 0 time 534 pv e4d5 g4a4 h2c2 a4b4 c2c8 g8h7 b2c3 b4b5 d5e4 h7h6 c8c7 b5b3 c7c8
Position; fen rnbqkb1r/pppppppp/5n2/8/3P4/8/PPP1PPPP/RNBQKBNR w KQkq - 1 2
Moves; c2c4 g7g6 b1c3 f8g7 g2g3 d7d5 c4d5 f6d5 g1f3 c7c5 c3d5 d8d5 e2e3 b8c6 f1g2 d5c4 d1e2 c4e2 e1e2 c8e6 h1d1 e6c4 e2e1 c6b4 d1d2 c5d4 f3d4 b4d3 e1d1 c4a6 g2f1 d3b2 d1e1 a6f1 c1b2 f1h3 a1c1 e7e5 d4b5 e8g8 b5d6 b7b6 f2f3 h3e6 a2a3 f8d8 g3g4 d8d7 g4g5 h7h6 h2h4 f7f6 d6e4 d7d2 e1d2 f6g5 h4g5 h6h5 c1c7 a8c8 c7a7 e6f5 a7a6 h5h4 a6b6 h4h3 b2c3 c8d8 d2e2 d8f8 a3a4 f8c8 e2d2 h3h2 b6b1 c8c4 b1h1 c4a4 c3b2 f5e4 f3e4 a4e4 h1h2 e4g4 d2d3 g4g5 d3e4 g5g4
Warning; Bestmove does not match beginning of last PV - move e2e1 from SF_2900
Info; info depth 10 seldepth 11 multipv 1 score cp -61 nodes 46873 nps 976520 hashfull 11 tbhits 0 time 48 pv e2e4 b8b4 g1e2 d4e2 e4e2 g7g5 h4g5 h6g5 e2e5 g5g4
Position; fen rnbqkbnr/ppp1pppp/8/3p4/3P4/8/PPP1PPPP/RNBQKBNR w KQkq - 0 2
Moves; c2c4 e7e6 g1f3 g8f6 c1g5 f8e7 b1c3 e8g8 e2e3 b8d7 f1d3 d5c4 d3f1 d7b6 a2a4 c7c5 a4a5 c5d4 e3d4 b6d7 f1c4 a7a6 e1g1 b7b5 a5b6 d7b6 c4e2 c8b7 f3e5 h7h6 g5h4 a6a5 f1e1 f6d5 h4e7 d8e7 e2f3 e7b4 g2g3 a5a4 e1e2 f8b8 e2c2 b4b3 f3h5 b8f8 a1a3 b3b4 c3d5 b6d5 d1d2 b4d2 c2d2 d5b6 a3c3 b7e4 g1f1 a8a7 h2h4 f8b8 c3c5 b6c8 d2e2 c8d6 h5f3 e4f3 e5f3 a7b7 c5c6 d6f5 c6a6 b7b3 f3g1 f5d4
Warning; Bestmove does not match beginning of last PV - move f5f6 from HiveChess
Info; info depth 20 score cp 418 nodes 8001536 pv e6f7 g8f8 d6c4 a4a3 b2a3 h4f5 c4e5 g7g5 e5g6 f8g7 g6e7 f5g3 e7c6 b7c6 e1e8 g3e2 e8e2 g7h7
Position; fen rnbqkbnr/pppppppp/8/8/4P3/8/PPPP1PPP/RNBQKBNR b KQkq - 0 1
Moves; e7e6 d2d4 c7c5 d4d5 g8f6 b1c3 d7d6 f1c4 h7h6 g1e2 f8e7 e1g1 e6d5 c3d5 f6d5 c4d5 b8d7 e2f4 d7f6 d5c4 e8g8 f1e1 f6g4 h2h3 g4e5 c4d5 e7h4 d1e2 d8e7 a2a4 a8b8 d5a2 c8d7 f4d5 e7e8 e2h5 e5g6 c1h6 e8e5 h5e5 g6e5 h6f4 d7a4 d5e3 a4c6 e3f5 h4f6 a1d1 a7a5 d1d6 a5a4 f4g3 b8d8 f2f4 e5g6 e4e5 d8d6 f5d6 f6e7 f4f5 g6h4 e5e6 f8a8
Warning; Bestmove does not match beginning of last PV - move e3e4 from SF_2800
Info; info depth 23 seldepth 23 multipv 1 score cp -2 nodes 2432819 nps 1338920 hashfull 500 tbhits 0 time 1817 pv h2f2 g8h7 e3e4 g4g3 d3c4 h7g6 f2f5 g3g4 c4d3 g4f4 b2e5 f4f5 e4f5 g6f5 e5g7 f5g6 g7e5 g6f7 d3e4 f7e6 e5g7
Position; fen rnbqkb1r/pppppppp/5n2/8/3P4/8/PPP1PPPP/RNBQKBNR w KQkq - 1 2
Moves; c2c4 g7g6 b1c3 f8g7 g2g3 d7d5 c4d5 f6d5 g1f3 c7c5 c3d5 d8d5 e2e3 b8c6 f1g2 d5c4 d1e2 c4e2 e1e2 c8e6 h1d1 e6c4 e2e1 c6b4 d1d2 c5d4 f3d4 b4d3 e1d1 c4a6 g2f1 d3b2 d1e1 a6f1 c1b2 f1h3 a1c1 e7e5 d4b5 e8g8 b5d6 b7b6 f2f3 h3e6 a2a3 f8d8 g3g4 d8d7 g4g5 h7h6 h2h4 f7f6 d6e4 d7d2 e1d2 f6g5 h4g5 h6h5 c1c7 a8c8 c7a7 e6f5 a7a6 h5h4 a6b6 h4h3 b2c3 c8d8 d2e2 d8f8 a3a4 f8c8 e2d2 h3h2 b6b1 c8c4 b1h1 c4a4 c3b2 f5e4 f3e4 a4e4 h1h2 e4g4 d2d3 g4g5 d3e4 g5g4 e4d3 g6g5
Warning; Bestmove does not match beginning of last PV - move f7f8 from SF_2900
Info; info depth 11 seldepth 21 multipv 1 score cp -1 nodes 51845 nps 1329358 hashfull 14 tbhits 0 time 39 pv f7g8 b7b5 g7g6 f2f3 g8h7 e3e4 h7g7 f4f5 g6f5 b5f5 g7g6 g3h4
Position; fen rnbqkbnr/ppp1pppp/8/3p4/3P4/8/PPP1PPPP/RNBQKBNR w KQkq - 0 2
Moves; c2c4 c7c6 g1f3 e7e6 e2e3 g8f6 f1d3 c6c5 e1g1 d5c4 d3c4 a7a6 d4c5 f8c5 d1d8 e8d8 c1d2 b7b6 f3e5 d8e8 c4e2 b8d7 b2b4 c5e7 e2f3 f6d5 e5d7 c8d7 b1c3 d7c6 c3d5 c6d5 f3d5 e6d5 d2c3 f7f6 f1d1 a8d8 a1c1 e8f7 c3d4 e7b4 d4b6 d8c8 c1b1 a6a5 d1d5 f7e6 b1d1 c8c2 b6a5 b4a5 d5a5 h8d8 d1f1 e6f7 a5a7 f7g6 h2h3 d8d2 a2a4 h7h5 a7e7 c2a2 e7e4 d2d5 g2g3 d5f5 g1g2 f5c5 f1b1 c5f5 e4f4 f5f4 g3f4 a2a4 g2g3 g6f7 b1b7
Warning; Bestmove does not match beginning of last PV - move d3d2 from SF_2800
Info; info depth 17 seldepth 28 multipv 1 score cp -2 nodes 1328729 nps 1361402 hashfull 325 tbhits 0 time 976 pv d3e2 g8f7 b2c1 f7g6 c1e3 g5g4 e2f2 g3f3 f2e2 f3f4 e3f4 e5f4 h2h4 g6g5 h4h7 f4f3 e2f1 g7f6 h7f7 g4g3 e4e5 g3g2 f1f2
Position; fen rnbqkb1r/pppppppp/5n2/8/3P4/8/PPP1PPPP/RNBQKBNR w KQkq - 1 2
Moves; c2c4 g7g6 b1c3 f8g7 g2g3 d7d5 c4d5 f6d5 g1f3 c7c5 c3d5 d8d5 e2e3 b8c6 f1g2 d5c4 d1e2 c4e2 e1e2 c8e6 h1d1 e6c4 e2e1 c6b4 d1d2 c5d4 f3d4 b4d3 e1d1 c4a6 g2f1 d3b2 d1e1 a6f1 c1b2 f1h3 a1c1 e7e5 d4b5 e8g8 b5d6 b7b6 f2f3 h3e6 a2a3 f8d8 g3g4 d8d7 g4g5 h7h6 h2h4 f7f6 d6e4 d7d2 e1d2 f6g5 h4g5 h6h5 c1c7 a8c8 c7a7 e6f5 a7a6 h5h4 a6b6 h4h3 b2c3 c8d8 d2e2 d8f8 a3a4 f8c8 e2d2 h3h2 b6b1 c8c4 b1h1 c4a4 c3b2 f5e4 f3e4 a4e4 h1h2 e4g4 d2d3 g4g5 d3e4 g5g4 e4d3 g6g5 e3e4 g4g3
Warning; Bestmove does not match beginning of last PV - move d2e1 from SF_2800
Info; info depth 18 seldepth 31 multipv 1 score cp -29 nodes 1665152 nps 1405191 hashfull 358 tbhits 0 time 1185 pv d2e2 g3b3 e2f1 b3b4 h2e2 g8h7 f1f2 b4b3 e2c2 h7g6 c2c6 g6g5 b2c3 g5h4 f2g2 b3a3 c6c7 g4g3 c7g7 a3c3 g7h7 h4g4 h7g7 g4f4 g7f7 f4e4 f7a7 e4d5 a7d7 d5e6
Position; fen rnbqkb1r/pppppppp/5n2/8/3P4/8/PPP1PPPP/RNBQKBNR w KQkq - 1 2
Moves; c2c4 g7g6 b1c3 f8g7 g2g3 d7d5 c4d5 f6d5 g1f3 c7c5 c3d5 d8d5 e2e3 b8c6 f1g2 d5c4 d1e2 c4e2 e1e2 c8e6 h1d1 e6c4 e2e1 c6b4 d1d2 c5d4 f3d4 b4d3 e1d1 c4a6 g2f1 d3b2 d1e1 a6f1 c1b2 f1h3 a1c1 e7e5 d4b5 e8g8 b5d6 b7b6 f2f3 h3e6 a2a3 f8d8 g3g4 d8d7 g4g5 h7h6 h2h4 f7f6 d6e4 d7d2 e1d2 f6g5 h4g5 h6h5 c1c7 a8c8 c7a7 e6f5 a7a6 h5h4 a6b6 h4h3 b2c3 c8d8 d2e2 d8f8 a3a4 f8c8 e2d2 h3h2 b6b1 c8c4 b1h1 c4a4 c3b2 f5e4 f3e4 a4e4 h1h2 e4g4 d2d3 g4g5 d3e4 g5g4 e4d3 g6g5 e3e4 g4g3 d3d2 g5g4
Warning; Bestmove does not match beginning of last PV - move a8c8 from SF_3000
Info; info depth 13 seldepth 19 multipv 1 score cp -331 nodes 51871 nps 1152688 hashfull 23 tbhits 0 time 45 pv f8g7 c7b6 f5d6 b6c5 d6f7 e1e7 c6e8 e7b7
Position; fen rnbqkbnr/pppppppp/8/8/4P3/8/PPPP1PPP/RNBQKBNR b KQkq - 0 1
Moves; e7e6 d2d4 c7c5 d4d5 g8f6 b1c3 d7d6 f1c4 h7h6 g1e2 f8e7 e1g1 e6d5 c3d5 f6d5 c4d5 b8d7 e2f4 d7f6 d5c4 e8g8 f1e1 f6g4 h2h3 g4e5 c4d5 e7h4 d1e2 d8e7 a2a4 a8b8 d5a2 c8d7 f4d5 e7e8 e2h5 e5g6 c1h6 e8e5 h5e5 g6e5 h6f4 d7a4 d5e3 a4c6 e3f5 h4f6 a1d1 a7a5 d1d6 a5a4 f4g3 b8d8 f2f4 e5g6 e4e5 d8d6 f5d6 f6e7 f4f5 g6h4 e5e6 f8a8 f5f6 e7f6 e6f7 g8f8 d6e4 h4f5 e4f6 g7f6 g3c7
Warning; Bestmove does not match beginning of last PV - move h2e2 from SF_2800
Info; info depth 19 seldepth 40 multipv 1 score cp -6 nodes 3772557 nps 1467350 hashfull 638 tbhits 0 time 2571 pv h2h7 g3e3 e1f2 e3e4 f2g3 f7g6 h7h4 g6g5 b2c1 g5f5 h4h5 f5e6 h5g5 e4e1 c1d2 g7f6 d2e1 f6g5 g3g4 e5e4 g4h3 g5e3 h3g3 e6d5 g3g4 d5c4
Position; fen rnbqkb1r/pppppppp/5n2/8/3P4/8/PPP1PPPP/RNBQKBNR w KQkq - 1 2
Moves; c2c4 g7g6 b1c3 f8g7 g2g3 d7d5 c4d5 f6d5 g1f3 c7c5 c3d5 d8d5 e2e3 b8c6 f1g2 d5c4 d1e2 c4e2 e1e2 c8e6 h1d1 e6c4 e2e1 c6b4 d1d2 c5d4 f3d4 b4d3 e1d1 c4a6 g2f1 d3b2 d1e1 a6f1 c1b2 f1h3 a1c1 e7e5 d4b5 e8g8 b5d6 b7b6 f2f3 h3e6 a2a3 f8d8 g3g4 d8d7 g4g5 h7h6 h2h4 f7f6 d6e4 d7d2 e1d2 f6g5 h4g5 h6h5 c1c7 a8c8 c7a7 e6f5 a7a6 h5h4 a6b6 h4h3 b2c3 c8d8 d2e2 d8f8 a3a4 f8c8 e2d2 h3h2 b6b1 c8c4 b1h1 c4a4 c3b2 f5e4 f3e4 a4e4 h1h2 e4g4 d2d3 g4g5 d3e4 g5g4 e4d3 g6g5 e3e4 g4g3 d3d2 g5g4 d2e1 g8f7
Warning; Bestmove does not match beginning of last PV - move a4e4 from SF_2900
Info; info depth 28 seldepth 12 multipv 1 score cp 0 nodes 2480478 nps 1769242 hashfull 395 tbhits 0 time 1402 pv f7g7 h8h5 a4a3 g3g2 a3a2 g2f1 a2a1 f1e2 a1a2 e2f3 a2a1
Position; fen rnbqkbnr/ppp1pppp/8/3p4/3P4/8/PPP1PPPP/RNBQKBNR w KQkq - 0 2
Moves; c2c4 c7c6 g1f3 e7e6 e2e3 g8f6 f1d3 c6c5 e1g1 d5c4 d3c4 a7a6 d4c5 f8c5 d1d8 e8d8 c1d2 b7b6 f3e5 d8e8 c4e2 b8d7 b2b4 c5e7 e2f3 f6d5 e5d7 c8d7 b1c3 d7c6 c3d5 c6d5 f3d5 e6d5 d2c3 f7f6 f1d1 a8d8 a1c1 e8f7 c3d4 e7b4 d4b6 d8c8 c1b1 a6a5 d1d5 f7e6 b1d1 c8c2 b6a5 b4a5 d5a5 h8d8 d1f1 e6f7 a5a7 f7g6 h2h3 d8d2 a2a4 h7h5 a7e7 c2a2 e7e4 d2d5 g2g3 d5f5 g1g2 f5c5 f1b1 c5f5 e4f4 f5f4 g3f4 a2a4 g2g3 g6f7 b1b7 f7f8 b7b8 f8f7 f4f5 g7g5 b8h8
Warning; Bestmove does not match beginning of last PV - move e1f2 from SF_2800
Info; info depth 22 seldepth 56 multipv 1 score cp -70 nodes 3386588 nps 1244611 hashfull 617 tbhits 0 time 2721 pv e1f1 g3b3 f1g2 g7h8 g2h1 h8f6 h1g1 b3f3 g1g2 f3d3 e2f2 d3e3 f2f1 e3e2 f1f2 e2e4 g2g3 e4b4 f2h2 b4c4 b2a1 c4a4 a1b2
Position; fen rnbqkb1r/pppppppp/5n2/8/3P4/8/PPP1PPPP/RNBQKBNR w KQkq - 1 2
Moves; c2c4 g7g6 b1c3 f8g7 g2g3 d7d5 c4d5 f6d5 g1f3 c7c5 c3d5 d8d5 e2e3 b8c6 f1g2 d5c4 d1e2 c4e2 e1e2 c8e6 h1d1 e6c4 e2e1 c6b4 d1d2 c5d4 f3d4 b4d3 e1d1 c4a6 g2f1 d3b2 d1e1 a6f1 c1b2 f1h3 a1c1 e7e5 d4b5 e8g8 b5d6 b7b6 f2f3 h3e6 a2a3 f8d8 g3g4 d8d7 g4g5 h7h6 h2h4 f7f6 d6e4 d7d2 e1d2 f6g5 h4g5 h6h5 c1c7 a8c8 c7a7 e6f5 a7a6 h5h4 a6b6 h4h3 b2c3 c8d8 d2e2 d8f8 a3a4 f8c8 e2d2 h3h2 b6b1 c8c4 b1h1 c4a4 c3b2 f5e4 f3e4 a4e4 h1h2 e4g4 d2d3 g4g5 d3e4 g5g4 e4d3 g6g5 e3e4 g4g3 d3d2 g5g4 d2e1 g8f7 h2e2 f7g6
Warning; Bestmove does not match beginning of last PV - move e4e5 from SF_2900
Info; info depth 25 seldepth 18 multipv 1 score cp 0 nodes 1712052 nps 1757753 hashfull 269 tbhits 0 time 974 pv f7g7 g3f3 e4b4 f3e2 b4b2 e2f1 b2b1 f1g2 b1b2
Position; fen rnbqkbnr/ppp1pppp/8/3p4/3P4/8/PPP1PPPP/RNBQKBNR w KQkq - 0 2
Moves; c2c4 c7c6 g1f3 e7e6 e2e3 g8f6 f1d3 c6c5 e1g1 d5c4 d3c4 a7a6 d4c5 f8c5 d1d8 e8d8 c1d2 b7b6 f3e5 d8e8 c4e2 b8d7 b2b4 c5e7 e2f3 f6d5 e5d7 c8d7 b1c3 d7c6 c3d5 c6d5 f3d5 e6d5 d2c3 f7f6 f1d1 a8d8 a1c1 e8f7 c3d4 e7b4 d4b6 d8c8 c1b1 a6a5 d1d5 f7e6 b1d1 c8c2 b6a5 b4a5 d5a5 h8d8 d1f1 e6f7 a5a7 f7g6 h2h3 d8d2 a2a4 h7h5 a7e7 c2a2 e7e4 d2d5 g2g3 d5f5 g1g2 f5c5 f1b1 c5f5 e4f4 f5f4 g3f4 a2a4 g2g3 g6f7 b1b7 f7f8 b7b8 f8f7 f4f5 g7g5 b8h8 a4e4 h8h5
Warning; Bestmove does not match beginning of last PV - move e1d1 from SF_2900
Info; info depth 17 seldepth 26 multipv 1 score cp -34 nodes 1636190 nps 1071506 hashfull 450 tbhits 0 time 1527 pv f1g2 f7f6 e1c1 a3a2 g1h3 d4c2 g2h1 a2a1 c1a1 c2a1 h1g2 a1c2 d8d7 c2e1 g2f1 e1f3 d7c7 b2b1 f1g2 f3e1 g2f1 e1d3 f1g2 b1b3 g2f1
Position; fen rnbqkbnr/ppp1pppp/8/3p4/3P4/8/PPP1PPPP/RNBQKBNR w KQkq - 0 2
Moves; c2c4 e7e6 g1f3 g8f6 c1g5 f8e7 b1c3 e8g8 e2e3 b8d7 f1d3 d5c4 d3f1 d7b6 a2a4 c7c5 a4a5 c5d4 e3d4 b6d7 f1c4 a7a6 e1g1 b7b5 a5b6 d7b6 c4e2 c8b7 f3e5 h7h6 g5h4 a6a5 f1e1 f6d5 h4e7 d8e7 e2f3 e7b4 g2g3 a5a4 e1e2 f8b8 e2c2 b4b3 f3h5 b8f8 a1a3 b3b4 c3d5 b6d5 d1d2 b4d2 c2d2 d5b6 a3c3 b7e4 g1f1 a8a7 h2h4 f8b8 c3c5 b6c8 d2e2 c8d6 h5f3 e4f3 e5f3 a7b7 c5c6 d6f5 c6a6 b7b3 f3g1 f5d4 e2e1 b3d3 a6a4 b8b2 a4a8 g8h7 a8d8 e6e5 h4h5 d3a3
Warning; Bestmove does not match beginning of last PV - move d8f8 from SF_2900
Info; info depth 16 seldepth 34 multipv 1 score cp -33 nodes 868257 nps 934614 hashfull 299 tbhits 0 time 929 pv d8e8 c3c2 g1h3 f7f6 d1a1 d4f5 f1g2 b2a2 a1b1 c2b2 b1c1 f5e3 g2g1 e3c2 c1d1 c2d4 g1g2 g7g5 g3g4 b2c2
Position; fen rnbqkbnr/ppp1pppp/8/3p4/3P4/8/PPP1PPPP/RNBQKBNR w KQkq - 0 2
Moves; c2c4 e7e6 g1f3 g8f6 c1g5 f8e7 b1c3 e8g8 e2e3 b8d7 f1d3 d5c4 d3f1 d7b6 a2a4 c7c5 a4a5 c5d4 e3d4 b6d7 f1c4 a7a6 e1g1 b7b5 a5b6 d7b6 c4e2 c8b7 f3e5 h7h6 g5h4 a6a5 f1e1 f6d5 h4e7 d8e7 e2f3 e7b4 g2g3 a5a4 e1e2 f8b8 e2c2 b4b3 f3h5 b8f8 a1a3 b3b4 c3d5 b6d5 d1d2 b4d2 c2d2 d5b6 a3c3 b7e4 g1f1 a8a7 h2h4 f8b8 c3c5 b6c8 d2e2 c8d6 h5f3 e4f3 e5f3 a7b7 c5c6 d6f5 c6a6 b7b3 f3g1 f5d4 e2e1 b3d3 a6a4 b8b2 a4a8 g8h7 a8d8 e6e5 h4h5 d3a3 e1d1 a3c3
Warning; Bestmove does not match beginning of last PV - move e2f2 from SF_2800
Info; info depth 20 seldepth 43 multipv 1 score cp -11 nodes 4762156 nps 3323207 hashfull 489 tbhits 0 time 1433 pv e2f1 g5f4 f1f2 g7f6 b2c1 f4e4 f2g3 e4f5 c1b2 f5g5 b2a1 g5h5 g3g2 f6g7 a1b2 g7h8 b2a1 h5h4 a1c3 h8f6 c3b2 h4g5 g2g3 g5h5 g3g2 h5g6 g2g3 e5e4 b2f6 e4e3 f6d4 e3e2 g3f2 e2e1b f2e1 g4g3
Position; fen rnbqkb1r/pppppppp/5n2/8/3P4/8/PPP1PPPP/RNBQKBNR w KQkq - 1 2
Moves; c2c4 g7g6 b1c3 f8g7 g2g3 d7d5 c4d5 f6d5 g1f3 c7c5 c3d5 d8d5 e2e3 b8c6 f1g2 d5c4 d1e2 c4e2 e1e2 c8e6 h1d1 e6c4 e2e1 c6b4 d1d2 c5d4 f3d4 b4d3 e1d1 c4a6 g2f1 d3b2 d1e1 a6f1 c1b2 f1h3 a1c1 e7e5 d4b5 e8g8 b5d6 b7b6 f2f3 h3e6 a2a3 f8d8 g3g4 d8d7 g4g5 h7h6 h2h4 f7f6 d6e4 d7d2 e1d2 f6g5 h4g5 h6h5 c1c7 a8c8 c7a7 e6f5 a7a6 h5h4 a6b6 h4h3 b2c3 c8d8 d2e2 d8f8 a3a4 f8c8 e2d2 h3h2 b6b1 c8c4 b1h1 c4a4 c3b2 f5e4 f3e4 a4e4 h1h2 e4g4 d2d3 g4g5 d3e4 g5g4 e4d3 g6g5 e3e4 g4g3 d3d2 g5g4 d2e1 g8f7 h2e2 f7g6 e1f2 g3d3 e2e3 d3d2 e3e2 d2e2 f2e2 g6g5
Warning; Bestmove does not match beginning of last PV - move e1g3 from SF_3000
Info; info depth 16 seldepth 45 multipv 1 score cp 93 nodes 725070 nps 959087 hashfull 218 tbhits 0 time 756 pv d5b4 h8d8 b4c6 d6c6 e1a5 f5c2 b3d2 c6e6 a5a7 e6a6 a7c5 a6e6 a2a4 e6e2 c5b4 d4d3 a4a5 d8d6 b4c3 f6h5 g2g3 d6e6 b2b4
Position; fen rnbqkbnr/pppppppp/8/8/4P3/8/PPPP1PPP/RNBQKBNR b KQkq - 0 1
Moves; e7e5 g1f3 b8c6 d2d4 e5d4 f1c4 g8f6 e1g1 f6e4 f1e1 d7d5 c4d5 d8d5 b1c3 d5c4 f3d2 c4a6 c3d5 a6a5 c2c4 c8f5 d2b3 a5e1 d1e1 e8c8 c1f4 f8d6 f2f3 e4f6 f4d6 d8d6
Warning; PV continues after threefold repetition - move a1b2 from HiveChess
Info; info depth 26 score cp 180 nodes 9384428 pv g5f4 b2c3 f4e4 f2g3 e4f5 c3a1 g7h8 a1b2 h8f6 b2a1 f5g5 a1b2 f6g7 b2a1 g7f6 a1b2 f6g7 b2a1 g7f6 a1b2 f6g7 b2a1 g7f6 a1b2 f6g7 b2a1
Position; fen rnbqkb1r/pppppppp/5n2/8/3P4/8/PPP1PPPP/RNBQKBNR w KQkq - 1 2
Moves; c2c4 g7g6 b1c3 f8g7 g2g3 d7d5 c4d5 f6d5 g1f3 c7c5 c3d5 d8d5 e2e3 b8c6 f1g2 d5c4 d1e2 c4e2 e1e2 c8e6 h1d1 e6c4 e2e1 c6b4 d1d2 c5d4 f3d4 b4d3 e1d1 c4a6 g2f1 d3b2 d1e1 a6f1 c1b2 f1h3 a1c1 e7e5 d4b5 e8g8 b5d6 b7b6 f2f3 h3e6 a2a3 f8d8 g3g4 d8d7 g4g5 h7h6 h2h4 f7f6 d6e4 d7d2 e1d2 f6g5 h4g5 h6h5 c1c7 a8c8 c7a7 e6f5 a7a6 h5h4 a6b6 h4h3 b2c3 c8d8 d2e2 d8f8 a3a4 f8c8 e2d2 h3h2 b6b1 c8c4 b1h1 c4a4 c3b2 f5e4 f3e4 a4e4 h1h2 e4g4 d2d3 g4g5 d3e4 g5g4 e4d3 g6g5 e3e4 g4g3 d3d2 g5g4 d2e1 g8f7 h2e2 f7g6 e1f2 g3d3 e2e3 d3d2 e3e2 d2e2 f2e2 g6g5 e2f2
Warning; Bestmove does not match beginning of last PV - move f1g1 from SF_2900
Info; info depth 18 seldepth 39 multipv 1 score cp -25 nodes 1204483 nps 1192557 hashfull 333 tbhits 0 time 1010 pv f1g2 b2a2 d1d3 a2a5 d3d1 c2b2 d1d3 b2b3 d3b3 d4b3 h3g1 e5e4 f8e8 a5e5 e8e5 f6e5 g1e2 b3c5 e2c3 h7g8 c3d5 g8f7 g3g4 f7e6
Position; fen rnbqkbnr/ppp1pppp/8/3p4/3P4/8/PPP1PPPP/RNBQKBNR w KQkq - 0 2
Moves; c2c4 e7e6 g1f3 g8f6 c1g5 f8e7 b1c3 e8g8 e2e3 b8d7 f1d3 d5c4 d3f1 d7b6 a2a4 c7c5 a4a5 c5d4 e3d4 b6d7 f1c4 a7a6 e1g1 b7b5 a5b6 d7b6 c4e2 c8b7 f3e5 h7h6 g5h4 a6a5 f1e1 f6d5 h4e7 d8e7 e2f3 e7b4 g2g3 a5a4 e1e2 f8b8 e2c2 b4b3 f3h5 b8f8 a1a3 b3b4 c3d5 b6d5 d1d2 b4d2 c2d2 d5b6 a3c3 b7e4 g1f1 a8a7 h2h4 f8b8 c3c5 b6c8 d2e2 c8d6 h5f3 e4f3 e5f3 a7b7 c5c6 d6f5 c6a6 b7b3 f3g1 f5d4 e2e1 b3d3 a6a4 b8b2 a4a8 g8h7 a8d8 e6e5 h4h5 d3a3 e1d1 a3c3 d8f8 c3c2 g1h3 f7f6
Warning; PV continues after threefold repetition - move e2f2 from HiveChess
Info; info depth 20 score cp 177 nodes 6036783 pv f3g3 g7g6 g3g4 f5f2 h5h6 g6g7 h6f6 f2e2 g4f4 e2f2 f4g3 f2e2 g3f4 e2f2 f4g3 f2e2 g3f4 e2f2 f4g3 f2e2
Position; fen rnbqkbnr/ppp1pppp/8/3p4/3P4/8/PPP1PPPP/RNBQKBNR w KQkq - 0 2
Moves; c2c4 c7c6 g1f3 e7e6 e2e3 g8f6 f1d3 c6c5 e1g1 d5c4 d3c4 a7a6 d4c5 f8c5 d1d8 e8d8 c1d2 b7b6 f3e5 d8e8 c4e2 b8d7 b2b4 c5e7 e2f3 f6d5 e5d7 c8d7 b1c3 d7c6 c3d5 c6d5 f3d5 e6d5 d2c3 f7f6 f1d1 a8d8 a1c1 e8f7 c3d4 e7b4 d4b6 d8c8 c1b1 a6a5 d1d5 f7e6 b1d1 c8c2 b6a5 b4a5 d5a5 h8d8 d1f1 e6f7 a5a7 f7g6 h2h3 d8d2 a2a4 h7h5 a7e7 c2a2 e7e4 d2d5 g2g3 d5f5 g1g2 f5c5 f1b1 c5f5 e4f4 f5f4 g3f4 a2a4 g2g3 g6f7 b1b7 f7f8 b7b8 f8f7 f4f5 g7g5 b8h8 a4e4 h8h5 e4e5 g3g4 f7g7 h3h4 e5e4 g4f3 e4e5 h4g5 e5f5
Warning; PV continues after threefold repetition - move g4f5 from HiveChess
Info; info depth 25 score cp 256 nodes 7935000 pv e4f5 c1b2 e5e4 b2f6 f5f6 g3f4 g4g3 f4g3 f6g5 g3f2 g5g4 f2e3 g4h3 e3e4 h3g4 e4d3 g4f5 d3e3 f5g4 e3d3 g4f5 d3e3 f5g4 e3d3 g4f5
Position; fen rnbqkb1r/pppppppp/5n2/8/3P4/8/PPP1PPPP/RNBQKBNR w KQkq - 1 2
Moves; c2c4 g7g6 b1c3 f8g7 g2g3 d7d5 c4d5 f6d5 g1f3 c7c5 c3d5 d8d5 e2e3 b8c6 f1g2 d5c4 d1e2 c4e2 e1e2 c8e6 h1d1 e6c4 e2e1 c6b4 d1d2 c5d4 f3d4 b4d3 e1d1 c4a6 g2f1 d3b2 d1e1 a6f1 c1b2 f1h3 a1c1 e7e5 d4b5 e8g8 b5d6 b7b6 f2f3 h3e6 a2a3 f8d8 g3g4 d8d7 g4g5 h7h6 h2h4 f7f6 d6e4 d7d2 e1d2 f6g5 h4g5 h6h5 c1c7 a8c8 c7a7 e6f5 a7a6 h5h4 a6b6 h4h3 b2c3 c8d8 d2e2 d8f8 a3a4 f8c8 e2d2 h3h2 b6b1 c8c4 b1h1 c4a4 c3b2 f5e4 f3e4 a4e4 h1h2 e4g4 d2d3 g4g5 d3e4 g5g4 e4d3 g6g5 e3e4 g4g3 d3d2 g5g4 d2e1 g8f7 h2e2 f7g6 e1f2 g3d3 e2e3 d3d2 e3e2 d2e2 f2e2 g6g5 e2f2 g5f4 f2g2 g7f6 b2c1 f4e4 g2g3
Warning; Bestmove does not match beginning of last PV - move g1f1 from SF_2900
Info; info depth 20 seldepth 51 multipv 1 score cp -12 nodes 1855319 nps 1236879 hashfull 468 tbhits 0 time 1500 pv g1g2 e2c2 d1a1 b2a2 a1d1 c2b2 d1d3 a2a4 d3d1 a4a3 h3g1 a3a6 g1h3 g7g5 h5g6 h7g6 h3f4 g6g7 f8c8 a6a2 c8c7 g7g8 f4d3 b2d2
Position; fen rnbqkbnr/ppp1pppp/8/3p4/3P4/8/PPP1PPPP/RNBQKBNR w KQkq - 0 2
Moves; c2c4 e7e6 g1f3 g8f6 c1g5 f8e7 b1c3 e8g8 e2e3 b8d7 f1d3 d5c4 d3f1 d7b6 a2a4 c7c5 a4a5 c5d4 e3d4 b6d7 f1c4 a7a6 e1g1 b7b5 a5b6 d7b6 c4e2 c8b7 f3e5 h7h6 g5h4 a6a5 f1e1 f6d5 h4e7 d8e7 e2f3 e7b4 g2g3 a5a4 e1e2 f8b8 e2c2 b4b3 f3h5 b8f8 a1a3 b3b4 c3d5 b6d5 d1d2 b4d2 c2d2 d5b6 a3c3 b7e4 g1f1 a8a7 h2h4 f8b8 c3c5 b6c8 d2e2 c8d6 h5f3 e4f3 e5f3 a7b7 c5c6 d6f5 c6a6 b7b3 f3g1 f5d4 e2e1 b3d3 a6a4 b8b2 a4a8 g8h7 a8d8 e6e5 h4h5 d3a3 e1d1 a3c3 d8f8 c3c2 g1h3 f7f6 f1g1 c2e2
Warning; Bestmove does not match beginning of last PV - move h2h4 from SF_3000
Info; info depth 17 seldepth 33 multipv 1 score cp 0 nodes 1084844 nps 896565 hashfull 329 tbhits 0 time 1210 pv f7f6 f5g6 a1d1 d3d2 f6c3 d5d3 c3c4 a7a5 c4b5 c6d4 b5a5 d4b3 a5a8 c8d7 a8a4 c7c6 a2b3 d8e8
Position; fen rnbqkbnr/pppppppp/8/8/4P3/8/PPPP1PPP/RNBQKBNR b KQkq - 0 1
Moves; e7e5 g1f3 b8c6 d2d4 e5d4 f1c4 g8f6 e1g1 f6e4 f1e1 d7d5 c4d5 d8d5 b1c3 d5c4 f3d2 c4a6 c3d5 a6a5 c2c4 c8f5 d2b3 a5e1 d1e1 e8c8 c1f4 f8d6 f2f3 e4f6 f4d6 d8d6 e1g3 f6d5 g3g7 h8d8 c4d5 d6d5 g7f7 d4d3
Warning; Bestmove does not match beginning of last PV - move a1d1 from SF_3000
Info; info depth 17 seldepth 36 multipv 1 score cp 0 nodes 848541 nps 969761 hashfull 258 tbhits 0 time 875 pv b3d2 c6d4 e6f6 d8e8 g2g4 d5d6 f6g7 h7h5 a1f1 b7b6 d2c4 d4e2 g1h2 d6e6 b2b4 e8d8 g7b2
Position; fen rnbqkbnr/pppppppp/8/8/4P3/8/PPPP1PPP/RNBQKBNR b KQkq - 0 1
Moves; e7e5 g1f3 b8c6 d2d4 e5d4 f1c4 g8f6 e1g1 f6e4 f1e1 d7d5 c4d5 d8d5 b1c3 d5c4 f3d2 c4a6 c3d5 a6a5 c2c4 c8f5 d2b3 a5e1 d1e1 e8c8 c1f4 f8d6 f2f3 e4f6 f4d6 d8d6 e1g3 f6d5 g3g7 h8d8 c4d5 d6d5 g7f7 d4d3 h2h4 f5g6 f7e6 c8b8
Warning; Bestmove does not match beginning of last PV - move c8c6 from SF_3000
Info; info depth 19 seldepth 42 multipv 1 score cp -546 nodes 4015970 nps 1982216 hashfull 889 tbhits 0 time 2026 pv f7e8 b7b5 c8c4 g1f2 e8d7 e3d2 e7c6 c2c3 d7d8 f2e2 d8e7 b5b7 e7f8 b7b6 f8g7 e2d1 c6e5 b6b7 g7f8 b7b4 c4c8 b1e4
Position; fen rnbqkbnr/pppppppp/8/8/4P3/8/PPPP1PPP/RNBQKBNR b KQkq - 0 1
Moves; e7e6 d2d4 c7c5 d4d5 g8f6 b1c3 d7d6 f1c4 h7h6 g1e2 f8e7 e1g1 e6d5 c3d5 f6d5 c4d5 b8d7 e2f4 d7f6 d5c4 e8g8 f1e1 f6g4 h2h3 g4e5 c4d5 e7h4 d1e2 d8e7 a2a4 a8b8 d5a2 c8d7 f4d5 e7e8 e2h5 e5g6 c1h6 e8e5 h5e5 g6e5 h6f4 d7a4 d5e3 a4c6 e3f5 h4f6 a1d1 a7a5 d1d6 a5a4 f4g3 b8d8 f2f4 e5g6 e4e5 d8d6 f5d6 f6e7 f4f5 g6h4 e5e6 f8a8 f5f6 e7f6 e6f7 g8f8 d6e4 h4f5 e4f6 g7f6 g3c7 a8c8 c7b6 c5c4 a2c4 c6d7 c4a2 a4a3 e1d1 a3b2 d1d7 f5e7 b6e3 b2b1q a2b1 f8f7 d7b7
Warning; Bestmove does not match beginning of last PV - move d4b6 from SF_2800
Info; info depth 32 seldepth 34 multipv 1 score cp 0 nodes 252631 nps 4593290 hashfull 16 tbhits 0 time 55 pv d4e3 f5e4 g3g4 e4e5 g4g3 e5e6 g3f4 e6d6 f4e4 d6c7 e3d4 c7d7 e4f5 d7d6 f5f4 d6d5 f4f3 d5d4 f3f4 d4d3 f4f3 d3d2 f3f4
Position; fen rnbqkb1r/pppppppp/5n2/8/3P4/8/PPP1PPPP/RNBQKBNR w KQkq - 1 2
Moves; c2c4 g7g6 b1c3 f8g7 g2g3 d7d5 c4d5 f6d5 g1f3 c7c5 c3d5 d8d5 e2e3 b8c6 f1g2 d5c4 d1e2 c4e2 e1e2 c8e6 h1d1 e6c4 e2e1 c6b4 d1d2 c5d4 f3d4 b4d3 e1d1 c4a6 g2f1 d3b2 d1e1 a6f1 c1b2 f1h3 a1c1 e7e5 d4b5 e8g8 b5d6 b7b6 f2f3 h3e6 a2a3 f8d8 g3g4 d8d7 g4g5 h7h6 h2h4 f7f6 d6e4 d7d2 e1d2 f6g5 h4g5 h6h5 c1c7 a8c8 c7a7 e6f5 a7a6 h5h4 a6b6 h4h3 b2c3 c8d8 d2e2 d8f8 a3a4 f8c8 e2d2 h3h2 b6b1 c8c4 b1h1 c4a4 c3b2 f5e4 f3e4 a4e4 h1h2 e4g4 d2d3 g4g5 d3e4 g5g4 e4d3 g6g5 e3e4 g4g3 d3d2 g5g4 d2e1 g8f7 h2e2 f7g6 e1f2 g3d3 e2e3 d3d2 e3e2 d2e2 f2e2 g6g5 e2f2 g5f4 f2g2 g7f6 b2c1 f4e4 g2g3 e4f5 c1b2 f5g5 b2c3 e5e4 c3f6 g5f5 f6d4 e4e3
Warning; Bestmove does not match beginning of last PV - move h4h5 from SF_3000
Info; info depth 15 seldepth 9 multipv 1 score cp 0 nodes 648249 nps 1125432 hashfull 190 tbhits 0 time 576 pv e6f6 a7a5 f6c3 d5d3 c3c4 d3d6 c4c3 d6d3
Position; fen rnbqkbnr/pppppppp/8/8/4P3/8/PPPP1PPP/RNBQKBNR b KQkq - 0 1
Moves; e7e5 g1f3 b8c6 d2d4 e5d4 f1c4 g8f6 e1g1 f6e4 f1e1 d7d5 c4d5 d8d5 b1c3 d5c4 f3d2 c4a6 c3d5 a6a5 c2c4 c8f5 d2b3 a5e1 d1e1 e8c8 c1f4 f8d6 f2f3 e4f6 f4d6 d8d6 e1g3 f6d5 g3g7 h8d8 c4d5 d6d5 g7f7 d4d3 h2h4 f5g6 f7e6 c8b8 a1d1 d3d2
Warning; Bestmove does not match beginning of last PV - move f8f7 from SF_2900
Info; info depth 21 seldepth 42 multipv 1 score cp -20 nodes 2814813 nps 1088902 hashfull 755 tbhits 0 time 2585 pv f8c8 b5d5 c8e8 d5c5 c3b3 e6c7 e8b8 g7g6 b3b2 a2b2 h5g6 h7g6 b8b2 h6h5 b2b4 c7d5 b4e4 d5c3 e4h4 c3d1 h4e4
Position; fen rnbqkbnr/ppp1pppp/8/3p4/3P4/8/PPP1PPPP/RNBQKBNR w KQkq - 0 2
Moves; c2c4 e7e6 g1f3 g8f6 c1g5 f8e7 b1c3 e8g8 e2e3 b8d7 f1d3 d5c4 d3f1 d7b6 a2a4 c7c5 a4a5 c5d4 e3d4 b6d7 f1c4 a7a6 e1g1 b7b5 a5b6 d7b6 c4e2 c8b7 f3e5 h7h6 g5h4 a6a5 f1e1 f6d5 h4e7 d8e7 e2f3 e7b4 g2g3 a5a4 e1e2 f8b8 e2c2 b4b3 f3h5 b8f8 a1a3 b3b4 c3d5 b6d5 d1d2 b4d2 c2d2 d5b6 a3c3 b7e4 g1f1 a8a7 h2h4 f8b8 c3c5 b6c8 d2e2 c8d6 h5f3 e4f3 e5f3 a7b7 c5c6 d6f5 c6a6 b7b3 f3g1 f5d4 e2e1 b3d3 a6a4 b8b2 a4a8 g8h7 a8d8 e6e5 h4h5 d3a3 e1d1 a3c3 d8f8 c3c2 g1h3 f7f6 f1g1 c2e2 g1f1 b2a2 f1g2 e2b2 d1d3 b2b5 d3c3 d4e6
Warning; Bestmove does not match beginning of last PV - move b6a5 from SF_2800
Info; info depth 43 seldepth 42 multipv 1 score cp 0 nodes 1712515 nps 3788750 hashfull 134 tbhits 0 time 452 pv b6f2 e2e1q f2e1 f5e5 g3g4 e5e4 g4g3 e4e3 e1a5 e3d4 g3f3 d4d3 f3g4 d3e2 g4g3 e2d1 g3f3 d1c2 a5e1 c2b3 f3f4 b3c4 f4g3 c4d5 g3g2 d5c4
Position; fen rnbqkb1r/pppppppp/5n2/8/3P4/8/PPP1PPPP/RNBQKBNR w KQkq - 1 2
Moves; c2c4 g7g6 b1c3 f8g7 g2g3 d7d5 c4d5 f6d5 g1f3 c7c5 c3d5 d8d5 e2e3 b8c6 f1g2 d5c4 d1e2 c4e2 e1e2 c8e6 h1d1 e6c4 e2e1 c6b4 d1d2 c5d4 f3d4 b4d3 e1d1 c4a6 g2f1 d3b2 d1e1 a6f1 c1b2 f1h3 a1c1 e7e5 d4b5 e8g8 b5d6 b7b6 f2f3 h3e6 a2a3 f8d8 g3g4 d8d7 g4g5 h7h6 h2h4 f7f6 d6e4 d7d2 e1d2 f6g5 h4g5 h6h5 c1c7 a8c8 c7a7 e6f5 a7a6 h5h4 a6b6 h4h3 b2c3 c8d8 d2e2 d8f8 a3a4 f8c8 e2d2 h3h2 b6b1 c8c4 b1h1 c4a4 c3b2 f5e4 f3e4 a4e4 h1h2 e4g4 d2d3 g4g5 d3e4 g5g4 e4d3 g6g5 e3e4 g4g3 d3d2 g5g4 d2e1 g8f7 h2e2 f7g6 e1f2 g3d3 e2e3 d3d2 e3e2 d2e2 f2e2 g6g5 e2f2 g5f4 f2g2 g7f6 b2c1 f4e4 g2g3 e4f5 c1b2 f5g5 b2c3 e5e4 c3f6 g5f5 f6d4 e4e3 d4b6 e3e2
Warning; PV continues after threefold repetition - move g1f1 from HiveChess
Info; info depth 25 score cp 162 nodes 10772800 pv g4f3 e2e1 e3e4 e1f1 f3g3 f1g1 g3f4 g1f1 f4g4 f1g1 g4f4 g1f1 f4g4 f1g1 g4f4 g1f1 f4g4 f1g1 g4f4 g1f1 f4g4 f1g1 g4f4 g1f1 f4g4
Position; fen rnbqkbnr/ppp1pppp/8/3p4/3P4/8/PPP1PPPP/RNBQKBNR w KQkq - 0 2
Moves; c2c4 c7c6 g1f3 e7e6 e2e3 g8f6 f1d3 c6c5 e1g1 d5c4 d3c4 a7a6 d4c5 f8c5 d1d8 e8d8 c1d2 b7b6 f3e5 d8e8 c4e2 b8d7 b2b4 c5e7 e2f3 f6d5 e5d7 c8d7 b1c3 d7c6 c3d5 c6d5 f3d5 e6d5 d2c3 f7f6 f1d1 a8d8 a1c1 e8f7 c3d4 e7b4 d4b6 d8c8 c1b1 a6a5 d1d5 f7e6 b1d1 c8c2 b6a5 b4a5 d5a5 h8d8 d1f1 e6f7 a5a7 f7g6 h2h3 d8d2 a2a4 h7h5 a7e7 c2a2 e7e4 d2d5 g2g3 d5f5 g1g2 f5c5 f1b1 c5f5 e4f4 f5f4 g3f4 a2a4 g2g3 g6f7 b1b7 f7f8 b7b8 f8f7 f4f5 g7g5 b8h8 a4e4 h8h5 e4e5 g3g4 f7g7 h3h4 e5e4 g4f3 e4e5 h4g5 e5f5 f3g3 g7g6 g3g4 f5f2 h5h6 g6g7 h6f6 f2e2
Warning; Bestmove does not match beginning of last PV - move f7f8 from SF_3000
Info; info depth 19 seldepth 38 multipv 1 score cp -590 nodes 3935131 nps 2481167 hashfull 846 tbhits 0 time 1586 pv f7e8 a2b3 c6d6 b7b5 d6a6 g1f2 a6a1 e3d4 a1a6 h3h4 e7c8 b5b8 e8d7 b8b7 d7e8 b3f7 e8d8 f7h5
Position; fen rnbqkbnr/pppppppp/8/8/4P3/8/PPPP1PPP/RNBQKBNR b KQkq - 0 1
Moves; e7e6 d2d4 c7c5 d4d5 g8f6 b1c3 d7d6 f1c4 h7h6 g1e2 f8e7 e1g1 e6d5 c3d5 f6d5 c4d5 b8d7 e2f4 d7f6 d5c4 e8g8 f1e1 f6g4 h2h3 g4e5 c4d5 e7h4 d1e2 d8e7 a2a4 a8b8 d5a2 c8d7 f4d5 e7e8 e2h5 e5g6 c1h6 e8e5 h5e5 g6e5 h6f4 d7a4 d5e3 a4c6 e3f5 h4f6 a1d1 a7a5 d1d6 a5a4 f4g3 b8d8 f2f4 e5g6 e4e5 d8d6 f5d6 f6e7 f4f5 g6h4 e5e6 f8a8 f5f6 e7f6 e6f7 g8f8 d6e4 h4f5 e4f6 g7f6 g3c7 a8c8 c7b6 c5c4 a2c4 c6d7 c4a2 a4a3 e1d1 a3b2 d1d7 f5e7 b6e3 b2b1q a2b1 f8f7 d7b7 c8c6 b1a2
Warning; Bestmove does not match beginning of last PV - move a5e1 from SF_2800
Info; info depth 38 seldepth 32 multipv 1 score cp 0 nodes 377902 nps 4907818 hashfull 20 tbhits 0 time 77 pv a5d2 g5f5 d2e1 f5e4 g3g4 e4d3 g4f3 d3c4 f3e2 c4d4 e2f3 d4c5 e1c3 c5d5 c3e1 d5d6 f3g4 d6c6 e1b4 c6b5 b4e1 b5b6 g4g3 b6c6 g3g4 c6b5 g4f3
Position; fen rnbqkb1r/pppppppp/5n2/8/3P4/8/PPP1PPPP/RNBQKBNR w KQkq - 1 2
Moves; c2c4 g7g6 b1c3 f8g7 g2g3 d7d5 c4d5 f6d5 g1f3 c7c5 c3d5 d8d5 e2e3 b8c6 f1g2 d5c4 d1e2 c4e2 e1e2 c8e6 h1d1 e6c4 e2e1 c6b4 d1d2 c5d4 f3d4 b4d3 e1d1 c4a6 g2f1 d3b2 d1e1 a6f1 c1b2 f1h3 a1c1 e7e5 d4b5 e8g8 b5d6 b7b6 f2f3 h3e6 a2a3 f8d8 g3g4 d8d7 g4g5 h7h6 h2h4 f7f6 d6e4 d7d2 e1d2 f6g5 h4g5 h6h5 c1c7 a8c8 c7a7 e6f5 a7a6 h5h4 a6b6 h4h3 b2c3 c8d8 d2e2 d8f8 a3a4 f8c8 e2d2 h3h2 b6b1 c8c4 b1h1 c4a4 c3b2 f5e4 f3e4 a4e4 h1h2 e4g4 d2d3 g4g5 d3e4 g5g4 e4d3 g6g5 e3e4 g4g3 d3d2 g5g4 d2e1 g8f7 h2e2 f7g6 e1f2 g3d3 e2e3 d3d2 e3e2 d2e2 f2e2 g6g5 e2f2 g5f4 f2g2 g7f6 b2c1 f4e4 g2g3 e4f5 c1b2 f5g5 b2c3 e5e4 c3f6 g5f5 f6d4 e4e3 d4b6 e3e2 b6a5 f5g5
Warning; Bestmove does not match beginning of last PV - move b3b7 from SF_2900
Info; info depth 19 seldepth 33 multipv 1 score cp -19 nodes 844543 nps 1209946 hashfull 273 tbhits 0 time 698 pv f7c7 e6c7 h3g1 c7d5 g2f1 d5e7 g1f3 e7f5 b3b4 h7g8 f3h4 f5h4 b4h4 g8f7 h4b4 f7e6 b4b7 e6f5 b7g7
Position; fen rnbqkbnr/ppp1pppp/8/3p4/3P4/8/PPP1PPPP/RNBQKBNR w KQkq - 0 2
Moves; c2c4 e7e6 g1f3 g8f6 c1g5 f8e7 b1c3 e8g8 e2e3 b8d7 f1d3 d5c4 d3f1 d7b6 a2a4 c7c5 a4a5 c5d4 e3d4 b6d7 f1c4 a7a6 e1g1 b7b5 a5b6 d7b6 c4e2 c8b7 f3e5 h7h6 g5h4 a6a5 f1e1 f6d5 h4e7 d8e7 e2f3 e7b4 g2g3 a5a4 e1e2 f8b8 e2c2 b4b3 f3h5 b8f8 a1a3 b3b4 c3d5 b6d5 d1d2 b4d2 c2d2 d5b6 a3c3 b7e4 g1f1 a8a7 h2h4 f8b8 c3c5 b6c8 d2e2 c8d6 h5f3 e4f3 e5f3 a7b7 c5c6 d6f5 c6a6 b7b3 f3g1 f5d4 e2e1 b3d3 a6a4 b8b2 a4a8 g8h7 a8d8 e6e5 h4h5 d3a3 e1d1 a3c3 d8f8 c3c2 g1h3 f7f6 f1g1 c2e2 g1f1 b2a2 f1g2 e2b2 d1d3 b2b5 d3c3 d4e6 f8f7 b5c5 c3b3 c5c7
Warning; PV continues after threefold repetition - move g1f1 from HiveChess
Info; info depth 24 score cp 133 nodes 12083200 pv e3e4 e1f1 f3g4 f1g1 g4f5 g1f1 f5e5 f1g1 e5f5 g1f1 f5e5 f1g1 e5f5 g1f1 f5e5 f1g1 e5f5 g1f1 f5e5 f1g1 e5f5 g1f1 f5e5 f1g1
Position; fen rnbqkbnr/ppp1pppp/8/3p4/3P4/8/PPP1PPPP/RNBQKBNR w KQkq - 0 2
Moves; c2c4 c7c6 g1f3 e7e6 e2e3 g8f6 f1d3 c6c5 e1g1 d5c4 d3c4 a7a6 d4c5 f8c5 d1d8 e8d8 c1d2 b7b6 f3e5 d8e8 c4e2 b8d7 b2b4 c5e7 e2f3 f6d5 e5d7 c8d7 b1c3 d7c6 c3d5 c6d5 f3d5 e6d5 d2c3 f7f6 f1d1 a8d8 a1c1 e8f7 c3d4 e7b4 d4b6 d8c8 c1b1 a6a5 d1d5 f7e6 b1d1 c8c2 b6a5 b4a5 d5a5 h8d8 d1f1 e6f7 a5a7 f7g6 h2h3 d8d2 a2a4 h7h5 a7e7 c2a2 e7e4 d2d5 g2g3 d5f5 g1g2 f5c5 f1b1 c5f5 e4f4 f5f4 g3f4 a2a4 g2g3 g6f7 b1b7 f7f8 b7b8 f8f7 f4f5 g7g5 b8h8 a4e4 h8h5 e4e5 g3g4 f7g7 h3h4 e5e4 g4f3 e4e5 h4g5 e5f5 f3g3 g7g6 g3g4 f5f2 h5h6 g6g7 h6f6 f2e2 g4f3 e2e1
Warning; PV continues after threefold repetition - move d5c6 from HiveChess
Info; info depth 22 score cp -111 nodes 8308203 pv g5f5 e1d2 f5e4 g3g4 e4d3 d2e1 d3e4 e1a5 e4d5 g4f3 d5c6 a5d2 c6d5 d2a5 d5c6 a5d2 c6d5 d2a5 d5c6 a5d2 c6d5 d2a5
Position; fen rnbqkb1r/pppppppp/5n2/8/3P4/8/PPP1PPPP/RNBQKBNR w KQkq - 1 2
Moves; c2c4 g7g6 b1c3 f8g7 g2g3 d7d5 c4d5 f6d5 g1f3 c7c5 c3d5 d8d5 e2e3 b8c6 f1g2 d5c4 d1e2 c4e2 e1e2 c8e6 h1d1 e6c4 e2e1 c6b4 d1d2 c5d4 f3d4 b4d3 e1d1 c4a6 g2f1 d3b2 d1e1 a6f1 c1b2 f1h3 a1c1 e7e5 d4b5 e8g8 b5d6 b7b6 f2f3 h3e6 a2a3 f8d8 g3g4 d8d7 g4g5 h7h6 h2h4 f7f6 d6e4 d7d2 e1d2 f6g5 h4g5 h6h5 c1c7 a8c8 c7a7 e6f5 a7a6 h5h4 a6b6 h4h3 b2c3 c8d8 d2e2 d8f8 a3a4 f8c8 e2d2 h3h2 b6b1 c8c4 b1h1 c4a4 c3b2 f5e4 f3e4 a4e4 h1h2 e4g4 d2d3 g4g5 d3e4 g5g4 e4d3 g6g5 e3e4 g4g3 d3d2 g5g4 d2e1 g8f7 h2e2 f7g6 e1f2 g3d3 e2e3 d3d2 e3e2 d2e2 f2e2 g6g5 e2f2 g5f4 f2g2 g7f6 b2c1 f4e4 g2g3 e4f5 c1b2 f5g5 b2c3 e5e4 c3f6 g5f5 f6d4 e4e3 d4b6 e3e2 b6a5 f5g5 a5e1
Warning; Bestmove does not match beginning of last PV - move e1a5 from SF_2800
Info; info depth 34 seldepth 20 multipv 1 score cp 0 nodes 237218 nps 5516697 hashfull 12 tbhits 0 time 43 pv e1c3 e2e1r c3e1 f5e4 e1b4 e4d3 g3g4 d3c2 g4f3 c2b3 b4e1 b3c4 f3g3 c4d5 g3f2 d5c6 f2f3 c6c5 f3g3
Position; fen rnbqkb1r/pppppppp/5n2/8/3P4/8/PPP1PPPP/RNBQKBNR w KQkq - 1 2
Moves; c2c4 g7g6 b1c3 f8g7 g2g3 d7d5 c4d5 f6d5 g1f3 c7c5 c3d5 d8d5 e2e3 b8c6 f1g2 d5c4 d1e2 c4e2 e1e2 c8e6 h1d1 e6c4 e2e1 c6b4 d1d2 c5d4 f3d4 b4d3 e1d1 c4a6 g2f1 d3b2 d1e1 a6f1 c1b2 f1h3 a1c1 e7e5 d4b5 e8g8 b5d6 b7b6 f2f3 h3e6 a2a3 f8d8 g3g4 d8d7 g4g5 h7h6 h2h4 f7f6 d6e4 d7d2 e1d2 f6g5 h4g5 h6h5 c1c7 a8c8 c7a7 e6f5 a7a6 h5h4 a6b6 h4h3 b2c3 c8d8 d2e2 d8f8 a3a4 f8c8 e2d2 h3h2 b6b1 c8c4 b1h1 c4a4 c3b2 f5e4 f3e4 a4e4 h1h2 e4g4 d2d3 g4g5 d3e4 g5g4 e4d3 g6g5 e3e4 g4g3 d3d2 g5g4 d2e1 g8f7 h2e2 f7g6 e1f2 g3d3 e2e3 d3d2 e3e2 d2e2 f2e2 g6g5 e2f2 g5f4 f2g2 g7f6 b2c1 f4e4 g2g3 e4f5 c1b2 f5g5 b2c3 e5e4 c3f6 g5f5 f6d4 e4e3 d4b6 e3e2 b6a5 f5g5 a5e1 g5f5
Warning; Bestmove does not match beginning of last PV - move c6c5 from SF_3000
Info; info depth 21 seldepth 38 multipv 1 score cp -585 nodes 5264406 nps 2108292 hashfull 964 tbhits 0 time 2497 pv c6a6 g2g4 e7c8 h6e3 a6a1 g1g2 c8d6 b7a7 a1d1 h3h4 d1e1 g2f3 e1f1 f3e2 f1h1 b3a4 e8f8 e3c5 h1h2 e2f3 h2d2 c5d6 d2d6 a4d7 d6d2 d7f5 d2h2 a7a8 f8e7
Position; fen rnbqkbnr/pppppppp/8/8/4P3/8/PPPP1PPP/RNBQKBNR b KQkq - 0 1
Moves; e7e6 d2d4 c7c5 d4d5 g8f6 b1c3 d7d6 f1c4 h7h6 g1e2 f8e7 e1g1 e6d5 c3d5 f6d5 c4d5 b8d7 e2f4 d7f6 d5c4 e8g8 f1e1 f6g4 h2h3 g4e5 c4d5 e7h4 d1e2 d8e7 a2a4 a8b8 d5a2 c8d7 f4d5 e7e8 e2h5 e5g6 c1h6 e8e5 h5e5 g6e5 h6f4 d7a4 d5e3 a4c6 e3f5 h4f6 a1d1 a7a5 d1d6 a5a4 f4g3 b8d8 f2f4 e5g6 e4e5 d8d6 f5d6 f6e7 f4f5 g6h4 e5e6 f8a8 f5f6 e7f6 e6f7 g8f8 d6e4 h4f5 e4f6 g7f6 g3c7 a8c8 c7b6 c5c4 a2c4 c6d7 c4a2 a4a3 e1d1 a3b2 d1d7 f5e7 b6e3 b2b1q a2b1 f8f7 d7b7 c8c6 b1a2 f7f8 e3h6 f8e8 a2b3
Warning; Bestmove does not match beginning of last PV - move b4d2 from SF_2800
Info; info depth 25 seldepth 2 multipv 1 score cp 0 nodes 41426 nps 5918000 hashfull 2 tbhits 0 time 7 pv b4a5
Position; fen rnbqkb1r/pppppppp/5n2/8/3P4/8/PPP1PPPP/RNBQKBNR w KQkq - 1 2
Moves; c2c4 g7g6 b1c3 f8g7 g2g3 d7d5 c4d5 f6d5 g1f3 c7c5 c3d5 d8d5 e2e3 b8c6 f1g2 d5c4 d1e2 c4e2 e1e2 c8e6 h1d1 e6c4 e2e1 c6b4 d1d2 c5d4 f3d4 b4d3 e1d1 c4a6 g2f1 d3b2 d1e1 a6f1 c1b2 f1h3 a1c1 e7e5 d4b5 e8g8 b5d6 b7b6 f2f3 h3e6 a2a3 f8d8 g3g4 d8d7 g4g5 h7h6 h2h4 f7f6 d6e4 d7d2 e1d2 f6g5 h4g5 h6h5 c1c7 a8c8 c7a7 e6f5 a7a6 h5h4 a6b6 h4h3 b2c3 c8d8 d2e2 d8f8 a3a4 f8c8 e2d2 h3h2 b6b1 c8c4 b1h1 c4a4 c3b2 f5e4 f3e4 a4e4 h1h2 e4g4 d2d3 g4g5 d3e4 g5g4 e4d3 g6g5 e3e4 g4g3 d3d2 g5g4 d2e1 g8f7 h2e2 f7g6 e1f2 g3d3 e2e3 d3d2 e3e2 d2e2 f2e2 g6g5 e2f2 g5f4 f2g2 g7f6 b2c1 f4e4 g2g3 e4f5 c1b2 f5g5 b2c3 e5e4 c3f6 g5f5 f6d4 e4e3 d4b6 e3e2 b6a5 f5g5 a5e1 g5f5 e1a5 f5g5 a5b4 g5f5
Warning; Bestmove does not match beginning of last PV - move e7c6 from SF_3000
Info; info depth 19 seldepth 37 multipv 1 score cp -606 nodes 4262898 nps 2227219 hashfull 891 tbhits 0 time 1914 pv e7d5 b7a7 d5c7 g7f6 c5f5 f6h4 c7b5 a7e7 e8f8 e7e3 b5d4 h4f2 d4b3 c2b3 f5f2 g1f2
Position; fen rnbqkbnr/pppppppp/8/8/4P3/8/PPPP1PPP/RNBQKBNR b KQkq - 0 1
Moves; e7e6 d2d4 c7c5 d4d5 g8f6 b1c3 d7d6 f1c4 h7h6 g1e2 f8e7 e1g1 e6d5 c3d5 f6d5 c4d5 b8d7 e2f4 d7f6 d5c4 e8g8 f1e1 f6g4 h2h3 g4e5 c4d5 e7h4 d1e2 d8e7 a2a4 a8b8 d5a2 c8d7 f4d5 e7e8 e2h5 e5g6 c1h6 e8e5 h5e5 g6e5 h6f4 d7a4 d5e3 a4c6 e3f5 h4f6 a1d1 a7a5 d1d6 a5a4 f4g3 b8d8 f2f4 e5g6 e4e5 d8d6 f5d6 f6e7 f4f5 g6h4 e5e6 f8a8 f5f6 e7f6 e6f7 g8f8 d6e4 h4f5 e4f6 g7f6 g3c7 a8c8 c7b6 c5c4 a2c4 c6d7 c4a2 a4a3 e1d1 a3b2 d1d7 f5e7 b6e3 b2b1q a2b1 f8f7 d7b7 c8c6 b1a2 f7f8 e3h6 f8e8 a2b3 c6c5 h6g7
Warning; Bestmove does not match beginning of last PV - move e7c7 from SF_2900
Info; info depth 21 seldepth 33 multipv 1 score cp -30 nodes 952221 nps 1331777 hashfull 250 tbhits 0 time 715 pv g2g1 g8f8 e7b7 d4f3 g1g2 f3e1 g2f1 e1d3 b7c7 a2a5 f1g2 e5e4 c7c8 f8f7 c8c7 f7g8 g3g4 d3e5 h3f4 e5g4 f4e6 e4e3 c7g7 g8h8 f2e3 g4e3 g2f3 a5e5
Position; fen rnbqkbnr/ppp1pppp/8/3p4/3P4/8/PPP1PPPP/RNBQKBNR w KQkq - 0 2
Moves; c2c4 e7e6 g1f3 g8f6 c1g5 f8e7 b1c3 e8g8 e2e3 b8d7 f1d3 d5c4 d3f1 d7b6 a2a4 c7c5 a4a5 c5d4 e3d4 b6d7 f1c4 a7a6 e1g1 b7b5 a5b6 d7b6 c4e2 c8b7 f3e5 h7h6 g5h4 a6a5 f1e1 f6d5 h4e7 d8e7 e2f3 e7b4 g2g3 a5a4 e1e2 f8b8 e2c2 b4b3 f3h5 b8f8 a1a3 b3b4 c3d5 b6d5 d1d2 b4d2 c2d2 d5b6 a3c3 b7e4 g1f1 a8a7 h2h4 f8b8 c3c5 b6c8 d2e2 c8d6 h5f3 e4f3 e5f3 a7b7 c5c6 d6f5 c6a6 b7b3 f3g1 f5d4 e2e1 b3d3 a6a4 b8b2 a4a8 g8h7 a8d8 e6e5 h4h5 d3a3 e1d1 a3c3 d8f8 c3c2 g1h3 f7f6 f1g1 c2e2 g1f1 b2a2 f1g2 e2b2 d1d3 b2b5 d3c3 d4e6 f8f7 b5c5 c3b3 c5c7 b3b7 c7f7 b7f7 h7g8 f7e7 e6d4
Warning; PV continues after threefold repetition - move f7g7 from HiveChess
Info; info depth 25 score cp 103 nodes 17214611 pv g4f4 f6e6 f4g3 e6d7 g3f3 d7e6 f3f4 e6f7 f4f5 f7g7 f5g5 g7f7 g5f5 f7g7 f5g5 g7f7 g5f5 f7g7 f5g5 g7f7 g5f5 f7g7 f5g5 g7f7 g5f5
Position; fen rnbqkbnr/ppp1pppp/8/3p4/3P4/8/PPP1PPPP/RNBQKBNR w KQkq - 0 2
Moves; c2c4 c7c6 g1f3 e7e6 e2e3 g8f6 f1d3 c6c5 e1g1 d5c4 d3c4 a7a6 d4c5 f8c5 d1d8 e8d8 c1d2 b7b6 f3e5 d8e8 c4e2 b8d7 b2b4 c5e7 e2f3 f6d5 e5d7 c8d7 b1c3 d7c6 c3d5 c6d5 f3d5 e6d5 d2c3 f7f6 f1d1 a8d8 a1c1 e8f7 c3d4 e7b4 d4b6 d8c8 c1b1 a6a5 d1d5 f7e6 b1d1 c8c2 b6a5 b4a5 d5a5 h8d8 d1f1 e6f7 a5a7 f7g6 h2h3 d8d2 a2a4 h7h5 a7e7 c2a2 e7e4 d2d5 g2g3 d5f5 g1g2 f5c5 f1b1 c5f5 e4f4 f5f4 g3f4 a2a4 g2g3 g6f7 b1b7 f7f8 b7b8 f8f7 f4f5 g7g5 b8h8 a4e4 h8h5 e4e5 g3g4 f7g7 h3h4 e5e4 g4f3 e4e5 h4g5 e5f5 f3g3 g7g6 g3g4 f5f2 h5h6 g6g7 h6f6 f2e2 g4f3 e2e1 e3e4 e1f1 f3g4 f1f6 g5f6 g7f6
Warning; Bestmove does not match beginning of last PV - move d2a5 from SF_2800
Info; info depth 17 seldepth 23 multipv 1 score cp 0 nodes 274721 nps 3434012 hashfull 50 tbhits 0 time 80 pv d2b4 d3e3 b4e1 e3d4 g4f3 d4c4 f3g3 c4b3 g3f3 b3a2 f3e2 a2b3 e2f3 b3a3 f3g3 a3a2 g3f3 a2a3
Position; fen rnbqkb1r/pppppppp/5n2/8/3P4/8/PPP1PPPP/RNBQKBNR w KQkq - 1 2
Moves; c2c4 g7g6 b1c3 f8g7 g2g3 d7d5 c4d5 f6d5 g1f3 c7c5 c3d5 d8d5 e2e3 b8c6 f1g2 d5c4 d1e2 c4e2 e1e2 c8e6 h1d1 e6c4 e2e1 c6b4 d1d2 c5d4 f3d4 b4d3 e1d1 c4a6 g2f1 d3b2 d1e1 a6f1 c1b2 f1h3 a1c1 e7e5 d4b5 e8g8 b5d6 b7b6 f2f3 h3e6 a2a3 f8d8 g3g4 d8d7 g4g5 h7h6 h2h4 f7f6 d6e4 d7d2 e1d2 f6g5 h4g5 h6h5 c1c7 a8c8 c7a7 e6f5 a7a6 h5h4 a6b6 h4h3 b2c3 c8d8 d2e2 d8f8 a3a4 f8c8 e2d2 h3h2 b6b1 c8c4 b1h1 c4a4 c3b2 f5e4 f3e4 a4e4 h1h2 e4g4 d2d3 g4g5 d3e4 g5g4 e4d3 g6g5 e3e4 g4g3 d3d2 g5g4 d2e1 g8f7 h2e2 f7g6 e1f2 g3d3 e2e3 d3d2 e3e2 d2e2 f2e2 g6g5 e2f2 g5f4 f2g2 g7f6 b2c1 f4e4 g2g3 e4f5 c1b2 f5g5 b2c3 e5e4 c3f6 g5f5 f6d4 e4e3 d4b6 e3e2 b6a5 f5g5 a5e1 g5f5 e1a5 f5g5 a5b4 g5f5 b4d2 f5e4 g3g4 e4d3
Finished game 19 (HiveChess vs SF_3000): 1-0 {White wins by adjudication}
Started game 21 of 1000 (HiveChess vs SF_2600)
Warning; Bestmove does not match beginning of last PV - move g8f6 from SF_2600
Info; info depth 16 seldepth 25 multipv 1 score cp 13 nodes 652235 nps 770963 hashfull 218 tbhits 0 time 846 pv d7d5 d2d4 g8f6 c1f4 a7a6 e2e3 e7e6 g2g4 f8b4 f1g2 b8c6 h2h4 f6e4 g1e2 e4c3 e2c3
Position; fen rnbqkbnr/pppppppp/8/8/8/2N5/PPPPPPPP/R1BQKBNR b KQkq - 1 1
Moves; 
Warning; Bestmove does not match beginning of last PV - move g2g4 from SF_3000
Info; info depth 15 seldepth 33 multipv 1 score cp -8 nodes 338366 nps 1239435 hashfull 99 tbhits 0 time 273 pv b2b3 b7b5 g1f1 b8b7 g2g4 b7b6 f1e2 d3c1 e2e3 c1a2 f3f4 b6c5 f4f5 g6f5 g4f5 c5d6 d2e4 d6d5
Position; fen rnbqkbnr/pppppppp/8/8/4P3/8/PPPP1PPP/RNBQKBNR b KQkq - 0 1
Moves; e7e5 g1f3 b8c6 d2d4 e5d4 f1c4 g8f6 e1g1 f6e4 f1e1 d7d5 c4d5 d8d5 b1c3 d5c4 f3d2 c4a6 c3d5 a6a5 c2c4 c8f5 d2b3 a5e1 d1e1 e8c8 c1f4 f8d6 f2f3 e4f6 f4d6 d8d6 e1g3 f6d5 g3g7 h8d8 c4d5 d6d5 g7f7 d4d3 h2h4 f5g6 f7e6 c8b8 a1d1 d3d2 h4h5 d5e5 e6e5 c6e5 h5g6 h7g6 d1d2 d8d2 b3d2 e5d3
Warning; Bestmove does not match beginning of last PV - move c7c6 from SF_2900
Info; info depth 20 seldepth 34 multipv 1 score cp -25 nodes 823581 nps 1361290 hashfull 209 tbhits 0 time 605 pv c7c8 g8f7 c8c5 b5d6 c5c7 f7f8 g2f1 a2a5 h3g1 a5a1 f1g2 a1a2 g1h3 f8g8 g2f1 a2a5 h3g1 e5e4 c7e7
Position; fen rnbqkbnr/ppp1pppp/8/3p4/3P4/8/PPP1PPPP/RNBQKBNR w KQkq - 0 2
Moves; c2c4 e7e6 g1f3 g8f6 c1g5 f8e7 b1c3 e8g8 e2e3 b8d7 f1d3 d5c4 d3f1 d7b6 a2a4 c7c5 a4a5 c5d4 e3d4 b6d7 f1c4 a7a6 e1g1 b7b5 a5b6 d7b6 c4e2 c8b7 f3e5 h7h6 g5h4 a6a5 f1e1 f6d5 h4e7 d8e7 e2f3 e7b4 g2g3 a5a4 e1e2 f8b8 e2c2 b4b3 f3h5 b8f8 a1a3 b3b4 c3d5 b6d5 d1d2 b4d2 c2d2 d5b6 a3c3 b7e4 g1f1 a8a7 h2h4 f8b8 c3c5 b6c8 d2e2 c8d6 h5f3 e4f3 e5f3 a7b7 c5c6 d6f5 c6a6 b7b3 f3g1 f5d4 e2e1 b3d3 a6a4 b8b2 a4a8 g8h7 a8d8 e6e5 h4h5 d3a3 e1d1 a3c3 d8f8 c3c2 g1h3 f7f6 f1g1 c2e2 g1f1 b2a2 f1g2 e2b2 d1d3 b2b5 d3c3 d4e6 f8f7 b5c5 c3b3 c5c7 b3b7 c7f7 b7f7 h7g8 f7e7 e6d4 e7c7 d4b5
Warning; PV continues after threefold repetition - move e8e7 from HiveChess
Info; info depth 25 score cp 61 nodes 15088487 pv e4e5 e6e7 f4f5 e7f7 e5e6 f7e8 f5e4 e8f8 e4d4 f8e8 d4d5 e8e7 d5e5 e7e8 e5d5 e8e7 d5e5 e7e8 e5d5 e8e7 d5e5 e7e8 e5d5 e8e7 d5e5
Position; fen rnbqkbnr/ppp1pppp/8/3p4/3P4/8/PPP1PPPP/RNBQKBNR w KQkq - 0 2
Moves; c2c4 c7c6 g1f3 e7e6 e2e3 g8f6 f1d3 c6c5 e1g1 d5c4 d3c4 a7a6 d4c5 f8c5 d1d8 e8d8 c1d2 b7b6 f3e5 d8e8 c4e2 b8d7 b2b4 c5e7 e2f3 f6d5 e5d7 c8d7 b1c3 d7c6 c3d5 c6d5 f3d5 e6d5 d2c3 f7f6 f1d1 a8d8 a1c1 e8f7 c3d4 e7b4 d4b6 d8c8 c1b1 a6a5 d1d5 f7e6 b1d1 c8c2 b6a5 b4a5 d5a5 h8d8 d1f1 e6f7 a5a7 f7g6 h2h3 d8d2 a2a4 h7h5 a7e7 c2a2 e7e4 d2d5 g2g3 d5f5 g1g2 f5c5 f1b1 c5f5 e4f4 f5f4 g3f4 a2a4 g2g3 g6f7 b1b7 f7f8 b7b8 f8f7 f4f5 g7g5 b8h8 a4e4 h8h5 e4e5 g3g4 f7g7 h3h4 e5e4 g4f3 e4e5 h4g5 e5f5 f3g3 g7g6 g3g4 f5f2 h5h6 g6g7 h6f6 f2e2 g4f3 e2e1 e3e4 e1f1 f3g4 f1f6 g5f6 g7f6 g4f4 f6e6
Warning; Bestmove does not match beginning of last PV - move g4f4 from SF_2800
Info; info depth 23 seldepth 23 multipv 1 score cp 0 nodes 60135 nps 6013500 hashfull 3 tbhits 0 time 10 pv g4g3 c4b3 g3f3 e2e1q a5e1 b3c2 e1a5 c2b1 a5b4 b1a2 b4a5 a2b2 f3f4 b2c1 a5c3 c1c2 c3e1 c2c1
Position; fen rnbqkb1r/pppppppp/5n2/8/3P4/8/PPP1PPPP/RNBQKBNR w KQkq - 1 2
Moves; c2c4 g7g6 b1c3 f8g7 g2g3 d7d5 c4d5 f6d5 g1f3 c7c5 c3d5 d8d5 e2e3 b8c6 f1g2 d5c4 d1e2 c4e2 e1e2 c8e6 h1d1 e6c4 e2e1 c6b4 d1d2 c5d4 f3d4 b4d3 e1d1 c4a6 g2f1 d3b2 d1e1 a6f1 c1b2 f1h3 a1c1 e7e5 d4b5 e8g8 b5d6 b7b6 f2f3 h3e6 a2a3 f8d8 g3g4 d8d7 g4g5 h7h6 h2h4 f7f6 d6e4 d7d2 e1d2 f6g5 h4g5 h6h5 c1c7 a8c8 c7a7 e6f5 a7a6 h5h4 a6b6 h4h3 b2c3 c8d8 d2e2 d8f8 a3a4 f8c8 e2d2 h3h2 b6b1 c8c4 b1h1 c4a4 c3b2 f5e4 f3e4 a4e4 h1h2 e4g4 d2d3 g4g5 d3e4 g5g4 e4d3 g6g5 e3e4 g4g3 d3d2 g5g4 d2e1 g8f7 h2e2 f7g6 e1f2 g3d3 e2e3 d3d2 e3e2 d2e2 f2e2 g6g5 e2f2 g5f4 f2g2 g7f6 b2c1 f4e4 g2g3 e4f5 c1b2 f5g5 b2c3 e5e4 c3f6 g5f5 f6d4 e4e3 d4b6 e3e2 b6a5 f5g5 a5e1 g5f5 e1a5 f5g5 a5b4 g5f5 b4d2 f5e4 g3g4 e4d3 d2a5 d3c4
Warning; Bestmove does not match beginning of last PV - move d7d6 from SF_2600
Info; info depth 17 seldepth 30 multipv 1 score cp -20 nodes 682670 nps 778415 hashfull 231 tbhits 0 time 877 pv e7e5 g1f3 b8c6 f1b5 f8b4 e1g1 e8g8 d2d3 b4c3 b2c3 d7d6 f1e1 c8d7 d3d4 c6d4 f3d4 e5d4 b5d7
Position; fen rnbqkbnr/pppppppp/8/8/8/2N5/PPPPPPPP/R1BQKBNR b KQkq - 1 1
Moves; g8f6 e2e4
Warning; Bestmove does not match beginning of last PV - move c6c5 from SF_2900
Info; info depth 18 seldepth 37 multipv 1 score cp -27 nodes 843364 nps 1174601 hashfull 260 tbhits 0 time 718 pv c6b6 b5d4 b6b7 f7g8 b7d7 d4e6 d7e7 e6c5 e7c7 c5e4 c7c8 g8h7 c8e8 g7g5 h5g6 h7g7 e8b8 g7g6
Position; fen rnbqkbnr/ppp1pppp/8/3p4/3P4/8/PPP1PPPP/RNBQKBNR w KQkq - 0 2
Moves; c2c4 e7e6 g1f3 g8f6 c1g5 f8e7 b1c3 e8g8 e2e3 b8d7 f1d3 d5c4 d3f1 d7b6 a2a4 c7c5 a4a5 c5d4 e3d4 b6d7 f1c4 a7a6 e1g1 b7b5 a5b6 d7b6 c4e2 c8b7 f3e5 h7h6 g5h4 a6a5 f1e1 f6d5 h4e7 d8e7 e2f3 e7b4 g2g3 a5a4 e1e2 f8b8 e2c2 b4b3 f3h5 b8f8 a1a3 b3b4 c3d5 b6d5 d1d2 b4d2 c2d2 d5b6 a3c3 b7e4 g1f1 a8a7 h2h4 f8b8 c3c5 b6c8 d2e2 c8d6 h5f3 e4f3 e5f3 a7b7 c5c6 d6f5 c6a6 b7b3 f3g1 f5d4 e2e1 b3d3 a6a4 b8b2 a4a8 g8h7 a8d8 e6e5 h4h5 d3a3 e1d1 a3c3 d8f8 c3c2 g1h3 f7f6 f1g1 c2e2 g1f1 b2a2 f1g2 e2b2 d1d3 b2b5 d3c3 d4e6 f8f7 b5c5 c3b3 c5c7 b3b7 c7f7 b7f7 h7g8 f7e7 e6d4 e7c7 d4b5 c7c6 g8f7
Warning; Bestmove does not match beginning of last PV - move a5e1 from SF_2800
Info; info depth 24 seldepth 14 multipv 1 score cp 0 nodes 88065 nps 5871000 hashfull 3 tbhits 0 time 15 pv a5c3 b5c4 c3a5 c4b3 a5e1 b3c2 f4f3 c2b2 f3f4
Position; fen rnbqkb1r/pppppppp/5n2/8/3P4/8/PPP1PPPP/RNBQKBNR w KQkq - 1 2
Moves; c2c4 g7g6 b1c3 f8g7 g2g3 d7d5 c4d5 f6d5 g1f3 c7c5 c3d5 d8d5 e2e3 b8c6 f1g2 d5c4 d1e2 c4e2 e1e2 c8e6 h1d1 e6c4 e2e1 c6b4 d1d2 c5d4 f3d4 b4d3 e1d1 c4a6 g2f1 d3b2 d1e1 a6f1 c1b2 f1h3 a1c1 e7e5 d4b5 e8g8 b5d6 b7b6 f2f3 h3e6 a2a3 f8d8 g3g4 d8d7 g4g5 h7h6 h2h4 f7f6 d6e4 d7d2 e1d2 f6g5 h4g5 h6h5 c1c7 a8c8 c7a7 e6f5 a7a6 h5h4 a6b6 h4h3 b2c3 c8d8 d2e2 d8f8 a3a4 f8c8 e2d2 h3h2 b6b1 c8c4 b1h1 c4a4 c3b2 f5e4 f3e4 a4e4 h1h2 e4g4 d2d3 g4g5 d3e4 g5g4 e4d3 g6g5 e3e4 g4g3 d3d2 g5g4 d2e1 g8f7 h2e2 f7g6 e1f2 g3d3 e2e3 d3d2 e3e2 d2e2 f2e2 g6g5 e2f2 g5f4 f2g2 g7f6 b2c1 f4e4 g2g3 e4f5 c1b2 f5g5 b2c3 e5e4 c3f6 g5f5 f6d4 e4e3 d4b6 e3e2 b6a5 f5g5 a5e1 g5f5 e1a5 f5g5 a5b4 g5f5 b4d2 f5e4 g3g4 e4d3 d2a5 d3c4 g4f4 c4b5
Warning; Bestmove does not match beginning of last PV - move b8d7 from SF_2600
Info; info depth 16 seldepth 31 multipv 1 score cp -53 nodes 625941 nps 717000 hashfull 219 tbhits 0 time 873 pv e7e5 g1f3 b8d7 f1c4 f8e7 e1g1 e8g8 h2h3 c7c6 a2a4 f6e4 c3e4 d6d5 f3e5 d7e5 d4e5 d5c4 d1e2 d8d5 f2f4
Position; fen rnbqkbnr/pppppppp/8/8/8/2N5/PPPPPPPP/R1BQKBNR b KQkq - 1 1
Moves; g8f6 e2e4 d7d6 d2d4
Warning; Bestmove does not match beginning of last PV - move f4e3 from SF_2800
Info; info depth 22 seldepth 19 multipv 1 score cp 0 nodes 51763 nps 5751444 hashfull 2 tbhits 0 time 9 pv e1c3 b6b5 c3e1 b5c4 e1d2 c4d5 d2e1
Position; fen rnbqkb1r/pppppppp/5n2/8/3P4/8/PPP1PPPP/RNBQKBNR w KQkq - 1 2
Moves; c2c4 g7g6 b1c3 f8g7 g2g3 d7d5 c4d5 f6d5 g1f3 c7c5 c3d5 d8d5 e2e3 b8c6 f1g2 d5c4 d1e2 c4e2 e1e2 c8e6 h1d1 e6c4 e2e1 c6b4 d1d2 c5d4 f3d4 b4d3 e1d1 c4a6 g2f1 d3b2 d1e1 a6f1 c1b2 f1h3 a1c1 e7e5 d4b5 e8g8 b5d6 b7b6 f2f3 h3e6 a2a3 f8d8 g3g4 d8d7 g4g5 h7h6 h2h4 f7f6 d6e4 d7d2 e1d2 f6g5 h4g5 h6h5 c1c7 a8c8 c7a7 e6f5 a7a6 h5h4 a6b6 h4h3 b2c3 c8d8 d2e2 d8f8 a3a4 f8c8 e2d2 h3h2 b6b1 c8c4 b1h1 c4a4 c3b2 f5e4 f3e4 a4e4 h1h2 e4g4 d2d3 g4g5 d3e4 g5g4 e4d3 g6g5 e3e4 g4g3 d3d2 g5g4 d2e1 g8f7 h2e2 f7g6 e1f2 g3d3 e2e3 d3d2 e3e2 d2e2 f2e2 g6g5 e2f2 g5f4 f2g2 g7f6 b2c1 f4e4 g2g3 e4f5 c1b2 f5g5 b2c3 e5e4 c3f6 g5f5 f6d4 e4e3 d4b6 e3e2 b6a5 f5g5 a5e1 g5f5 e1a5 f5g5 a5b4 g5f5 b4d2 f5e4 g3g4 e4d3 d2a5 d3c4 g4f4 c4b5 a5e1 b5b6
Warning; Bestmove does not match beginning of last PV - move c5c4 from SF_2900
Info; info depth 20 seldepth 31 multipv 1 score cp -24 nodes 429152 nps 1281050 hashfull 118 tbhits 0 time 335 pv c5c6 b2a2 h3g1 f7e7 c6c5 b5d6 c5c7 e7f8 g1h3 f8g8 c7d7 d6e4 d7b7 a2a5 b7b8 g8h7 b8b3 f6f5 b3f3 e4d6 f3d3
Position; fen rnbqkbnr/ppp1pppp/8/3p4/3P4/8/PPP1PPPP/RNBQKBNR w KQkq - 0 2
Moves; c2c4 e7e6 g1f3 g8f6 c1g5 f8e7 b1c3 e8g8 e2e3 b8d7 f1d3 d5c4 d3f1 d7b6 a2a4 c7c5 a4a5 c5d4 e3d4 b6d7 f1c4 a7a6 e1g1 b7b5 a5b6 d7b6 c4e2 c8b7 f3e5 h7h6 g5h4 a6a5 f1e1 f6d5 h4e7 d8e7 e2f3 e7b4 g2g3 a5a4 e1e2 f8b8 e2c2 b4b3 f3h5 b8f8 a1a3 b3b4 c3d5 b6d5 d1d2 b4d2 c2d2 d5b6 a3c3 b7e4 g1f1 a8a7 h2h4 f8b8 c3c5 b6c8 d2e2 c8d6 h5f3 e4f3 e5f3 a7b7 c5c6 d6f5 c6a6 b7b3 f3g1 f5d4 e2e1 b3d3 a6a4 b8b2 a4a8 g8h7 a8d8 e6e5 h4h5 d3a3 e1d1 a3c3 d8f8 c3c2 g1h3 f7f6 f1g1 c2e2 g1f1 b2a2 f1g2 e2b2 d1d3 b2b5 d3c3 d4e6 f8f7 b5c5 c3b3 c5c7 b3b7 c7f7 b7f7 h7g8 f7e7 e6d4 e7c7 d4b5 c7c6 g8f7 c6c5 a2b2
Warning; Bestmove does not match beginning of last PV - move f2g3 from SF_3000
Info; info depth 12 seldepth 32 multipv 1 score cp -26 nodes 54527 nps 1268069 hashfull 16 tbhits 0 time 43 pv f2e3 b8c7 e3f4 b2d3 f4g5 b6b5 g5g6 c5c4 g4g5 b5b4 g6h7 d3f4
Position; fen rnbqkbnr/pppppppp/8/8/4P3/8/PPPP1PPP/RNBQKBNR b KQkq - 0 1
Moves; e7e5 g1f3 b8c6 d2d4 e5d4 f1c4 g8f6 e1g1 f6e4 f1e1 d7d5 c4d5 d8d5 b1c3 d5c4 f3d2 c4a6 c3d5 a6a5 c2c4 c8f5 d2b3 a5e1 d1e1 e8c8 c1f4 f8d6 f2f3 e4f6 f4d6 d8d6 e1g3 f6d5 g3g7 h8d8 c4d5 d6d5 g7f7 d4d3 h2h4 f5g6 f7e6 c8b8 a1d1 d3d2 h4h5 d5e5 e6e5 c6e5 h5g6 h7g6 d1d2 d8d2 b3d2 e5d3 g2g4 d3b2 g1f2 c7c5 d2e4 b7b6
Warning; Bestmove does not match beginning of last PV - move f3f4 from SF_3000
Info; info depth 11 seldepth 24 multipv 1 score cp -41 nodes 62349 nps 1246980 hashfull 15 tbhits 0 time 50 pv e4c3 b8b7 f3f4 b7c6 g3f3 b6b5 f3e3 c5c4 f4f5 b5b4 c3e2 g6f5 g4f5 c6d5 f5f6 d3e5 e2f4 d5c5 e3e4 e5f7 f4e6 c5d6
Position; fen rnbqkbnr/pppppppp/8/8/4P3/8/PPPP1PPP/RNBQKBNR b KQkq - 0 1
Moves; e7e5 g1f3 b8c6 d2d4 e5d4 f1c4 g8f6 e1g1 f6e4 f1e1 d7d5 c4d5 d8d5 b1c3 d5c4 f3d2 c4a6 c3d5 a6a5 c2c4 c8f5 d2b3 a5e1 d1e1 e8c8 c1f4 f8d6 f2f3 e4f6 f4d6 d8d6 e1g3 f6d5 g3g7 h8d8 c4d5 d6d5 g7f7 d4d3 h2h4 f5g6 f7e6 c8b8 a1d1 d3d2 h4h5 d5e5 e6e5 c6e5 h5g6 h7g6 d1d2 d8d2 b3d2 e5d3 g2g4 d3b2 g1f2 c7c5 d2e4 b7b6 f2g3 b2d3
Warning; Bestmove does not match beginning of last PV - move c4c6 from SF_2900
Info; info depth 12 seldepth 17 multipv 1 score cp -18 nodes 90961 nps 1318275 hashfull 27 tbhits 0 time 69 pv c4c7 f7g8 c7a7 b2d2 a7a5 d6e4 a5a7 e4c5
Position; fen rnbqkbnr/ppp1pppp/8/3p4/3P4/8/PPP1PPPP/RNBQKBNR w KQkq - 0 2
Moves; c2c4 e7e6 g1f3 g8f6 c1g5 f8e7 b1c3 e8g8 e2e3 b8d7 f1d3 d5c4 d3f1 d7b6 a2a4 c7c5 a4a5 c5d4 e3d4 b6d7 f1c4 a7a6 e1g1 b7b5 a5b6 d7b6 c4e2 c8b7 f3e5 h7h6 g5h4 a6a5 f1e1 f6d5 h4e7 d8e7 e2f3 e7b4 g2g3 a5a4 e1e2 f8b8 e2c2 b4b3 f3h5 b8f8 a1a3 b3b4 c3d5 b6d5 d1d2 b4d2 c2d2 d5b6 a3c3 b7e4 g1f1 a8a7 h2h4 f8b8 c3c5 b6c8 d2e2 c8d6 h5f3 e4f3 e5f3 a7b7 c5c6 d6f5 c6a6 b7b3 f3g1 f5d4 e2e1 b3d3 a6a4 b8b2 a4a8 g8h7 a8d8 e6e5 h4h5 d3a3 e1d1 a3c3 d8f8 c3c2 g1h3 f7f6 f1g1 c2e2 g1f1 b2a2 f1g2 e2b2 d1d3 b2b5 d3c3 d4e6 f8f7 b5c5 c3b3 c5c7 b3b7 c7f7 b7f7 h7g8 f7e7 e6d4 e7c7 d4b5 c7c6 g8f7 c6c5 a2b2 c5c4 b5d6
Warning; Bestmove does not match beginning of last PV - move e3f3 from SF_2800
Info; info depth 26 seldepth 14 multipv 1 score cp 0 nodes 106000 nps 6625000 hashfull 5 tbhits 0 time 16 pv e3e4 b7b6 e4e3 b6b5 e3e2 b5c5 e2f2 c5d5 f2f3 d5c4 f3f2 c4d3 f2f3
Position; fen rnbqkb1r/pppppppp/5n2/8/3P4/8/PPP1PPPP/RNBQKBNR w KQkq - 1 2
Moves; c2c4 g7g6 b1c3 f8g7 g2g3 d7d5 c4d5 f6d5 g1f3 c7c5 c3d5 d8d5 e2e3 b8c6 f1g2 d5c4 d1e2 c4e2 e1e2 c8e6 h1d1 e6c4 e2e1 c6b4 d1d2 c5d4 f3d4 b4d3 e1d1 c4a6 g2f1 d3b2 d1e1 a6f1 c1b2 f1h3 a1c1 e7e5 d4b5 e8g8 b5d6 b7b6 f2f3 h3e6 a2a3 f8d8 g3g4 d8d7 g4g5 h7h6 h2h4 f7f6 d6e4 d7d2 e1d2 f6g5 h4g5 h6h5 c1c7 a8c8 c7a7 e6f5 a7a6 h5h4 a6b6 h4h3 b2c3 c8d8 d2e2 d8f8 a3a4 f8c8 e2d2 h3h2 b6b1 c8c4 b1h1 c4a4 c3b2 f5e4 f3e4 a4e4 h1h2 e4g4 d2d3 g4g5 d3e4 g5g4 e4d3 g6g5 e3e4 g4g3 d3d2 g5g4 d2e1 g8f7 h2e2 f7g6 e1f2 g3d3 e2e3 d3d2 e3e2 d2e2 f2e2 g6g5 e2f2 g5f4 f2g2 g7f6 b2c1 f4e4 g2g3 e4f5 c1b2 f5g5 b2c3 e5e4 c3f6 g5f5 f6d4 e4e3 d4b6 e3e2 b6a5 f5g5 a5e1 g5f5 e1a5 f5g5 a5b4 g5f5 b4d2 f5e4 g3g4 e4d3 d2a5 d3c4 g4f4 c4b5 a5e1 b5b6 f4e3 b6b7
Warning; PV continues after threefold repetition - move f7e7 from HiveChess
Info; info depth 31 score cp 0 nodes 18874757 pv e5d5 e7e8 d5d6 e8d8 e6e7 d8e8 d6d5 e8d7 e7e8q d7e8 d5e4 e8f7 e4d3 f7e7 d3d4 e7e6 d4c4 e6f7 c4d3 f7e7 d3d4 e7e6 d4c4 e6f7 c4d3 f7e7 d3d4 e7e6 d4c4 e6f7 c4d3
Position; fen rnbqkbnr/ppp1pppp/8/3p4/3P4/8/PPP1PPPP/RNBQKBNR w KQkq - 0 2
Moves; c2c4 c7c6 g1f3 e7e6 e2e3 g8f6 f1d3 c6c5 e1g1 d5c4 d3c4 a7a6 d4c5 f8c5 d1d8 e8d8 c1d2 b7b6 f3e5 d8e8 c4e2 b8d7 b2b4 c5e7 e2f3 f6d5 e5d7 c8d7 b1c3 d7c6 c3d5 c6d5 f3d5 e6d5 d2c3 f7f6 f1d1 a8d8 a1c1 e8f7 c3d4 e7b4 d4b6 d8c8 c1b1 a6a5 d1d5 f7e6 b1d1 c8c2 b6a5 b4a5 d5a5 h8d8 d1f1 e6f7 a5a7 f7g6 h2h3 d8d2 a2a4 h7h5 a7e7 c2a2 e7e4 d2d5 g2g3 d5f5 g1g2 f5c5 f1b1 c5f5 e4f4 f5f4 g3f4 a2a4 g2g3 g6f7 b1b7 f7f8 b7b8 f8f7 f4f5 g7g5 b8h8 a4e4 h8h5 e4e5 g3g4 f7g7 h3h4 e5e4 g4f3 e4e5 h4g5 e5f5 f3g3 g7g6 g3g4 f5f2 h5h6 g6g7 h6f6 f2e2 g4f3 e2e1 e3e4 e1f1 f3g4 f1f6 g5f6 g7f6 g4f4 f6e6 e4e5 e6d7 f4f5 d7e7 e5e6 e7e8 f5e5 e8e7
Warning; Bestmove does not match beginning of last PV - move h3g1 from SF_2900
Info; info depth 14 seldepth 21 multipv 1 score cp -16 nodes 301028 nps 1106720 hashfull 98 tbhits 0 time 272 pv c6a6 e6d5 a6a7 b2b7 a7a5 d5e4 h3g1
Position; fen rnbqkbnr/ppp1pppp/8/3p4/3P4/8/PPP1PPPP/RNBQKBNR w KQkq - 0 2
Moves; c2c4 e7e6 g1f3 g8f6 c1g5 f8e7 b1c3 e8g8 e2e3 b8d7 f1d3 d5c4 d3f1 d7b6 a2a4 c7c5 a4a5 c5d4 e3d4 b6d7 f1c4 a7a6 e1g1 b7b5 a5b6 d7b6 c4e2 c8b7 f3e5 h7h6 g5h4 a6a5 f1e1 f6d5 h4e7 d8e7 e2f3 e7b4 g2g3 a5a4 e1e2 f8b8 e2c2 b4b3 f3h5 b8f8 a1a3 b3b4 c3d5 b6d5 d1d2 b4d2 c2d2 d5b6 a3c3 b7e4 g1f1 a8a7 h2h4 f8b8 c3c5 b6c8 d2e2 c8d6 h5f3 e4f3 e5f3 a7b7 c5c6 d6f5 c6a6 b7b3 f3g1 f5d4 e2e1 b3d3 a6a4 b8b2 a4a8 g8h7 a8d8 e6e5 h4h5 d3a3 e1d1 a3c3 d8f8 c3c2 g1h3 f7f6 f1g1 c2e2 g1f1 b2a2 f1g2 e2b2 d1d3 b2b5 d3c3 d4e6 f8f7 b5c5 c3b3 c5c7 b3b7 c7f7 b7f7 h7g8 f7e7 e6d4 e7c7 d4b5 c7c6 g8f7 c6c5 a2b2 c5c4 b5d6 c4c6 f7e6
Warning; PV continues after threefold repetition - move e4d3 from HiveChess
Info; info depth 24 score cp -115 nodes 18433389 pv b7a6 e1g3 a6a7 f3e2 a7b7 g3f2 b7c6 f2e3 c6d5 e3d2 d5d4 e2f3 d4c4 f3e4 c4b5 e4d3 b5c6 d3e4 c6b5 e4d3 b5c6 d3e4 c6b5 e4d3
Position; fen rnbqkb1r/pppppppp/5n2/8/3P4/8/PPP1PPPP/RNBQKBNR w KQkq - 1 2
Moves; c2c4 g7g6 b1c3 f8g7 g2g3 d7d5 c4d5 f6d5 g1f3 c7c5 c3d5 d8d5 e2e3 b8c6 f1g2 d5c4 d1e2 c4e2 e1e2 c8e6 h1d1 e6c4 e2e1 c6b4 d1d2 c5d4 f3d4 b4d3 e1d1 c4a6 g2f1 d3b2 d1e1 a6f1 c1b2 f1h3 a1c1 e7e5 d4b5 e8g8 b5d6 b7b6 f2f3 h3e6 a2a3 f8d8 g3g4 d8d7 g4g5 h7h6 h2h4 f7f6 d6e4 d7d2 e1d2 f6g5 h4g5 h6h5 c1c7 a8c8 c7a7 e6f5 a7a6 h5h4 a6b6 h4h3 b2c3 c8d8 d2e2 d8f8 a3a4 f8c8 e2d2 h3h2 b6b1 c8c4 b1h1 c4a4 c3b2 f5e4 f3e4 a4e4 h1h2 e4g4 d2d3 g4g5 d3e4 g5g4 e4d3 g6g5 e3e4 g4g3 d3d2 g5g4 d2e1 g8f7 h2e2 f7g6 e1f2 g3d3 e2e3 d3d2 e3e2 d2e2 f2e2 g6g5 e2f2 g5f4 f2g2 g7f6 b2c1 f4e4 g2g3 e4f5 c1b2 f5g5 b2c3 e5e4 c3f6 g5f5 f6d4 e4e3 d4b6 e3e2 b6a5 f5g5 a5e1 g5f5 e1a5 f5g5 a5b4 g5f5 b4d2 f5e4 g3g4 e4d3 d2a5 d3c4 g4f4 c4b5 a5e1 b5b6 f4e3 b6b7 e3f3
Warning; Bestmove does not match beginning of last PV - move e1a5 from SF_2800
Info; info depth 31 seldepth 15 multipv 1 score cp 0 nodes 87344 nps 6238857 hashfull 2 tbhits 0 time 14 pv f3e2 a6b5 e1c3 b5c5 e2f3 c5c4 c3a5 c4d5 f3e2 d5d4 a5e1 d4c5 e1a5 c5d4
Position; fen rnbqkb1r/pppppppp/5n2/8/3P4/8/PPP1PPPP/RNBQKBNR w KQkq - 1 2
Moves; c2c4 g7g6 b1c3 f8g7 g2g3 d7d5 c4d5 f6d5 g1f3 c7c5 c3d5 d8d5 e2e3 b8c6 f1g2 d5c4 d1e2 c4e2 e1e2 c8e6 h1d1 e6c4 e2e1 c6b4 d1d2 c5d4 f3d4 b4d3 e1d1 c4a6 g2f1 d3b2 d1e1 a6f1 c1b2 f1h3 a1c1 e7e5 d4b5 e8g8 b5d6 b7b6 f2f3 h3e6 a2a3 f8d8 g3g4 d8d7 g4g5 h7h6 h2h4 f7f6 d6e4 d7d2 e1d2 f6g5 h4g5 h6h5 c1c7 a8c8 c7a7 e6f5 a7a6 h5h4 a6b6 h4h3 b2c3 c8d8 d2e2 d8f8 a3a4 f8c8 e2d2 h3h2 b6b1 c8c4 b1h1 c4a4 c3b2 f5e4 f3e4 a4e4 h1h2 e4g4 d2d3 g4g5 d3e4 g5g4 e4d3 g6g5 e3e4 g4g3 d3d2 g5g4 d2e1 g8f7 h2e2 f7g6 e1f2 g3d3 e2e3 d3d2 e3e2 d2e2 f2e2 g6g5 e2f2 g5f4 f2g2 g7f6 b2c1 f4e4 g2g3 e4f5 c1b2 f5g5 b2c3 e5e4 c3f6 g5f5 f6d4 e4e3 d4b6 e3e2 b6a5 f5g5 a5e1 g5f5 e1a5 f5g5 a5b4 g5f5 b4d2 f5e4 g3g4 e4d3 d2a5 d3c4 g4f4 c4b5 a5e1 b5b6 f4e3 b6b7 e3f3 b7a6
Warning; Bestmove does not match beginning of last PV - move c6c7 from SF_2900
Info; info depth 15 seldepth 16 multipv 1 score cp -32 nodes 344023 nps 1042493 hashfull 114 tbhits 0 time 330 pv c6a6 d6c4 g3g4 e5e4 g2g3 b2b3 g3f4 e4e3 f2e3 c4e3 a6a4 e3g2 f4f5 g2h4 f5f4
Position; fen rnbqkbnr/ppp1pppp/8/3p4/3P4/8/PPP1PPPP/RNBQKBNR w KQkq - 0 2
Moves; c2c4 e7e6 g1f3 g8f6 c1g5 f8e7 b1c3 e8g8 e2e3 b8d7 f1d3 d5c4 d3f1 d7b6 a2a4 c7c5 a4a5 c5d4 e3d4 b6d7 f1c4 a7a6 e1g1 b7b5 a5b6 d7b6 c4e2 c8b7 f3e5 h7h6 g5h4 a6a5 f1e1 f6d5 h4e7 d8e7 e2f3 e7b4 g2g3 a5a4 e1e2 f8b8 e2c2 b4b3 f3h5 b8f8 a1a3 b3b4 c3d5 b6d5 d1d2 b4d2 c2d2 d5b6 a3c3 b7e4 g1f1 a8a7 h2h4 f8b8 c3c5 b6c8 d2e2 c8d6 h5f3 e4f3 e5f3 a7b7 c5c6 d6f5 c6a6 b7b3 f3g1 f5d4 e2e1 b3d3 a6a4 b8b2 a4a8 g8h7 a8d8 e6e5 h4h5 d3a3 e1d1 a3c3 d8f8 c3c2 g1h3 f7f6 f1g1 c2e2 g1f1 b2a2 f1g2 e2b2 d1d3 b2b5 d3c3 d4e6 f8f7 b5c5 c3b3 c5c7 b3b7 c7f7 b7f7 h7g8 f7e7 e6d4 e7c7 d4b5 c7c6 g8f7 c6c5 a2b2 c5c4 b5d6 c4c6 f7e6 h3g1 e6d5
Warning; Bestmove does not match beginning of last PV - move b7b5 from SF_2600
Info; info depth 16 seldepth 31 multipv 1 score cp -70 nodes 815782 nps 711231 hashfull 275 tbhits 0 time 1147 pv e7e5 h2h4 e5d4 f3d4 d7e5 g4g5 h6g5 h4g5 f6g4 f1e2 h8h2 g1f1 h2g2 c1f4 d8b6 d1d2 b6b2 a1b1 b2a3 b1b3 a3a5 c3d1 a5d2 f4d2 a7a5 f2f4
Position; fen rnbqkbnr/pppppppp/8/8/8/2N5/PPPPPPPP/R1BQKBNR b KQkq - 1 1
Moves; g8f6 e2e4 d7d6 d2d4 b8d7 g2g4 h7h6 g1f3 c7c6 h1g1
Warning; PV continues after threefold repetition - move d4c5 from HiveChess
Info; info depth 29 score cp 0 nodes 12731272 pv a6a5 f3e2 a5b5 e2e3 b5c5 e3f4 c5d4 f4f5 d4d5 f5f6 d5c5 f6f5 c5d4 f5e6 d4c5 e6f7 c5d4 f7e6 d4c5 e6f7 c5d4 f7e6 d4c5 e6f7 c5d4 f7e6 d4c5 e6f7 c5d4
Position; fen rnbqkb1r/pppppppp/5n2/8/3P4/8/PPP1PPPP/RNBQKBNR w KQkq - 1 2
Moves; c2c4 g7g6 b1c3 f8g7 g2g3 d7d5 c4d5 f6d5 g1f3 c7c5 c3d5 d8d5 e2e3 b8c6 f1g2 d5c4 d1e2 c4e2 e1e2 c8e6 h1d1 e6c4 e2e1 c6b4 d1d2 c5d4 f3d4 b4d3 e1d1 c4a6 g2f1 d3b2 d1e1 a6f1 c1b2 f1h3 a1c1 e7e5 d4b5 e8g8 b5d6 b7b6 f2f3 h3e6 a2a3 f8d8 g3g4 d8d7 g4g5 h7h6 h2h4 f7f6 d6e4 d7d2 e1d2 f6g5 h4g5 h6h5 c1c7 a8c8 c7a7 e6f5 a7a6 h5h4 a6b6 h4h3 b2c3 c8d8 d2e2 d8f8 a3a4 f8c8 e2d2 h3h2 b6b1 c8c4 b1h1 c4a4 c3b2 f5e4 f3e4 a4e4 h1h2 e4g4 d2d3 g4g5 d3e4 g5g4 e4d3 g6g5 e3e4 g4g3 d3d2 g5g4 d2e1 g8f7 h2e2 f7g6 e1f2 g3d3 e2e3 d3d2 e3e2 d2e2 f2e2 g6g5 e2f2 g5f4 f2g2 g7f6 b2c1 f4e4 g2g3 e4f5 c1b2 f5g5 b2c3 e5e4 c3f6 g5f5 f6d4 e4e3 d4b6 e3e2 b6a5 f5g5 a5e1 g5f5 e1a5 f5g5 a5b4 g5f5 b4d2 f5e4 g3g4 e4d3 d2a5 d3c4 g4f4 c4b5 a5e1 b5b6 f4e3 b6b7 e3f3 b7a6 e1a5
Warning; Bestmove does not match beginning of last PV - move f3f2 from SF_2800
Info; info depth 20 seldepth 12 multipv 1 score cp 0 nodes 380131 nps 4635743 hashfull 35 tbhits 0 time 82 pv f3e2 a5b5 e2f3 b5c5 f3e3 c5b4 e3d2 b4c4 d2e3
Position; fen rnbqkb1r/pppppppp/5n2/8/3P4/8/PPP1PPPP/RNBQKBNR w KQkq - 1 2
Moves; c2c4 g7g6 b1c3 f8g7 g2g3 d7d5 c4d5 f6d5 g1f3 c7c5 c3d5 d8d5 e2e3 b8c6 f1g2 d5c4 d1e2 c4e2 e1e2 c8e6 h1d1 e6c4 e2e1 c6b4 d1d2 c5d4 f3d4 b4d3 e1d1 c4a6 g2f1 d3b2 d1e1 a6f1 c1b2 f1h3 a1c1 e7e5 d4b5 e8g8 b5d6 b7b6 f2f3 h3e6 a2a3 f8d8 g3g4 d8d7 g4g5 h7h6 h2h4 f7f6 d6e4 d7d2 e1d2 f6g5 h4g5 h6h5 c1c7 a8c8 c7a7 e6f5 a7a6 h5h4 a6b6 h4h3 b2c3 c8d8 d2e2 d8f8 a3a4 f8c8 e2d2 h3h2 b6b1 c8c4 b1h1 c4a4 c3b2 f5e4 f3e4 a4e4 h1h2 e4g4 d2d3 g4g5 d3e4 g5g4 e4d3 g6g5 e3e4 g4g3 d3d2 g5g4 d2e1 g8f7 h2e2 f7g6 e1f2 g3d3 e2e3 d3d2 e3e2 d2e2 f2e2 g6g5 e2f2 g5f4 f2g2 g7f6 b2c1 f4e4 g2g3 e4f5 c1b2 f5g5 b2c3 e5e4 c3f6 g5f5 f6d4 e4e3 d4b6 e3e2 b6a5 f5g5 a5e1 g5f5 e1a5 f5g5 a5b4 g5f5 b4d2 f5e4 g3g4 e4d3 d2a5 d3c4 g4f4 c4b5 a5e1 b5b6 f4e3 b6b7 e3f3 b7a6 e1a5 a6a5
Warning; Bestmove does not match beginning of last PV - move c3c6 from SF_2900
Info; info depth 12 seldepth 13 multipv 1 score cp -32 nodes 97925 nps 1208950 hashfull 33 tbhits 0 time 81 pv c3a3 d6e4 g3g4 e4c5 a3a5 c5d3 g1h3 d3e1 g2f1
Position; fen rnbqkbnr/ppp1pppp/8/3p4/3P4/8/PPP1PPPP/RNBQKBNR w KQkq - 0 2
Moves; c2c4 e7e6 g1f3 g8f6 c1g5 f8e7 b1c3 e8g8 e2e3 b8d7 f1d3 d5c4 d3f1 d7b6 a2a4 c7c5 a4a5 c5d4 e3d4 b6d7 f1c4 a7a6 e1g1 b7b5 a5b6 d7b6 c4e2 c8b7 f3e5 h7h6 g5h4 a6a5 f1e1 f6d5 h4e7 d8e7 e2f3 e7b4 g2g3 a5a4 e1e2 f8b8 e2c2 b4b3 f3h5 b8f8 a1a3 b3b4 c3d5 b6d5 d1d2 b4d2 c2d2 d5b6 a3c3 b7e4 g1f1 a8a7 h2h4 f8b8 c3c5 b6c8 d2e2 c8d6 h5f3 e4f3 e5f3 a7b7 c5c6 d6f5 c6a6 b7b3 f3g1 f5d4 e2e1 b3d3 a6a4 b8b2 a4a8 g8h7 a8d8 e6e5 h4h5 d3a3 e1d1 a3c3 d8f8 c3c2 g1h3 f7f6 f1g1 c2e2 g1f1 b2a2 f1g2 e2b2 d1d3 b2b5 d3c3 d4e6 f8f7 b5c5 c3b3 c5c7 b3b7 c7f7 b7f7 h7g8 f7e7 e6d4 e7c7 d4b5 c7c6 g8f7 c6c5 a2b2 c5c4 b5d6 c4c6 f7e6 h3g1 e6d5 c6c7 b2b7 c7c3 d5e6
Warning; PV continues after threefold repetition - move b2c2 from HiveChess
Info; info depth 32 score cp 0 nodes 19387159 pv a5b4 f2e2 b4c5 e2e3 c5c4 e3e4 c4c3 e4e3 c3c2 e3e2 c2b1 e2e1 b1b2 e1e2 b2c2 e2f1 c2b2 f1e2 b2c2 e2f1 c2b2 f1e2 b2c2 e2f1 c2b2 f1e2 b2c2 e2f1 c2b2 f1e2 b2c2 e2f1
Position; fen rnbqkb1r/pppppppp/5n2/8/3P4/8/PPP1PPPP/RNBQKBNR w KQkq - 1 2
Moves; c2c4 g7g6 b1c3 f8g7 g2g3 d7d5 c4d5 f6d5 g1f3 c7c5 c3d5 d8d5 e2e3 b8c6 f1g2 d5c4 d1e2 c4e2 e1e2 c8e6 h1d1 e6c4 e2e1 c6b4 d1d2 c5d4 f3d4 b4d3 e1d1 c4a6 g2f1 d3b2 d1e1 a6f1 c1b2 f1h3 a1c1 e7e5 d4b5 e8g8 b5d6 b7b6 f2f3 h3e6 a2a3 f8d8 g3g4 d8d7 g4g5 h7h6 h2h4 f7f6 d6e4 d7d2 e1d2 f6g5 h4g5 h6h5 c1c7 a8c8 c7a7 e6f5 a7a6 h5h4 a6b6 h4h3 b2c3 c8d8 d2e2 d8f8 a3a4 f8c8 e2d2 h3h2 b6b1 c8c4 b1h1 c4a4 c3b2 f5e4 f3e4 a4e4 h1h2 e4g4 d2d3 g4g5 d3e4 g5g4 e4d3 g6g5 e3e4 g4g3 d3d2 g5g4 d2e1 g8f7 h2e2 f7g6 e1f2 g3d3 e2e3 d3d2 e3e2 d2e2 f2e2 g6g5 e2f2 g5f4 f2g2 g7f6 b2c1 f4e4 g2g3 e4f5 c1b2 f5g5 b2c3 e5e4 c3f6 g5f5 f6d4 e4e3 d4b6 e3e2 b6a5 f5g5 a5e1 g5f5 e1a5 f5g5 a5b4 g5f5 b4d2 f5e4 g3g4 e4d3 d2a5 d3c4 g4f4 c4b5 a5e1 b5b6 f4e3 b6b7 e3f3 b7a6 e1a5 a6a5 f3f2
Warning; Bestmove does not match beginning of last PV - move f2e1 from SF_2800
Info; info depth 18 seldepth 7 multipv 1 score cp 0 nodes 407171 nps 4680126 hashfull 22 tbhits 0 time 87 pv f2e2 b4c3 e2e3 c3c4 e3e4 c4c3
Position; fen rnbqkb1r/pppppppp/5n2/8/3P4/8/PPP1PPPP/RNBQKBNR w KQkq - 1 2
Moves; c2c4 g7g6 b1c3 f8g7 g2g3 d7d5 c4d5 f6d5 g1f3 c7c5 c3d5 d8d5 e2e3 b8c6 f1g2 d5c4 d1e2 c4e2 e1e2 c8e6 h1d1 e6c4 e2e1 c6b4 d1d2 c5d4 f3d4 b4d3 e1d1 c4a6 g2f1 d3b2 d1e1 a6f1 c1b2 f1h3 a1c1 e7e5 d4b5 e8g8 b5d6 b7b6 f2f3 h3e6 a2a3 f8d8 g3g4 d8d7 g4g5 h7h6 h2h4 f7f6 d6e4 d7d2 e1d2 f6g5 h4g5 h6h5 c1c7 a8c8 c7a7 e6f5 a7a6 h5h4 a6b6 h4h3 b2c3 c8d8 d2e2 d8f8 a3a4 f8c8 e2d2 h3h2 b6b1 c8c4 b1h1 c4a4 c3b2 f5e4 f3e4 a4e4 h1h2 e4g4 d2d3 g4g5 d3e4 g5g4 e4d3 g6g5 e3e4 g4g3 d3d2 g5g4 d2e1 g8f7 h2e2 f7g6 e1f2 g3d3 e2e3 d3d2 e3e2 d2e2 f2e2 g6g5 e2f2 g5f4 f2g2 g7f6 b2c1 f4e4 g2g3 e4f5 c1b2 f5g5 b2c3 e5e4 c3f6 g5f5 f6d4 e4e3 d4b6 e3e2 b6a5 f5g5 a5e1 g5f5 e1a5 f5g5 a5b4 g5f5 b4d2 f5e4 g3g4 e4d3 d2a5 d3c4 g4f4 c4b5 a5e1 b5b6 f4e3 b6b7 e3f3 b7a6 e1a5 a6a5 f3f2 a5b4
Warning; Bestmove does not match beginning of last PV - move c3e4 from SF_3000
Info; info depth 10 seldepth 27 multipv 1 score cp -39 nodes 43056 nps 1435200 hashfull 16 tbhits 0 time 30 pv f5f6 d3e5 g3f4 e5f7 c3e4 c6d5 e4g5 f7e5 f6f7 e5d7
Position; fen rnbqkbnr/pppppppp/8/8/4P3/8/PPPP1PPP/RNBQKBNR b KQkq - 0 1
Moves; e7e5 g1f3 b8c6 d2d4 e5d4 f1c4 g8f6 e1g1 f6e4 f1e1 d7d5 c4d5 d8d5 b1c3 d5c4 f3d2 c4a6 c3d5 a6a5 c2c4 c8f5 d2b3 a5e1 d1e1 e8c8 c1f4 f8d6 f2f3 e4f6 f4d6 d8d6 e1g3 f6d5 g3g7 h8d8 c4d5 d6d5 g7f7 d4d3 h2h4 f5g6 f7e6 c8b8 a1d1 d3d2 h4h5 d5e5 e6e5 c6e5 h5g6 h7g6 d1d2 d8d2 b3d2 e5d3 g2g4 d3b2 g1f2 c7c5 d2e4 b7b6 f2g3 b2d3 f3f4 b8c7 e4c3 c7c6 f4f5 g6f5 g4f5 b6b5
Warning; Bestmove does not match beginning of last PV - move e2g1 from SF_2900
Info; info depth 10 seldepth 13 multipv 1 score cp -27 nodes 29117 nps 1323500 hashfull 7 tbhits 0 time 22 pv g2f1 e6d7 c6b6 d7c7 b6b4 c7c6 b4b8 d6e4 g3g4 e4d6 b8g8
Position; fen rnbqkbnr/ppp1pppp/8/3p4/3P4/8/PPP1PPPP/RNBQKBNR w KQkq - 0 2
Moves; c2c4 e7e6 g1f3 g8f6 c1g5 f8e7 b1c3 e8g8 e2e3 b8d7 f1d3 d5c4 d3f1 d7b6 a2a4 c7c5 a4a5 c5d4 e3d4 b6d7 f1c4 a7a6 e1g1 b7b5 a5b6 d7b6 c4e2 c8b7 f3e5 h7h6 g5h4 a6a5 f1e1 f6d5 h4e7 d8e7 e2f3 e7b4 g2g3 a5a4 e1e2 f8b8 e2c2 b4b3 f3h5 b8f8 a1a3 b3b4 c3d5 b6d5 d1d2 b4d2 c2d2 d5b6 a3c3 b7e4 g1f1 a8a7 h2h4 f8b8 c3c5 b6c8 d2e2 c8d6 h5f3 e4f3 e5f3 a7b7 c5c6 d6f5 c6a6 b7b3 f3g1 f5d4 e2e1 b3d3 a6a4 b8b2 a4a8 g8h7 a8d8 e6e5 h4h5 d3a3 e1d1 a3c3 d8f8 c3c2 g1h3 f7f6 f1g1 c2e2 g1f1 b2a2 f1g2 e2b2 d1d3 b2b5 d3c3 d4e6 f8f7 b5c5 c3b3 c5c7 b3b7 c7f7 b7f7 h7g8 f7e7 e6d4 e7c7 d4b5 c7c6 g8f7 c6c5 a2b2 c5c4 b5d6 c4c6 f7e6 h3g1 e6d5 c6c7 b2b7 c7c3 d5e6 c3c6 b7a7 g1e2 a7a2
Warning; Bestmove does not match beginning of last PV - move d6e5 from SF_2600
Info; info depth 17 seldepth 39 multipv 1 score cp -100 nodes 690499 nps 776714 hashfull 241 tbhits 0 time 889 pv f6d5 e5e6 d7f6 e6f7 e8f7 d1d3 d8e8 e2f4 d5f4 c1f4 g7g5 f4d2 e7e5 d4e5 d6e5 e1c1
Position; fen rnbqkbnr/pppppppp/8/8/8/2N5/PPPPPPPP/R1BQKBNR b KQkq - 1 1
Moves; g8f6 e2e4 d7d6 d2d4 b8d7 g2g4 h7h6 g1f3 c7c6 h1g1 b7b5 e4e5 b5b4 c3e2
Warning; Bestmove does not match beginning of last PV - move e8f7 from SF_2900
Info; info depth 37 seldepth 36 multipv 1 score cp 0 nodes 506451 nps 7913296 hashfull 6 tbhits 0 time 64 pv e8e7 d5c6 e7e6 c6b6 e6d7 b6a5 d7d6 a5b4 d6e5 b4b5 e5d5 b5b4 d5e6 b4c4 e6e7 c4d4 e7d7 d4e5 d7e8 e5e6 e8f8 e6d6 f8f7 d6c5 f7e8
Position; fen rnbqkbnr/ppp1pppp/8/3p4/3P4/8/PPP1PPPP/RNBQKBNR w KQkq - 0 2
Moves; c2c4 c7c6 g1f3 e7e6 e2e3 g8f6 f1d3 c6c5 e1g1 d5c4 d3c4 a7a6 d4c5 f8c5 d1d8 e8d8 c1d2 b7b6 f3e5 d8e8 c4e2 b8d7 b2b4 c5e7 e2f3 f6d5 e5d7 c8d7 b1c3 d7c6 c3d5 c6d5 f3d5 e6d5 d2c3 f7f6 f1d1 a8d8 a1c1 e8f7 c3d4 e7b4 d4b6 d8c8 c1b1 a6a5 d1d5 f7e6 b1d1 c8c2 b6a5 b4a5 d5a5 h8d8 d1f1 e6f7 a5a7 f7g6 h2h3 d8d2 a2a4 h7h5 a7e7 c2a2 e7e4 d2d5 g2g3 d5f5 g1g2 f5c5 f1b1 c5f5 e4f4 f5f4 g3f4 a2a4 g2g3 g6f7 b1b7 f7f8 b7b8 f8f7 f4f5 g7g5 b8h8 a4e4 h8h5 e4e5 g3g4 f7g7 h3h4 e5e4 g4f3 e4e5 h4g5 e5f5 f3g3 g7g6 g3g4 f5f2 h5h6 g6g7 h6f6 f2e2 g4f3 e2e1 e3e4 e1f1 f3g4 f1f6 g5f6 g7f6 g4f4 f6e6 e4e5 e6d7 f4f5 d7e7 e5e6 e7e8 f5e5 e8e7 e5d5 e7e8 d5d6 e8d8 e6e7 d8e8 d6d5
Warning; PV continues after threefold repetition - move e3e4 from HiveChess
Info; info depth 31 score cp 0 nodes 18848577 pv b4a5 e1f2 a5b4 f2e2 b4c5 e2e3 c5c4 e3e4 c4c3 e4e3 c3c4 e3e4 c4c3 e4e3 c3c4 e3e4 c4c3 e4e3 c3c4 e3e4 c4c3 e4e3 c3c4 e3e4 c4c3 e4e3 c3c4 e3e4 c4c3 e4e3 c3c4
Position; fen rnbqkb1r/pppppppp/5n2/8/3P4/8/PPP1PPPP/RNBQKBNR w KQkq - 1 2
Moves; c2c4 g7g6 b1c3 f8g7 g2g3 d7d5 c4d5 f6d5 g1f3 c7c5 c3d5 d8d5 e2e3 b8c6 f1g2 d5c4 d1e2 c4e2 e1e2 c8e6 h1d1 e6c4 e2e1 c6b4 d1d2 c5d4 f3d4 b4d3 e1d1 c4a6 g2f1 d3b2 d1e1 a6f1 c1b2 f1h3 a1c1 e7e5 d4b5 e8g8 b5d6 b7b6 f2f3 h3e6 a2a3 f8d8 g3g4 d8d7 g4g5 h7h6 h2h4 f7f6 d6e4 d7d2 e1d2 f6g5 h4g5 h6h5 c1c7 a8c8 c7a7 e6f5 a7a6 h5h4 a6b6 h4h3 b2c3 c8d8 d2e2 d8f8 a3a4 f8c8 e2d2 h3h2 b6b1 c8c4 b1h1 c4a4 c3b2 f5e4 f3e4 a4e4 h1h2 e4g4 d2d3 g4g5 d3e4 g5g4 e4d3 g6g5 e3e4 g4g3 d3d2 g5g4 d2e1 g8f7 h2e2 f7g6 e1f2 g3d3 e2e3 d3d2 e3e2 d2e2 f2e2 g6g5 e2f2 g5f4 f2g2 g7f6 b2c1 f4e4 g2g3 e4f5 c1b2 f5g5 b2c3 e5e4 c3f6 g5f5 f6d4 e4e3 d4b6 e3e2 b6a5 f5g5 a5e1 g5f5 e1a5 f5g5 a5b4 g5f5 b4d2 f5e4 g3g4 e4d3 d2a5 d3c4 g4f4 c4b5 a5e1 b5b6 f4e3 b6b7 e3f3 b7a6 e1a5 a6a5 f3f2 a5b4 f2e1
Warning; Bestmove does not match beginning of last PV - move e1d2 from SF_2800
Info; info depth 27 seldepth 12 multipv 1 score cp 0 nodes 43142 nps 5392750 hashfull 1 tbhits 0 time 8 pv e1e2 a5b5 e2d3 b5b4 d3d4 b4b3 d4d3
Position; fen rnbqkb1r/pppppppp/5n2/8/3P4/8/PPP1PPPP/RNBQKBNR w KQkq - 1 2
Moves; c2c4 g7g6 b1c3 f8g7 g2g3 d7d5 c4d5 f6d5 g1f3 c7c5 c3d5 d8d5 e2e3 b8c6 f1g2 d5c4 d1e2 c4e2 e1e2 c8e6 h1d1 e6c4 e2e1 c6b4 d1d2 c5d4 f3d4 b4d3 e1d1 c4a6 g2f1 d3b2 d1e1 a6f1 c1b2 f1h3 a1c1 e7e5 d4b5 e8g8 b5d6 b7b6 f2f3 h3e6 a2a3 f8d8 g3g4 d8d7 g4g5 h7h6 h2h4 f7f6 d6e4 d7d2 e1d2 f6g5 h4g5 h6h5 c1c7 a8c8 c7a7 e6f5 a7a6 h5h4 a6b6 h4h3 b2c3 c8d8 d2e2 d8f8 a3a4 f8c8 e2d2 h3h2 b6b1 c8c4 b1h1 c4a4 c3b2 f5e4 f3e4 a4e4 h1h2 e4g4 d2d3 g4g5 d3e4 g5g4 e4d3 g6g5 e3e4 g4g3 d3d2 g5g4 d2e1 g8f7 h2e2 f7g6 e1f2 g3d3 e2e3 d3d2 e3e2 d2e2 f2e2 g6g5 e2f2 g5f4 f2g2 g7f6 b2c1 f4e4 g2g3 e4f5 c1b2 f5g5 b2c3 e5e4 c3f6 g5f5 f6d4 e4e3 d4b6 e3e2 b6a5 f5g5 a5e1 g5f5 e1a5 f5g5 a5b4 g5f5 b4d2 f5e4 g3g4 e4d3 d2a5 d3c4 g4f4 c4b5 a5e1 b5b6 f4e3 b6b7 e3f3 b7a6 e1a5 a6a5 f3f2 a5b4 f2e1 b4a5
Warning; Bestmove does not match beginning of last PV - move g3f3 from SF_3000
Info; info depth 11 seldepth 24 multipv 1 score cp -46 nodes 50470 nps 1328157 hashfull 12 tbhits 0 time 38 pv f5f6 c6d7 g3f3 b5b4 f3e3 d3c1 e3d4 c4c3 f6f7 d7e7 e4c3 b4c3 d4c3 c1a2 c3c4
Position; fen rnbqkbnr/pppppppp/8/8/4P3/8/PPPP1PPP/RNBQKBNR b KQkq - 0 1
Moves; e7e5 g1f3 b8c6 d2d4 e5d4 f1c4 g8f6 e1g1 f6e4 f1e1 d7d5 c4d5 d8d5 b1c3 d5c4 f3d2 c4a6 c3d5 a6a5 c2c4 c8f5 d2b3 a5e1 d1e1 e8c8 c1f4 f8d6 f2f3 e4f6 f4d6 d8d6 e1g3 f6d5 g3g7 h8d8 c4d5 d6d5 g7f7 d4d3 h2h4 f5g6 f7e6 c8b8 a1d1 d3d2 h4h5 d5e5 e6e5 c6e5 h5g6 h7g6 d1d2 d8d2 b3d2 e5d3 g2g4 d3b2 g1f2 c7c5 d2e4 b7b6 f2g3 b2d3 f3f4 b8c7 e4c3 c7c6 f4f5 g6f5 g4f5 b6b5 c3e4 c5c4
Warning; PV continues after threefold repetition - move e3d4 from HiveChess
Info; info depth 31 score cp 0 nodes 13242613 pv a5b5 d2e2 b5c5 e2e3 c5c4 e3e4 c4c3 e4e3 c3b3 e3d4 b3b4 d4d3 b4a3 d3e4 a3a2 e4e3 a2b3 e3d4 b3b4 d4d3 b4a3 d3e4 a3a2 e4e3 a2b3 e3d4 b3b4 d4d3 b4a3 d3e4 a3a2
Position; fen rnbqkb1r/pppppppp/5n2/8/3P4/8/PPP1PPPP/RNBQKBNR w KQkq - 1 2
Moves; c2c4 g7g6 b1c3 f8g7 g2g3 d7d5 c4d5 f6d5 g1f3 c7c5 c3d5 d8d5 e2e3 b8c6 f1g2 d5c4 d1e2 c4e2 e1e2 c8e6 h1d1 e6c4 e2e1 c6b4 d1d2 c5d4 f3d4 b4d3 e1d1 c4a6 g2f1 d3b2 d1e1 a6f1 c1b2 f1h3 a1c1 e7e5 d4b5 e8g8 b5d6 b7b6 f2f3 h3e6 a2a3 f8d8 g3g4 d8d7 g4g5 h7h6 h2h4 f7f6 d6e4 d7d2 e1d2 f6g5 h4g5 h6h5 c1c7 a8c8 c7a7 e6f5 a7a6 h5h4 a6b6 h4h3 b2c3 c8d8 d2e2 d8f8 a3a4 f8c8 e2d2 h3h2 b6b1 c8c4 b1h1 c4a4 c3b2 f5e4 f3e4 a4e4 h1h2 e4g4 d2d3 g4g5 d3e4 g5g4 e4d3 g6g5 e3e4 g4g3 d3d2 g5g4 d2e1 g8f7 h2e2 f7g6 e1f2 g3d3 e2e3 d3d2 e3e2 d2e2 f2e2 g6g5 e2f2 g5f4 f2g2 g7f6 b2c1 f4e4 g2g3 e4f5 c1b2 f5g5 b2c3 e5e4 c3f6 g5f5 f6d4 e4e3 d4b6 e3e2 b6a5 f5g5 a5e1 g5f5 e1a5 f5g5 a5b4 g5f5 b4d2 f5e4 g3g4 e4d3 d2a5 d3c4 g4f4 c4b5 a5e1 b5b6 f4e3 b6b7 e3f3 b7a6 e1a5 a6a5 f3f2 a5b4 f2e1 b4a5 e1d2
Warning; Bestmove does not match beginning of last PV - move d2e2 from SF_2800
Info; info depth 20 seldepth 20 multipv 1 score cp 0 nodes 235734 nps 4209535 hashfull 17 tbhits 0 time 56 pv d2e1 b5c5 e1e2 c5c4 e2e3 c4c3 e3e4 c3c2 e4f4 c2d2 f4f3 d2d3 f3f2 d3d4 f2e2 d4e4 e2f2
Position; fen rnbqkb1r/pppppppp/5n2/8/3P4/8/PPP1PPPP/RNBQKBNR w KQkq - 1 2
Moves; c2c4 g7g6 b1c3 f8g7 g2g3 d7d5 c4d5 f6d5 g1f3 c7c5 c3d5 d8d5 e2e3 b8c6 f1g2 d5c4 d1e2 c4e2 e1e2 c8e6 h1d1 e6c4 e2e1 c6b4 d1d2 c5d4 f3d4 b4d3 e1d1 c4a6 g2f1 d3b2 d1e1 a6f1 c1b2 f1h3 a1c1 e7e5 d4b5 e8g8 b5d6 b7b6 f2f3 h3e6 a2a3 f8d8 g3g4 d8d7 g4g5 h7h6 h2h4 f7f6 d6e4 d7d2 e1d2 f6g5 h4g5 h6h5 c1c7 a8c8 c7a7 e6f5 a7a6 h5h4 a6b6 h4h3 b2c3 c8d8 d2e2 d8f8 a3a4 f8c8 e2d2 h3h2 b6b1 c8c4 b1h1 c4a4 c3b2 f5e4 f3e4 a4e4 h1h2 e4g4 d2d3 g4g5 d3e4 g5g4 e4d3 g6g5 e3e4 g4g3 d3d2 g5g4 d2e1 g8f7 h2e2 f7g6 e1f2 g3d3 e2e3 d3d2 e3e2 d2e2 f2e2 g6g5 e2f2 g5f4 f2g2 g7f6 b2c1 f4e4 g2g3 e4f5 c1b2 f5g5 b2c3 e5e4 c3f6 g5f5 f6d4 e4e3 d4b6 e3e2 b6a5 f5g5 a5e1 g5f5 e1a5 f5g5 a5b4 g5f5 b4d2 f5e4 g3g4 e4d3 d2a5 d3c4 g4f4 c4b5 a5e1 b5b6 f4e3 b6b7 e3f3 b7a6 e1a5 a6a5 f3f2 a5b4 f2e1 b4a5 e1d2 a5b5
Finished game 16 (SF_2800 vs HiveChess): 1/2-1/2 {Draw by insufficient mating material}
Started game 22 of 1000 (SF_2600 vs HiveChess)
Finished game 17 (HiveChess vs SF_2900): 1/2-1/2 {Draw by insufficient mating material}
Started game 23 of 1000 (HiveChess vs SF_2700)
Warning; Bestmove does not match beginning of last PV - move d7c5 from SF_2600
Info; info depth 18 seldepth 34 multipv 1 score cp -178 nodes 1402351 nps 670339 hashfull 510 tbhits 0 time 2092 pv d7f6 e6f7 e8f7 e2d4 d8d6 d4c6 f6d7 c6a5 g7g5 h2h4 d6e6 f1e2 f8g7
Position; fen rnbqkbnr/pppppppp/8/8/8/2N5/PPPPPPPP/R1BQKBNR b KQkq - 1 1
Moves; g8f6 e2e4 d7d6 d2d4 b8d7 g2g4 h7h6 g1f3 c7c6 h1g1 b7b5 e4e5 b5b4 c3e2 d6e5 d4e5 f6d5 e5e6
Warning; Bestmove does not match beginning of last PV - move d7d6 from SF_2700
Info; info depth 16 seldepth 24 multipv 1 score cp 10 nodes 533321 nps 728580 hashfull 180 tbhits 0 time 732 pv e5d4 g1f3 f8b4 c1d2 d8e7 f1e2 g8f6 f3d4 f6e4 d4f5 e7f6
Position; fen rnbqkbnr/pppp1ppp/8/4p3/3PP3/8/PPP2PPP/RNBQKBNR b KQkq - 0 2
Moves; 
Warning; Bestmove does not match beginning of last PV - move e4f2 from SF_3000
Info; info depth 11 seldepth 21 multipv 1 score cp -108 nodes 74774 nps 1311824 hashfull 19 tbhits 0 time 57 pv e4f6 c5d7 f6g4 c6c5 f5f6 c5b4 f6f7
Position; fen rnbqkbnr/pppppppp/8/8/4P3/8/PPPP1PPP/RNBQKBNR b KQkq - 0 1
Moves; e7e5 g1f3 b8c6 d2d4 e5d4 f1c4 g8f6 e1g1 f6e4 f1e1 d7d5 c4d5 d8d5 b1c3 d5c4 f3d2 c4a6 c3d5 a6a5 c2c4 c8f5 d2b3 a5e1 d1e1 e8c8 c1f4 f8d6 f2f3 e4f6 f4d6 d8d6 e1g3 f6d5 g3g7 h8d8 c4d5 d6d5 g7f7 d4d3 h2h4 f5g6 f7e6 c8b8 a1d1 d3d2 h4h5 d5e5 e6e5 c6e5 h5g6 h7g6 d1d2 d8d2 b3d2 e5d3 g2g4 d3b2 g1f2 c7c5 d2e4 b7b6 f2g3 b2d3 f3f4 b8c7 e4c3 c7c6 f4f5 g6f5 g4f5 b6b5 c3e4 c5c4 g3f3 d3c5
Warning; Bestmove does not match beginning of last PV - move e2e4 from SF_2600
Info; info depth 16 seldepth 21 multipv 1 score cp -9 nodes 941509 nps 743101 hashfull 327 tbhits 0 time 1267 pv d2d4 g8f6 c1f4 a7a6 e2e3 e7e6 g2g4 f8b4 f1g2 c7c5 d4c5 b8c6 g4g5 f6d7 g1f3 d7c5 e1g1 e8g8 c3e2 c5e4
Position; fen rnbqkbnr/pppppppp/8/8/8/2N5/PPPPPPPP/R1BQKBNR b KQkq - 1 1
Moves; d7d5
Warning; Bestmove does not match beginning of last PV - move g7g5 from SF_2600
Info; info depth 17 seldepth 19 multipv 1 score cp -180 nodes 659430 nps 691226 hashfull 252 tbhits 0 time 954 pv d8c7 f1c4 e7e6 g4g5 d5b6 c4b3 h6g5 f3g5 f7g8 d1f3 c5b3 a2b3 b6d5
Position; fen rnbqkbnr/pppppppp/8/8/8/2N5/PPPPPPPP/R1BQKBNR b KQkq - 1 1
Moves; g8f6 e2e4 d7d6 d2d4 b8d7 g2g4 h7h6 g1f3 c7c6 h1g1 b7b5 e4e5 b5b4 c3e2 d6e5 d4e5 f6d5 e5e6 d7c5 e6f7 e8f7 e2d4
Warning; Bestmove does not match beginning of last PV - move b8c6 from SF_2700
Info; info depth 16 seldepth 20 multipv 1 score cp -59 nodes 613160 nps 745030 hashfull 226 tbhits 0 time 823 pv b8d7 f1c4 f8e7 e1g1 e8g8 h2h3 e5d4 f3d4 f8e8 a2a4 h7h6 c1f4 e7f8 f1e1 a7a5 c4a2 c7c6 d1d3 d8b6
Position; fen rnbqkbnr/pppp1ppp/8/4p3/3PP3/8/PPP2PPP/RNBQKBNR b KQkq - 0 2
Moves; d7d6 g1f3 g8f6 b1c3
Warning; Bestmove does not match beginning of last PV - move e7e6 from SF_2600
Info; info depth 18 seldepth 36 multipv 1 score cp -209 nodes 1043274 nps 747866 hashfull 397 tbhits 0 time 1395 pv d8d6 d4b5 d6e6 c1e3 f8g7 b5c7 e6d6 c7d5 c8e6 d5e7 f7e7 d1e2 e6c4 e2c4 c5a4 f3d4 a4b2 d4f5 e7d8 c4f7 g7c3 e1e2 d6d5
Position; fen rnbqkbnr/pppppppp/8/8/8/2N5/PPPPPPPP/R1BQKBNR b KQkq - 1 1
Moves; g8f6 e2e4 d7d6 d2d4 b8d7 g2g4 h7h6 g1f3 c7c6 h1g1 b7b5 e4e5 b5b4 c3e2 d6e5 d4e5 f6d5 e5e6 d7c5 e6f7 e8f7 e2d4 g7g5 f1c4
Warning; Bestmove does not match beginning of last PV - move c8d7 from SF_2700
Info; info depth 16 seldepth 23 multipv 1 score cp -57 nodes 695922 nps 720416 hashfull 254 tbhits 0 time 966 pv e5d4 f3d4 c8d7 b5c6 b7c6 d1f3 f8e7 e4e5 f6d5 d4c6 d7c6 c3d5 d8d7 c1f4 d6e5 e1c1 f7f6 f3b3 e7d6
Position; fen rnbqkbnr/pppp1ppp/8/4p3/3PP3/8/PPP2PPP/RNBQKBNR b KQkq - 0 2
Moves; d7d6 g1f3 g8f6 b1c3 b8c6 f1b5
Warning; Bestmove does not match beginning of last PV - move d8d6 from SF_2600
Info; info depth 18 seldepth 31 multipv 1 score cp -214 nodes 1083822 nps 703323 hashfull 406 tbhits 0 time 1541 pv d5b6 c4e2 f8g7 a2a3 b4a3 a1a3 g7f6 b2b4 c5a4 d4c6 d8d1 e2d1 c8b7 f3e5 f7g7 c2c4 b7c6 e5c6 f6b2 d1a4
Position; fen rnbqkbnr/pppppppp/8/8/8/2N5/PPPPPPPP/R1BQKBNR b KQkq - 1 1
Moves; g8f6 e2e4 d7d6 d2d4 b8d7 g2g4 h7h6 g1f3 c7c6 h1g1 b7b5 e4e5 b5b4 c3e2 d6e5 d4e5 f6d5 e5e6 d7c5 e6f7 e8f7 e2d4 g7g5 f1c4 e7e6 h2h4
Warning; Bestmove does not match beginning of last PV - move f7e8 from SF_2600
Info; info depth 17 seldepth 26 multipv 1 score cp -233 nodes 453357 nps 725371 hashfull 163 tbhits 0 time 625 pv d5b6 c4d3 e6e5 d4f5 c8f5 d3f5 d6d1 e1d1 h6g5 f3g5 f7g7 d1e2 f8e7 c1d2 b6d5 g1h1
Position; fen rnbqkbnr/pppppppp/8/8/8/2N5/PPPPPPPP/R1BQKBNR b KQkq - 1 1
Moves; g8f6 e2e4 d7d6 d2d4 b8d7 g2g4 h7h6 g1f3 c7c6 h1g1 b7b5 e4e5 b5b4 c3e2 d6e5 d4e5 f6d5 e5e6 d7c5 e6f7 e8f7 e2d4 g7g5 f1c4 e7e6 h2h4 d8d6 h4g5
Warning; Bestmove does not match beginning of last PV - move a7a6 from SF_2700
Info; info depth 18 seldepth 42 multipv 1 score cp -99 nodes 1793843 nps 694480 hashfull 597 tbhits 0 time 2583 pv e5d4 f3d4 f8e7 f2f3 f6d7 c1e3 e7f6 e1c1 f6d4 e3d4 d8e7 h1e1 e8g8 c1b1 a8e8 g2g3 a7a5 a2a4
Position; fen rnbqkbnr/pppp1ppp/8/4p3/3PP3/8/PPP2PPP/RNBQKBNR b KQkq - 0 2
Moves; d7d6 g1f3 g8f6 b1c3 b8c6 f1b5 c8d7 b5c6 d7c6 d1d3
Warning; Bestmove does not match beginning of last PV - move d1e2 from SF_2600
Info; info depth 16 seldepth 37 multipv 1 score cp -63 nodes 640088 nps 735733 hashfull 231 tbhits 0 time 870 pv d2c4 d8c7 a2a4 h7h6 h2h4 b7b6 g2g3 f8e7 b2b3 e8g8 c1d2 c8e6 f1h3 e6h3 h1h3 f6d7 g3g4 a7a6 g4g5
Position; fen rnbqkbnr/pppppppp/8/8/8/2N5/PPPPPPPP/R1BQKBNR b KQkq - 1 1
Moves; d7d5 e2e4 d5d4 c3b1 g8f6 d2d3 c7c5 g1f3 b8c6 b1d2 e7e5
Warning; Bestmove does not match beginning of last PV - move d6e5 from SF_2700
Info; info depth 16 seldepth 36 multipv 1 score cp -112 nodes 410080 nps 760816 hashfull 154 tbhits 0 time 539 pv f6g4 c1f4 d6e5 f3e5 g4e5 f4e5 d8d3 c2d3 e8c8 e1e2 d8e8 e5d4 h7h5 h2h4 f7f5 f2f3 h8h6 a1c1
Position; fen rnbqkbnr/pppp1ppp/8/4p3/3PP3/8/PPP2PPP/RNBQKBNR b KQkq - 0 2
Moves; d7d6 g1f3 g8f6 b1c3 b8c6 f1b5 c8d7 b5c6 d7c6 d1d3 a7a6 d4e5
Warning; Bestmove does not match beginning of last PV - move b1c1 from SF_2900
Info; info depth 11 seldepth 21 multipv 1 score cp -288 nodes 44066 nps 1259028 hashfull 11 tbhits 0 time 35 pv g2h2 d5e4 f3d2 e4d3 d2f3 c2d4 f3e1 d3c3 g3g4 a2a3
Position; fen rnbqkbnr/ppp1pppp/8/3p4/3P4/8/PPP1PPPP/RNBQKBNR w KQkq - 0 2
Moves; c2c4 e7e6 g1f3 g8f6 c1g5 f8e7 b1c3 e8g8 e2e3 b8d7 f1d3 d5c4 d3f1 d7b6 a2a4 c7c5 a4a5 c5d4 e3d4 b6d7 f1c4 a7a6 e1g1 b7b5 a5b6 d7b6 c4e2 c8b7 f3e5 h7h6 g5h4 a6a5 f1e1 f6d5 h4e7 d8e7 e2f3 e7b4 g2g3 a5a4 e1e2 f8b8 e2c2 b4b3 f3h5 b8f8 a1a3 b3b4 c3d5 b6d5 d1d2 b4d2 c2d2 d5b6 a3c3 b7e4 g1f1 a8a7 h2h4 f8b8 c3c5 b6c8 d2e2 c8d6 h5f3 e4f3 e5f3 a7b7 c5c6 d6f5 c6a6 b7b3 f3g1 f5d4 e2e1 b3d3 a6a4 b8b2 a4a8 g8h7 a8d8 e6e5 h4h5 d3a3 e1d1 a3c3 d8f8 c3c2 g1h3 f7f6 f1g1 c2e2 g1f1 b2a2 f1g2 e2b2 d1d3 b2b5 d3c3 d4e6 f8f7 b5c5 c3b3 c5c7 b3b7 c7f7 b7f7 h7g8 f7e7 e6d4 e7c7 d4b5 c7c6 g8f7 c6c5 a2b2 c5c4 b5d6 c4c6 f7e6 h3g1 e6d5 c6c7 b2b7 c7c3 d5e6 c3c6 b7a7 g1e2 a7a2 e2g1 e6d7 c6b6 e5e4 g1h3 e4e3 b6b4 e3e2 b4b1 d6f5 h3g1 d7d6 g2f3 f5d4 f3g2 d6d5 g1f3 d4c2
Warning; Bestmove does not match beginning of last PV - move d8d6 from SF_2700
Info; info depth 21 seldepth 36 multipv 1 score cp -182 nodes 1704563 nps 763009 hashfull 606 tbhits 0 time 2234 pv c6d7 e5d7 d8d7 c1f4 e8c8 e1c1 d7d3 d1d3 f8e7 f2f3 h8g8 h1d1 g7g5 f4e5 d8e8 e5f6 e7f6 c3d5 f6g7 d5e3 h7h5 e3f5
Position; fen rnbqkbnr/pppp1ppp/8/4p3/3PP3/8/PPP2PPP/RNBQKBNR b KQkq - 0 2
Moves; d7d6 g1f3 g8f6 b1c3 b8c6 f1b5 c8d7 b5c6 d7c6 d1d3 a7a6 d4e5 d6e5 f3e5
Warning; Bestmove does not match beginning of last PV - move g4f2 from SF_3000
Info; info depth 21 seldepth 43 multipv 1 score cp -15 nodes 3471170 nps 1704059 hashfull 612 tbhits 0 time 2037 pv g4e3 a7a5 d4c4 f7e6 a2a3 d7b6 c4b3 b4a3 b3c3 b6d5 e3d5 a3a2 c3b2 a2a1q b2a1 e6d5 a1b2 d5c4 b2a3 c4b5 a3b3 a5a4 b3c3 b5c5 c3b2 c5b4
Position; fen rnbqkbnr/pppppppp/8/8/4P3/8/PPPP1PPP/RNBQKBNR b KQkq - 0 1
Moves; e7e5 g1f3 b8c6 d2d4 e5d4 f1c4 g8f6 e1g1 f6e4 f1e1 d7d5 c4d5 d8d5 b1c3 d5c4 f3d2 c4a6 c3d5 a6a5 c2c4 c8f5 d2b3 a5e1 d1e1 e8c8 c1f4 f8d6 f2f3 e4f6 f4d6 d8d6 e1g3 f6d5 g3g7 h8d8 c4d5 d6d5 g7f7 d4d3 h2h4 f5g6 f7e6 c8b8 a1d1 d3d2 h4h5 d5e5 e6e5 c6e5 h5g6 h7g6 d1d2 d8d2 b3d2 e5d3 g2g4 d3b2 g1f2 c7c5 d2e4 b7b6 f2g3 b2d3 f3f4 b8c7 e4c3 c7c6 f4f5 g6f5 g4f5 b6b5 c3e4 c5c4 g3f3 d3c5 e4f2 b5b4 f3e3 c5d7 f2g4 c6d5 f5f6 d5e6 f6f7 e6f7 e3d4 c4c3
Warning; Bestmove does not match beginning of last PV - move h6h3 from SF_2600
Info; info depth 17 seldepth 36 multipv 1 score cp -335 nodes 844547 nps 833708 hashfull 329 tbhits 0 time 1013 pv d6f4 d2f4 d5f4 e1c1 a7a5 f3e5 c5e4 g4g5 h6h5 d4c6 c8b7 g5g6 b7c6 e5c6 h5c5 g6g7 e8f7 d1d8
Position; fen rnbqkbnr/pppppppp/8/8/8/2N5/PPPPPPPP/R1BQKBNR b KQkq - 1 1
Moves; g8f6 e2e4 d7d6 d2d4 b8d7 g2g4 h7h6 g1f3 c7c6 h1g1 b7b5 e4e5 b5b4 c3e2 d6e5 d4e5 f6d5 e5e6 d7c5 e6f7 e8f7 e2d4 g7g5 f1c4 e7e6 h2h4 d8d6 h4g5 f7e8 g5h6 f8h6 c1h6 h8h6 d1d2
Warning; Bestmove does not match beginning of last PV - move e8d7 from SF_2600
Info; info depth 17 seldepth 34 multipv 1 score cp -335 nodes 734819 nps 875827 hashfull 276 tbhits 0 time 839 pv e8f8 e1c1 d6f4 g5f4 d5f4 g1e1 c8d7 f3e5 d7e8 e5c6 e8c6 d4c6 a8c8 c6a7 c8a8 a7b5 f8e7 f2f3 f4g2
Position; fen rnbqkbnr/pppppppp/8/8/8/2N5/PPPPPPPP/R1BQKBNR b KQkq - 1 1
Moves; g8f6 e2e4 d7d6 d2d4 b8d7 g2g4 h7h6 g1f3 c7c6 h1g1 b7b5 e4e5 b5b4 c3e2 d6e5 d4e5 f6d5 e5e6 d7c5 e6f7 e8f7 e2d4 g7g5 f1c4 e7e6 h2h4 d8d6 h4g5 f7e8 g5h6 f8h6 c1h6 h8h6 d1d2 h6h3 d2g5
Warning; Bestmove does not match beginning of last PV - move c1g1 from SF_2900
Info; info depth 13 seldepth 21 multipv 1 score cp -471 nodes 39458 nps 1793545 hashfull 12 tbhits 0 time 22 pv c1a1 c2a1 g2h3 a1c2 h3g4 c2d4 f3e1 d3d2 e1g2 e2e1r g2e1 d2e1 f2f3 e1f2 g4f4 d4e2 f4f5 f2f3
Position; fen rnbqkbnr/ppp1pppp/8/3p4/3P4/8/PPP1PPPP/RNBQKBNR w KQkq - 0 2
Moves; c2c4 e7e6 g1f3 g8f6 c1g5 f8e7 b1c3 e8g8 e2e3 b8d7 f1d3 d5c4 d3f1 d7b6 a2a4 c7c5 a4a5 c5d4 e3d4 b6d7 f1c4 a7a6 e1g1 b7b5 a5b6 d7b6 c4e2 c8b7 f3e5 h7h6 g5h4 a6a5 f1e1 f6d5 h4e7 d8e7 e2f3 e7b4 g2g3 a5a4 e1e2 f8b8 e2c2 b4b3 f3h5 b8f8 a1a3 b3b4 c3d5 b6d5 d1d2 b4d2 c2d2 d5b6 a3c3 b7e4 g1f1 a8a7 h2h4 f8b8 c3c5 b6c8 d2e2 c8d6 h5f3 e4f3 e5f3 a7b7 c5c6 d6f5 c6a6 b7b3 f3g1 f5d4 e2e1 b3d3 a6a4 b8b2 a4a8 g8h7 a8d8 e6e5 h4h5 d3a3 e1d1 a3c3 d8f8 c3c2 g1h3 f7f6 f1g1 c2e2 g1f1 b2a2 f1g2 e2b2 d1d3 b2b5 d3c3 d4e6 f8f7 b5c5 c3b3 c5c7 b3b7 c7f7 b7f7 h7g8 f7e7 e6d4 e7c7 d4b5 c7c6 g8f7 c6c5 a2b2 c5c4 b5d6 c4c6 f7e6 h3g1 e6d5 c6c7 b2b7 c7c3 d5e6 c3c6 b7a7 g1e2 a7a2 e2g1 e6d7 c6b6 e5e4 g1h3 e4e3 b6b4 e3e2 b4b1 d6f5 h3g1 d7d6 g2f3 f5d4 f3g2 d6d5 g1f3 d4c2 b1c1 d5e4 f3d2 e4d3 d2f3 a2a1
Warning; Bestmove does not match beginning of last PV - move a2a3 from SF_3000
Info; info depth 20 seldepth 38 multipv 1 score cp -21 nodes 1648450 nps 1839787 hashfull 250 tbhits 0 time 896 pv d3c1 d7e5 a2a3 b4a3 d4c3 e6d5 c3c2 d5c4 c2b1 c4c3 b1a2 c3b4 c1e2 e5d3 e2d4 b4a4 a2b1 d3f2 b1a2 f2e4 d4e2 a4b4 a2b1 b4b3 e2c1 b3c4 c1e2 c4b4 e2d4
Position; fen rnbqkbnr/pppppppp/8/8/4P3/8/PPPP1PPP/RNBQKBNR b KQkq - 0 1
Moves; e7e5 g1f3 b8c6 d2d4 e5d4 f1c4 g8f6 e1g1 f6e4 f1e1 d7d5 c4d5 d8d5 b1c3 d5c4 f3d2 c4a6 c3d5 a6a5 c2c4 c8f5 d2b3 a5e1 d1e1 e8c8 c1f4 f8d6 f2f3 e4f6 f4d6 d8d6 e1g3 f6d5 g3g7 h8d8 c4d5 d6d5 g7f7 d4d3 h2h4 f5g6 f7e6 c8b8 a1d1 d3d2 h4h5 d5e5 e6e5 c6e5 h5g6 h7g6 d1d2 d8d2 b3d2 e5d3 g2g4 d3b2 g1f2 c7c5 d2e4 b7b6 f2g3 b2d3 f3f4 b8c7 e4c3 c7c6 f4f5 g6f5 g4f5 b6b5 c3e4 c5c4 g3f3 d3c5 e4f2 b5b4 f3e3 c5d7 f2g4 c6d5 f5f6 d5e6 f6f7 e6f7 e3d4 c4c3 g4f2 f7e6 f2d3 c3c2
Warning; Bestmove does not match beginning of last PV - move g5f3 from SF_2600
Info; info depth 17 seldepth 29 multipv 1 score cp -42 nodes 1182023 nps 689226 hashfull 411 tbhits 0 time 1715 pv h2h4 c6b4 e2d1 h7h6 g5f3 f7f5 a2a3 b4c6 f1d3 f5f4 c1d2 d8b6 b2b3 e8c8 h4h5 d8g8 d1e2 g7g5 h5g6 a7a5 h1h2
Position; fen rnbqkbnr/pppppppp/8/8/8/2N5/PPPPPPPP/R1BQKBNR b KQkq - 1 1
Moves; d7d5 e2e4 d5d4 c3b1 g8f6 d2d3 c7c5 g1f3 b8c6 b1d2 e7e5 d1e2 c8e6 d2c4 f6d7 f3g5 e6c4 d3c4 f8e7
Warning; Bestmove does not match beginning of last PV - move d6e7 from SF_2600
Info; info depth 14 seldepth 34 multipv 1 score cp -473 nodes 408840 nps 933424 hashfull 161 tbhits 0 time 438 pv d7e8 f3g5 h3h6 e1c1 d6f4 d1d2 f4f6 g1e1 c5e4 g7f6 h6f6 d4c6 c8g4
Position; fen rnbqkbnr/pppppppp/8/8/8/2N5/PPPPPPPP/R1BQKBNR b KQkq - 1 1
Moves; g8f6 e2e4 d7d6 d2d4 b8d7 g2g4 h7h6 g1f3 c7c6 h1g1 b7b5 e4e5 b5b4 c3e2 d6e5 d4e5 f6d5 e5e6 d7c5 e6f7 e8f7 e2d4 g7g5 f1c4 e7e6 h2h4 d8d6 h4g5 f7e8 g5h6 f8h6 c1h6 h8h6 d1d2 h6h3 d2g5 e8d7 c4d5 e6d5 g5g7
Warning; Bestmove does not match beginning of last PV - move d3c1 from SF_3000
Info; info depth 33 seldepth 43 multipv 1 score cp -15 nodes 7532491 nps 2922968 hashfull 770 tbhits 0 time 2577 pv d4c3 d7e5 d3c1 e6d5 c3c2 d5c4 c2b1 c4b4 b1a1 e5d7 a1b1 d7c5 b1a2 c5e4 a2a1 e4f6 a1a2 b4a4 c1d3 f6e4 d3c1 e4c3 a2a1 a7a6 c1a2 a4b3
Position; fen rnbqkbnr/pppppppp/8/8/4P3/8/PPPP1PPP/RNBQKBNR b KQkq - 0 1
Moves; e7e5 g1f3 b8c6 d2d4 e5d4 f1c4 g8f6 e1g1 f6e4 f1e1 d7d5 c4d5 d8d5 b1c3 d5c4 f3d2 c4a6 c3d5 a6a5 c2c4 c8f5 d2b3 a5e1 d1e1 e8c8 c1f4 f8d6 f2f3 e4f6 f4d6 d8d6 e1g3 f6d5 g3g7 h8d8 c4d5 d6d5 g7f7 d4d3 h2h4 f5g6 f7e6 c8b8 a1d1 d3d2 h4h5 d5e5 e6e5 c6e5 h5g6 h7g6 d1d2 d8d2 b3d2 e5d3 g2g4 d3b2 g1f2 c7c5 d2e4 b7b6 f2g3 b2d3 f3f4 b8c7 e4c3 c7c6 f4f5 g6f5 g4f5 b6b5 c3e4 c5c4 g3f3 d3c5 e4f2 b5b4 f3e3 c5d7 f2g4 c6d5 f5f6 d5e6 f6f7 e6f7 e3d4 c4c3 g4f2 f7e6 f2d3 c3c2 a2a3 b4a3
Warning; Bestmove does not match beginning of last PV - move g2g3 from SF_2600
Info; info depth 15 seldepth 28 multipv 1 score cp -54 nodes 468185 nps 664092 hashfull 144 tbhits 0 time 705 pv h2h3 d8b6 b2b3 h8g8 c1d2 a7a5 a2a4 c6b4 d2b4 b6b4 e1d1
Position; fen rnbqkbnr/pppppppp/8/8/8/2N5/PPPPPPPP/R1BQKBNR b KQkq - 1 1
Moves; d7d5 e2e4 d5d4 c3b1 g8f6 d2d3 c7c5 g1f3 b8c6 b1d2 e7e5 d1e2 c8e6 d2c4 f6d7 f3g5 e6c4 d3c4 f8e7 g5f3 g7g5
Warning; Bestmove does not match beginning of last PV - move d7b6 from SF_2700
Info; info depth 16 seldepth 31 multipv 1 score cp -195 nodes 446638 nps 874046 hashfull 158 tbhits 0 time 511 pv d7e5 a1d1 d6b4 e1e2 b4c3 b2c3 a8b8 d1b1 e8e7 h1d1 f7f6 b1b4 e5d7
Position; fen rnbqkbnr/pppp1ppp/8/4p3/3PP3/8/PPP2PPP/RNBQKBNR b KQkq - 0 2
Moves; d7d6 g1f3 g8f6 b1c3 b8c6 f1b5 c8d7 b5c6 d7c6 d1d3 a7a6 d4e5 d6e5 f3e5 d8d6 d3d6 f8d6 e5c6 b7c6 f2f3 f6d7 c1e3
Warning; Bestmove does not match beginning of last PV - move b6c4 from SF_2700
Info; info depth 17 seldepth 44 multipv 1 score cp -194 nodes 818686 nps 855471 hashfull 332 tbhits 0 time 957 pv e8c8 e1e2 h8e8 b2b3 e8e6 e2f2 d8e8 d1d3 b6d7 h2h3 g7g6 c3e2 f7f5 e4f5 g6f5 e2d4 d7e5 d4e6 e5d3 c2d3 e8e6
Position; fen rnbqkbnr/pppp1ppp/8/4p3/3PP3/8/PPP2PPP/RNBQKBNR b KQkq - 0 2
Moves; d7d6 g1f3 g8f6 b1c3 b8c6 f1b5 c8d7 b5c6 d7c6 d1d3 a7a6 d4e5 d6e5 f3e5 d8d6 d3d6 f8d6 e5c6 b7c6 f2f3 f6d7 c1e3 d7b6 a1d1
Warning; Bestmove does not match beginning of last PV - move d6c7 from SF_2600
Info; info depth 15 seldepth 22 multipv 1 score cp -593 nodes 500874 nps 1173007 hashfull 199 tbhits 0 time 427 pv c8e6 d4f5 d6e5 f5e7 e5d6 g6f6 a8h8 e7g6 h8e8 e1c1 d6c7 g6e5 c7c8 g4g5 c5e4 f6f4
Position; fen rnbqkbnr/pppppppp/8/8/8/2N5/PPPPPPPP/R1BQKBNR b KQkq - 1 1
Moves; g8f6 e2e4 d7d6 d2d4 b8d7 g2g4 h7h6 g1f3 c7c6 h1g1 b7b5 e4e5 b5b4 c3e2 d6e5 d4e5 f6d5 e5e6 d7c5 e6f7 e8f7 e2d4 g7g5 f1c4 e7e6 h2h4 d8d6 h4g5 f7e8 g5h6 f8h6 c1h6 h8h6 d1d2 h6h3 d2g5 e8d7 c4d5 e6d5 g5g7 d6e7 f3e5 d7d6 g7g6
Warning; Bestmove does not match beginning of last PV - move f3d2 from SF_2600
Info; info depth 21 seldepth 40 multipv 1 score cp -100 nodes 1298860 nps 712875 hashfull 466 tbhits 0 time 1822 pv f3g1 h7h5 h2h3 h8g8 c1d2 e7g5 a2a3 d8f6 e1c1 e8c8 c1b1 c8c7 d2g5 f6g5 e2e1 d7b6 f1d3 g5f6 h3g4 h5g4 e1f1 d8f8 f2f3 g4f3 g1f3 g8g3 f3d2 f6f1 d1f1
Position; fen rnbqkbnr/pppppppp/8/8/8/2N5/PPPPPPPP/R1BQKBNR b KQkq - 1 1
Moves; d7d5 e2e4 d5d4 c3b1 g8f6 d2d3 c7c5 g1f3 b8c6 b1d2 e7e5 d1e2 c8e6 d2c4 f6d7 f3g5 e6c4 d3c4 f8e7 g5f3 g7g5 g2g3 g5g4
Warning; Bestmove does not match beginning of last PV - move d4d3 from SF_3000
Info; info depth 24 seldepth 45 multipv 1 score cp -26 nodes 9583593 nps 2927181 hashfull 882 tbhits 0 time 3274 pv d4c4 e6e5 c4c3 e5d5 c3c2 d5c4 c2b1 c4b4 c1d3 b4a4 d3c5 a4b5 c5d3 f6e4 b1c2 b5a4 d3c1 e4c5 c1a2 a7a5 a2c1 c5a6 c2b1 a4b4 b1a1 a6c5 a1b1 b4c3 b1a2 c3c2 c1e2 c5e6 a2a3 c2d2 a3a4 e6c5 a4a5 d2e2
Position; fen rnbqkbnr/pppppppp/8/8/4P3/8/PPPP1PPP/RNBQKBNR b KQkq - 0 1
Moves; e7e5 g1f3 b8c6 d2d4 e5d4 f1c4 g8f6 e1g1 f6e4 f1e1 d7d5 c4d5 d8d5 b1c3 d5c4 f3d2 c4a6 c3d5 a6a5 c2c4 c8f5 d2b3 a5e1 d1e1 e8c8 c1f4 f8d6 f2f3 e4f6 f4d6 d8d6 e1g3 f6d5 g3g7 h8d8 c4d5 d6d5 g7f7 d4d3 h2h4 f5g6 f7e6 c8b8 a1d1 d3d2 h4h5 d5e5 e6e5 c6e5 h5g6 h7g6 d1d2 d8d2 b3d2 e5d3 g2g4 d3b2 g1f2 c7c5 d2e4 b7b6 f2g3 b2d3 f3f4 b8c7 e4c3 c7c6 f4f5 g6f5 g4f5 b6b5 c3e4 c5c4 g3f3 d3c5 e4f2 b5b4 f3e3 c5d7 f2g4 c6d5 f5f6 d5e6 f6f7 e6f7 e3d4 c4c3 g4f2 f7e6 f2d3 c3c2 a2a3 b4a3 d3c1 d7f6
Warning; Bestmove does not match beginning of last PV - move a6a5 from SF_2700
Info; info depth 17 seldepth 24 multipv 1 score cp -217 nodes 766322 nps 845830 hashfull 307 tbhits 0 time 906 pv d6b4 e1f2 b4c3 b2c3 c4d6 c1f4 e8c8 d1d4 h8e8 g2g4 d6b5 d4c4 e8e6 h2h4 f7f6 c4c5
Position; fen rnbqkbnr/pppp1ppp/8/4p3/3PP3/8/PPP2PPP/RNBQKBNR b KQkq - 0 2
Moves; d7d6 g1f3 g8f6 b1c3 b8c6 f1b5 c8d7 b5c6 d7c6 d1d3 a7a6 d4e5 d6e5 f3e5 d8d6 d3d6 f8d6 e5c6 b7c6 f2f3 f6d7 c1e3 d7b6 a1d1 b6c4 e3c1
Warning; Bestmove does not match beginning of last PV - move c7d8 from SF_2600
Info; info depth 15 seldepth 30 multipv 1 score cp -589 nodes 265323 nps 1138725 hashfull 116 tbhits 0 time 233 pv c7b8 e1c1 c5d7 c6b5 b8c7 e5d7 c8d7 b5a5 c7b8 a5d5 h3h6 d4f5 d7f5 g4f5 h6h8 d1e1
Position; fen rnbqkbnr/pppppppp/8/8/8/2N5/PPPPPPPP/R1BQKBNR b KQkq - 1 1
Moves; g8f6 e2e4 d7d6 d2d4 b8d7 g2g4 h7h6 g1f3 c7c6 h1g1 b7b5 e4e5 b5b4 c3e2 d6e5 d4e5 f6d5 e5e6 d7c5 e6f7 e8f7 e2d4 g7g5 f1c4 e7e6 h2h4 d8d6 h4g5 f7e8 g5h6 f8h6 c1h6 h8h6 d1d2 h6h3 d2g5 e8d7 c4d5 e6d5 g5g7 d6e7 f3e5 d7d6 g7g6 d6c7 g6c6
Warning; Bestmove does not match beginning of last PV - move f1g2 from SF_2600
Info; info depth 19 seldepth 53 multipv 1 score cp -90 nodes 1132911 nps 726690 hashfull 383 tbhits 0 time 1559 pv h2h3 h8g8 h3g4 h5g4 d2b3 a7a5 a2a4 c6b4 e1d1 d8b6 c1d2 e8c8 h1h6 d7f6 d2b4 b6b4 e2e1 b4e1 d1e1 f6e4 f1d3 e4d6 b3c5 g8h8 h6h8 d8h8 a1d1 f7f5 c5b3 b7b6 c4c5 b6c5 b3c5 e7d8 c5b3 c8d7 c2c3
Position; fen rnbqkbnr/pppppppp/8/8/8/2N5/PPPPPPPP/R1BQKBNR b KQkq - 1 1
Moves; d7d5 e2e4 d5d4 c3b1 g8f6 d2d3 c7c5 g1f3 b8c6 b1d2 e7e5 d1e2 c8e6 d2c4 f6d7 f3g5 e6c4 d3c4 f8e7 g5f3 g7g5 g2g3 g5g4 f3d2 h7h5
Warning; Bestmove does not match beginning of last PV - move c1e2 from SF_3000
Info; info depth 23 seldepth 40 multipv 1 score cp -16 nodes 1337119 nps 3011529 hashfull 130 tbhits 0 time 444 pv c2b1 c4b4 b1c2 f6d5 c1d3 b4a4 d3c1 d5b4 c2c3 a7a6 c1e2 b4d5 c3c2 a4b4 c2b1 d5c3 e2c3 b4c3 b1a2 c3b4 a2a1 a6a5
Position; fen rnbqkbnr/pppppppp/8/8/4P3/8/PPPP1PPP/RNBQKBNR b KQkq - 0 1
Moves; e7e5 g1f3 b8c6 d2d4 e5d4 f1c4 g8f6 e1g1 f6e4 f1e1 d7d5 c4d5 d8d5 b1c3 d5c4 f3d2 c4a6 c3d5 a6a5 c2c4 c8f5 d2b3 a5e1 d1e1 e8c8 c1f4 f8d6 f2f3 e4f6 f4d6 d8d6 e1g3 f6d5 g3g7 h8d8 c4d5 d6d5 g7f7 d4d3 h2h4 f5g6 f7e6 c8b8 a1d1 d3d2 h4h5 d5e5 e6e5 c6e5 h5g6 h7g6 d1d2 d8d2 b3d2 e5d3 g2g4 d3b2 g1f2 c7c5 d2e4 b7b6 f2g3 b2d3 f3f4 b8c7 e4c3 c7c6 f4f5 g6f5 g4f5 b6b5 c3e4 c5c4 g3f3 d3c5 e4f2 b5b4 f3e3 c5d7 f2g4 c6d5 f5f6 d5e6 f6f7 e6f7 e3d4 c4c3 g4f2 f7e6 f2d3 c3c2 a2a3 b4a3 d3c1 d7f6 d4d3 e6d5 d3c2 d5c4
Warning; Bestmove does not match beginning of last PV - move c8b7 from SF_2600
Info; info depth 15 seldepth 36 multipv 1 score cp -652 nodes 360156 nps 1423541 hashfull 147 tbhits 0 time 253 pv h3h6 d4b5 c7b6 b5d6 e7c7 d5a8 c8e6 c1b1 c5a4 d1d3 a4c3 b2c3 b4c3 b1a1
Position; fen rnbqkbnr/pppppppp/8/8/8/2N5/PPPPPPPP/R1BQKBNR b KQkq - 1 1
Moves; g8f6 e2e4 d7d6 d2d4 b8d7 g2g4 h7h6 g1f3 c7c6 h1g1 b7b5 e4e5 b5b4 c3e2 d6e5 d4e5 f6d5 e5e6 d7c5 e6f7 e8f7 e2d4 g7g5 f1c4 e7e6 h2h4 d8d6 h4g5 f7e8 g5h6 f8h6 c1h6 h8h6 d1d2 h6h3 d2g5 e8d7 c4d5 e6d5 g5g7 d6e7 f3e5 d7d6 g7g6 d6c7 g6c6 c7d8 c6d5 d8c7 e1c1
Finished game 21 (HiveChess vs SF_2600): 1-0 {White wins by adjudication}
Started game 24 of 1000 (SF_2700 vs HiveChess)
Warning; PV continues after threefold repetition - move c4c3 from HiveChess
Info; info depth 23 score cp 138 nodes 7349861 pv d5b4 c2b1 c4c3 c1e2 c3c4 e2c1 c4c3 c1e2 c3c4 e2c1 c4c3 c1e2 c3c4 e2c1 c4c3 c1e2 c3c4 e2c1 c4c3 c1e2 c3c4 e2c1 c4c3
Position; fen rnbqkbnr/pppppppp/8/8/4P3/8/PPPP1PPP/RNBQKBNR b KQkq - 0 1
Moves; e7e5 g1f3 b8c6 d2d4 e5d4 f1c4 g8f6 e1g1 f6e4 f1e1 d7d5 c4d5 d8d5 b1c3 d5c4 f3d2 c4a6 c3d5 a6a5 c2c4 c8f5 d2b3 a5e1 d1e1 e8c8 c1f4 f8d6 f2f3 e4f6 f4d6 d8d6 e1g3 f6d5 g3g7 h8d8 c4d5 d6d5 g7f7 d4d3 h2h4 f5g6 f7e6 c8b8 a1d1 d3d2 h4h5 d5e5 e6e5 c6e5 h5g6 h7g6 d1d2 d8d2 b3d2 e5d3 g2g4 d3b2 g1f2 c7c5 d2e4 b7b6 f2g3 b2d3 f3f4 b8c7 e4c3 c7c6 f4f5 g6f5 g4f5 b6b5 c3e4 c5c4 g3f3 d3c5 e4f2 b5b4 f3e3 c5d7 f2g4 c6d5 f5f6 d5e6 f6f7 e6f7 e3d4 c4c3 g4f2 f7e6 f2d3 c3c2 a2a3 b4a3 d3c1 d7f6 d4d3 e6d5 d3c2 d5c4 c1e2 f6d5 e2c1
Warning; Bestmove does not match beginning of last PV - move g3g4 from SF_2900
Info; info depth 19 seldepth 76 multipv 1 score cp -941 nodes 55164440 nps 7210095 hashfull 438 tbhits 0 time 7651 pv g1f1 e1f3 f1g2 d3e4 g3g4 e4f4 g2f1 f3e5 f1e2 e5g4 e2d3 f6f5 d3d4 f4f3 d4d5 f5f4 d5e6 f3f2 e6f7 f2g3 f7g7 f4f3 g7f7 f3f2 f7e6 f2f1q e6d5 f1b5 d5d4 b5h5 d4c4 h5h1 c4c3
Position; fen rnbqkbnr/ppp1pppp/8/3p4/3P4/8/PPP1PPPP/RNBQKBNR w KQkq - 0 2
Moves; c2c4 e7e6 g1f3 g8f6 c1g5 f8e7 b1c3 e8g8 e2e3 b8d7 f1d3 d5c4 d3f1 d7b6 a2a4 c7c5 a4a5 c5d4 e3d4 b6d7 f1c4 a7a6 e1g1 b7b5 a5b6 d7b6 c4e2 c8b7 f3e5 h7h6 g5h4 a6a5 f1e1 f6d5 h4e7 d8e7 e2f3 e7b4 g2g3 a5a4 e1e2 f8b8 e2c2 b4b3 f3h5 b8f8 a1a3 b3b4 c3d5 b6d5 d1d2 b4d2 c2d2 d5b6 a3c3 b7e4 g1f1 a8a7 h2h4 f8b8 c3c5 b6c8 d2e2 c8d6 h5f3 e4f3 e5f3 a7b7 c5c6 d6f5 c6a6 b7b3 f3g1 f5d4 e2e1 b3d3 a6a4 b8b2 a4a8 g8h7 a8d8 e6e5 h4h5 d3a3 e1d1 a3c3 d8f8 c3c2 g1h3 f7f6 f1g1 c2e2 g1f1 b2a2 f1g2 e2b2 d1d3 b2b5 d3c3 d4e6 f8f7 b5c5 c3b3 c5c7 b3b7 c7f7 b7f7 h7g8 f7e7 e6d4 e7c7 d4b5 c7c6 g8f7 c6c5 a2b2 c5c4 b5d6 c4c6 f7e6 h3g1 e6d5 c6c7 b2b7 c7c3 d5e6 c3c6 b7a7 g1e2 a7a2 e2g1 e6d7 c6b6 e5e4 g1h3 e4e3 b6b4 e3e2 b4b1 d6f5 h3g1 d7d6 g2f3 f5d4 f3g2 d6d5 g1f3 d4c2 b1c1 d5e4 f3d2 e4d3 d2f3 a2a1 c1g1 a1g1 g2g1 e2e1q f3e1 c2e1
Warning; Bestmove does not match beginning of last PV - move a2a4 from SF_2600
Info; info depth 16 seldepth 25 multipv 1 score cp -111 nodes 271666 nps 624519 hashfull 97 tbhits 0 time 435 pv a2a3 b4c6 e1g1 a5a4 b3d2 c6a5 a1b1 b6e6 g1h2 a5c6 f2f3 e8c8 f1f2 d8g8 d2f1 c8b8
Position; fen rnbqkbnr/pppppppp/8/8/8/2N5/PPPPPPPP/R1BQKBNR b KQkq - 1 1
Moves; d7d5 e2e4 d5d4 c3b1 g8f6 d2d3 c7c5 g1f3 b8c6 b1d2 e7e5 d1e2 c8e6 d2c4 f6d7 f3g5 e6c4 d3c4 f8e7 g5f3 g7g5 g2g3 g5g4 f3d2 h7h5 f1g2 d8b6 h2h4 c6b4 d2b3 a7a5
Warning; Bestmove does not match beginning of last PV - move g1e2 from SF_2700
Info; info depth 18 seldepth 32 multipv 1 score cp -3 nodes 1025186 nps 714415 hashfull 333 tbhits 0 time 1435 pv g1f3 f8b4 b1d2 b8c6 a2a3 b4d2 d1d2 g8f6 f3d4 f6e4 d4c6 e4d2 c6d8 d2f1 d8f7 e8f7 e1f1
Position; fen rnbqkbnr/pppp1ppp/8/4p3/3PP3/8/PPP2PPP/RNBQKBNR b KQkq - 0 2
Moves; e5d4
Warning; Bestmove does not match beginning of last PV - move c8c7 from SF_2700
Info; info depth 19 seldepth 26 multipv 1 score cp -206 nodes 889543 nps 873814 hashfull 339 tbhits 0 time 1018 pv d6c7 d1d8 c8d8 f3f4 d8e7 e2f3 a5a4 b2b4 f7f6 h1d1 h8d8 d1d8 e7d8 c2c4
Position; fen rnbqkbnr/pppp1ppp/8/4p3/3PP3/8/PPP2PPP/RNBQKBNR b KQkq - 0 2
Moves; d7d6 g1f3 g8f6 b1c3 b8c6 f1b5 c8d7 b5c6 d7c6 d1d3 a7a6 d4e5 d6e5 f3e5 d8d6 d3d6 f8d6 e5c6 b7c6 f2f3 f6d7 c1e3 d7b6 a1d1 b6c4 e3c1 a6a5 c3a4 e8c8 e1e2 c4b6 a4b6 c7b6 c1e3
Warning; Bestmove does not match beginning of last PV - move a1b1 from SF_2600
Info; info depth 18 seldepth 21 multipv 1 score cp -133 nodes 706867 nps 696420 hashfull 246 tbhits 0 time 1015 pv e1g1 e8c8 f2f3 h8h7 a1a3 c8b8 f3g4 h5g4 c1d2 b6d6 d2e1 f8e6 a3a1 d4d3
Position; fen rnbqkbnr/pppppppp/8/8/8/2N5/PPPPPPPP/R1BQKBNR b KQkq - 1 1
Moves; d7d5 e2e4 d5d4 c3b1 g8f6 d2d3 c7c5 g1f3 b8c6 b1d2 e7e5 d1e2 c8e6 d2c4 f6d7 f3g5 e6c4 d3c4 f8e7 g5f3 g7g5 g2g3 g5g4 f3d2 h7h5 f1g2 d8b6 h2h4 c6b4 d2b3 a7a5 a2a4 d7f8
Warning; Bestmove does not match beginning of last PV - move e2f4 from SF_2700
Info; info depth 17 seldepth 20 multipv 1 score cp -31 nodes 630809 nps 779739 hashfull 216 tbhits 0 time 809 pv c2c3 g8f6 e4e5 f6g4 c3d4 c5d4 e2d4 f8b4 b1c3 g4e5 f1e2 b8c6 a2a3 b4c3 b2c3 e8g8 e1g1
Position; fen rnbqkbnr/pppp1ppp/8/4p3/3PP3/8/PPP2PPP/RNBQKBNR b KQkq - 0 2
Moves; e5d4 g1e2 c7c5
Warning; Bestmove does not match beginning of last PV - move a5a4 from SF_2700
Info; info depth 17 seldepth 22 multipv 1 score cp -211 nodes 268670 nps 1033346 hashfull 99 tbhits 0 time 260 pv d6e5 d3d8 h8d8 b2b3 a5a4 f3f4 e5c3 h1d1 d8a8 g2g4 f7f6 h2h4 c6c5 g4g5
Position; fen rnbqkbnr/pppp1ppp/8/4p3/3PP3/8/PPP2PPP/RNBQKBNR b KQkq - 0 2
Moves; d7d6 g1f3 g8f6 b1c3 b8c6 f1b5 c8d7 b5c6 d7c6 d1d3 a7a6 d4e5 d6e5 f3e5 d8d6 d3d6 f8d6 e5c6 b7c6 f2f3 f6d7 c1e3 d7b6 a1d1 b6c4 e3c1 a6a5 c3a4 e8c8 e1e2 c4b6 a4b6 c7b6 c1e3 c8c7 d1d3
Warning; Bestmove does not match beginning of last PV - move g4g5 from SF_2900
Info; info depth 28 seldepth 65 multipv 1 score mate -27 nodes 24608909 nps 4975517 hashfull 774 tbhits 0 time 4946 pv g1f1 e1d3 f1e2 d3e5 e2d2 e5g4 d2e2 g4e5 e2d2 e4f3 d2c3 f6f5 c3b4 f5f4 b4c5 e5g4 c5d5 g4f2 d5d6 f3g3 d6e6 f4f3 e6f7 f2g4 f7g7 f3f2 g7f7 f2f1q f7e7 f1c4 e7d8 c4c5 d8d7 c5h5 d7c8 h5e5 c8d8 e5c5 d8d7 h6h5 d7e6 h5h4 e6f7 h4h3 f7e6 c5c6 e6e7 h3h2 e7f7 h2h1q f7e7 c6c7 e7e8 h1h8
Position; fen rnbqkbnr/ppp1pppp/8/3p4/3P4/8/PPP1PPPP/RNBQKBNR w KQkq - 0 2
Moves; c2c4 e7e6 g1f3 g8f6 c1g5 f8e7 b1c3 e8g8 e2e3 b8d7 f1d3 d5c4 d3f1 d7b6 a2a4 c7c5 a4a5 c5d4 e3d4 b6d7 f1c4 a7a6 e1g1 b7b5 a5b6 d7b6 c4e2 c8b7 f3e5 h7h6 g5h4 a6a5 f1e1 f6d5 h4e7 d8e7 e2f3 e7b4 g2g3 a5a4 e1e2 f8b8 e2c2 b4b3 f3h5 b8f8 a1a3 b3b4 c3d5 b6d5 d1d2 b4d2 c2d2 d5b6 a3c3 b7e4 g1f1 a8a7 h2h4 f8b8 c3c5 b6c8 d2e2 c8d6 h5f3 e4f3 e5f3 a7b7 c5c6 d6f5 c6a6 b7b3 f3g1 f5d4 e2e1 b3d3 a6a4 b8b2 a4a8 g8h7 a8d8 e6e5 h4h5 d3a3 e1d1 a3c3 d8f8 c3c2 g1h3 f7f6 f1g1 c2e2 g1f1 b2a2 f1g2 e2b2 d1d3 b2b5 d3c3 d4e6 f8f7 b5c5 c3b3 c5c7 b3b7 c7f7 b7f7 h7g8 f7e7 e6d4 e7c7 d4b5 c7c6 g8f7 c6c5 a2b2 c5c4 b5d6 c4c6 f7e6 h3g1 e6d5 c6c7 b2b7 c7c3 d5e6 c3c6 b7a7 g1e2 a7a2 e2g1 e6d7 c6b6 e5e4 g1h3 e4e3 b6b4 e3e2 b4b1 d6f5 h3g1 d7d6 g2f3 f5d4 f3g2 d6d5 g1f3 d4c2 b1c1 d5e4 f3d2 e4d3 d2f3 a2a1 c1g1 a1g1 g2g1 e2e1q f3e1 c2e1 g3g4 d3e4
Warning; Bestmove does not match beginning of last PV - move b1a1 from SF_2600
Info; info depth 16 seldepth 31 multipv 1 score cp -163 nodes 517224 nps 642514 hashfull 182 tbhits 0 time 805 pv c1d2 b4c2 e2d3 c2b4 d2b4 a5b4 b3c1 d8g8 d3d2 b6d6 c1d3 g8g6 b1a1 c8b8
Position; fen rnbqkbnr/pppppppp/8/8/8/2N5/PPPPPPPP/R1BQKBNR b KQkq - 1 1
Moves; d7d5 e2e4 d5d4 c3b1 g8f6 d2d3 c7c5 g1f3 b8c6 b1d2 e7e5 d1e2 c8e6 d2c4 f6d7 f3g5 e6c4 d3c4 f8e7 g5f3 g7g5 g2g3 g5g4 f3d2 h7h5 f1g2 d8b6 h2h4 c6b4 d2b3 a7a5 a2a4 d7f8 a1b1 e8c8 e1g1 f8e6
Warning; Bestmove does not match beginning of last PV - move f2f4 from SF_2900
Info; info depth 40 seldepth 33 multipv 1 score mate -16 nodes 647029 nps 2651758 hashfull 101 tbhits 0 time 244 pv g1f1 e1d3 f1g2 e4f4 f2f3 d3e5 g2f2 e5f3 f2e2 g5g4 e2f2 f3e5 f2e1 g4g3 e1e2 f4e4 e2f1 e5d3 f1g2 e4f4 g2g1 f4f3 g1h1 g3g2 h1g1 d3e5 g1h2 f3f2 h2h3 g2g1q h3h4 g1h1
Position; fen rnbqkbnr/ppp1pppp/8/3p4/3P4/8/PPP1PPPP/RNBQKBNR w KQkq - 0 2
Moves; c2c4 e7e6 g1f3 g8f6 c1g5 f8e7 b1c3 e8g8 e2e3 b8d7 f1d3 d5c4 d3f1 d7b6 a2a4 c7c5 a4a5 c5d4 e3d4 b6d7 f1c4 a7a6 e1g1 b7b5 a5b6 d7b6 c4e2 c8b7 f3e5 h7h6 g5h4 a6a5 f1e1 f6d5 h4e7 d8e7 e2f3 e7b4 g2g3 a5a4 e1e2 f8b8 e2c2 b4b3 f3h5 b8f8 a1a3 b3b4 c3d5 b6d5 d1d2 b4d2 c2d2 d5b6 a3c3 b7e4 g1f1 a8a7 h2h4 f8b8 c3c5 b6c8 d2e2 c8d6 h5f3 e4f3 e5f3 a7b7 c5c6 d6f5 c6a6 b7b3 f3g1 f5d4 e2e1 b3d3 a6a4 b8b2 a4a8 g8h7 a8d8 e6e5 h4h5 d3a3 e1d1 a3c3 d8f8 c3c2 g1h3 f7f6 f1g1 c2e2 g1f1 b2a2 f1g2 e2b2 d1d3 b2b5 d3c3 d4e6 f8f7 b5c5 c3b3 c5c7 b3b7 c7f7 b7f7 h7g8 f7e7 e6d4 e7c7 d4b5 c7c6 g8f7 c6c5 a2b2 c5c4 b5d6 c4c6 f7e6 h3g1 e6d5 c6c7 b2b7 c7c3 d5e6 c3c6 b7a7 g1e2 a7a2 e2g1 e6d7 c6b6 e5e4 g1h3 e4e3 b6b4 e3e2 b4b1 d6f5 h3g1 d7d6 g2f3 f5d4 f3g2 d6d5 g1f3 d4c2 b1c1 d5e4 f3d2 e4d3 d2f3 a2a1 c1g1 a1g1 g2g1 e2e1q f3e1 c2e1 g3g4 d3e4 g4g5 f6g5
Finished game 18 (SF_2900 vs HiveChess): 0-1 {Black wins by adjudication}
Started game 25 of 1000 (HiveChess vs SF_2800)
Warning; Bestmove does not match beginning of last PV - move a2b1 from SF_3000
Info; info depth 53 seldepth 32 multipv 1 score cp 0 nodes 949295 nps 6245361 hashfull 10 tbhits 0 time 152 pv a2a1 b4b3 a1b1 a7a5 b1a1 a5a4 a1b1 a3a2 b1a1 b3c3 a1a2 c3b4 a2b2 b4b5 b2c3 b5c5 c3c2 c5c4 c2d1 c4d4 d1c1 d4c3 c1b1 c3b3 b1a1 a4a3 a1b1 b3b4 b1a1
Position; fen rnbqkbnr/pppppppp/8/8/4P3/8/PPPP1PPP/RNBQKBNR b KQkq - 0 1
Moves; e7e5 g1f3 b8c6 d2d4 e5d4 f1c4 g8f6 e1g1 f6e4 f1e1 d7d5 c4d5 d8d5 b1c3 d5c4 f3d2 c4a6 c3d5 a6a5 c2c4 c8f5 d2b3 a5e1 d1e1 e8c8 c1f4 f8d6 f2f3 e4f6 f4d6 d8d6 e1g3 f6d5 g3g7 h8d8 c4d5 d6d5 g7f7 d4d3 h2h4 f5g6 f7e6 c8b8 a1d1 d3d2 h4h5 d5e5 e6e5 c6e5 h5g6 h7g6 d1d2 d8d2 b3d2 e5d3 g2g4 d3b2 g1f2 c7c5 d2e4 b7b6 f2g3 b2d3 f3f4 b8c7 e4c3 c7c6 f4f5 g6f5 g4f5 b6b5 c3e4 c5c4 g3f3 d3c5 e4f2 b5b4 f3e3 c5d7 f2g4 c6d5 f5f6 d5e6 f6f7 e6f7 e3d4 c4c3 g4f2 f7e6 f2d3 c3c2 a2a3 b4a3 d3c1 d7f6 d4d3 e6d5 d3c2 d5c4 c1e2 f6d5 e2c1 d5b4 c2b1 c4d4 b1a1 d4c3 c1a2 b4a2 a1a2 c3b4
Warning; Bestmove does not match beginning of last PV - move c7c6 from SF_2800
Info; info depth 19 seldepth 28 multipv 1 score cp -31 nodes 1829411 nps 693747 hashfull 587 tbhits 0 time 2637 pv d7d5 c2c4 e7e6 g1f3 g8f6 g2g3 f8e7 f1g2 e8g8 e1g1 d5c4 d1c2 a7a6 a2a4 b8c6 c2c4 d8d5 c4d3 d5h5 b1c3
Position; fen rnbqkbnr/pppppppp/8/8/3P4/8/PPP1PPPP/RNBQKBNR b KQkq - 0 1
Moves; 
Warning; Bestmove does not match beginning of last PV - move c2c3 from SF_2700
Info; info depth 21 seldepth 40 multipv 1 score cp -93 nodes 1962384 nps 762683 hashfull 557 tbhits 0 time 2573 pv f4d5 f8g7 b1a3 g8e7 c1g5 e8g8 d5f6 g7f6 g5f6 d7d5 e1g1 d8d6 d1f3 d5e4 d3e4 e7f5 f6g5 c8e6 a3b5 d6d7 g5f4 a8d8 b5c7 f5d6 c7e6 f7e6 e4c6 d7c6 f3c6 b7c6 f4g3 f8f5 f1e1 g8f7 b2b3 f5d5 f2f3 f7e7 a1c1
Position; fen rnbqkbnr/pppp1ppp/8/4p3/3PP3/8/PPP2PPP/RNBQKBNR b KQkq - 0 2
Moves; e5d4 g1e2 c7c5 e2f4 b8c6 f1d3 g7g6
Warning; Bestmove does not match beginning of last PV - move c7d7 from SF_2700
Info; info depth 17 seldepth 30 multipv 1 score cp -256 nodes 721209 nps 1163240 hashfull 246 tbhits 0 time 620 pv b6b5 b2b3 a4b3 c2b3 c7d6 a2a4 h7h5 e3d4 g7g6 d4e3 d6e6 e3d2 d8c7 h2h3 e6d7 d3d4 c7b6 d4e5
Position; fen rnbqkbnr/pppp1ppp/8/4p3/3PP3/8/PPP2PPP/RNBQKBNR b KQkq - 0 2
Moves; d7d6 g1f3 g8f6 b1c3 b8c6 f1b5 c8d7 b5c6 d7c6 d1d3 a7a6 d4e5 d6e5 f3e5 d8d6 d3d6 f8d6 e5c6 b7c6 f2f3 f6d7 c1e3 d7b6 a1d1 b6c4 e3c1 a6a5 c3a4 e8c8 e1e2 c4b6 a4b6 c7b6 c1e3 c8c7 d1d3 a5a4 h1d1 d6e7 d3d8 h8d8 d1d8 e7d8 e2d3
Warning; Bestmove does not match beginning of last PV - move g7g6 from SF_2800
Info; info depth 16 seldepth 30 multipv 1 score cp -20 nodes 666038 nps 744176 hashfull 228 tbhits 0 time 895 pv d5e4 c3e4 g8f6 e4f6 e7f6 g1f3 f8d6 f1d3 e8g8 e1g1 b8a6 c2c4 c8g4 f1e1 d8d7 a2a3 f8e8 c1e3 a6c7 h2h3
Position; fen rnbqkbnr/pppppppp/8/8/3P4/8/PPP1PPPP/RNBQKBNR b KQkq - 0 1
Moves; c7c6 e2e4 d7d5 b1c3
Warning; Bestmove does not match beginning of last PV - move a4a3 from SF_2700
Info; info depth 16 seldepth 26 multipv 1 score cp -282 nodes 234042 nps 1083527 hashfull 76 tbhits 0 time 216 pv a4b3 c2b3 d7d6 d3c4 b6b5 c4b4 d6d7 a2a4 b5a4 b3a4 d7c7 f3f4 c7b7 g2g4 b7a6
Position; fen rnbqkbnr/pppp1ppp/8/4p3/3PP3/8/PPP2PPP/RNBQKBNR b KQkq - 0 2
Moves; d7d6 g1f3 g8f6 b1c3 b8c6 f1b5 c8d7 b5c6 d7c6 d1d3 a7a6 d4e5 d6e5 f3e5 d8d6 d3d6 f8d6 e5c6 b7c6 f2f3 f6d7 c1e3 d7b6 a1d1 b6c4 e3c1 a6a5 c3a4 e8c8 e1e2 c4b6 a4b6 c7b6 c1e3 c8c7 d1d3 a5a4 h1d1 d6e7 d3d8 h8d8 d1d8 e7d8 e2d3 c7d7 b2b3
Warning; Bestmove does not match beginning of last PV - move f1e1 from SF_2600
Info; info depth 16 seldepth 27 multipv 1 score cp -204 nodes 392595 nps 733822 hashfull 149 tbhits 0 time 535 pv c1e3 d3d7 e3d2 c8b8 g1h1 b4c6 e2e1 d7d3 d2a5 c6a5 b3a5 b6b4 e1b4 c5b4 a3d3 d8d3
Position; fen rnbqkbnr/pppppppp/8/8/8/2N5/PPPPPPPP/R1BQKBNR b KQkq - 1 1
Moves; d7d5 e2e4 d5d4 c3b1 g8f6 d2d3 c7c5 g1f3 b8c6 b1d2 e7e5 d1e2 c8e6 d2c4 f6d7 f3g5 e6c4 d3c4 f8e7 g5f3 g7g5 g2g3 g5g4 f3d2 h7h5 f1g2 d8b6 h2h4 c6b4 d2b3 a7a5 a2a4 d7f8 a1b1 e8c8 e1g1 f8e6 b1a1 d4d3 c2d3 d8d3 a1a3 h8d8
Warning; Bestmove does not match beginning of last PV - move e1d1 from SF_2600
Info; info depth 17 seldepth 27 multipv 1 score cp -440 nodes 402047 nps 928515 hashfull 165 tbhits 0 time 433 pv a3b3 e6d4 e2f1 d4b3 e1d1 b3d4 f2f3 b6g6 g1h2 d8h8 f3g4 h5g4 b2b3 b4c6 c1e3
Position; fen rnbqkbnr/pppppppp/8/8/8/2N5/PPPPPPPP/R1BQKBNR b KQkq - 1 1
Moves; d7d5 e2e4 d5d4 c3b1 g8f6 d2d3 c7c5 g1f3 b8c6 b1d2 e7e5 d1e2 c8e6 d2c4 f6d7 f3g5 e6c4 d3c4 f8e7 g5f3 g7g5 g2g3 g5g4 f3d2 h7h5 f1g2 d8b6 h2h4 c6b4 d2b3 a7a5 a2a4 d7f8 a1b1 e8c8 e1g1 f8e6 b1a1 d4d3 c2d3 d8d3 a1a3 h8d8 f1e1 d3b3
Warning; Bestmove does not match beginning of last PV - move a2a3 from SF_2700
Info; info depth 17 seldepth 30 multipv 1 score cp -101 nodes 493025 nps 816266 hashfull 177 tbhits 0 time 604 pv e1g1 e8g8 c1g5 d7d6 d5e7 c6e7 c3d4 h7h6 g5h4 g7d4 b1c3 c8e6 d1d2 g6g5 h4g3 e7g6 c3e2 d4g7 f2f4 g5f4 e2f4 d8g5
Position; fen rnbqkbnr/pppp1ppp/8/4p3/3PP3/8/PPP2PPP/RNBQKBNR b KQkq - 0 2
Moves; e5d4 g1e2 c7c5 e2f4 b8c6 f1d3 g7g6 c2c3 g8e7 f4d5 f8g7
Warning; PV continues after threefold repetition - move c5b4 from HiveChess
Info; info depth 25 score cp 75 nodes 9045609 pv b3c4 b1a2 c4d5 a2a1 d5d4 a1b1 d4c5 b1a2 a6a5 a2a1 c5b4 a1b1 b4c5 b1a1 c5b4 a1b1 b4c5 b1a1 c5b4 a1b1 b4c5 b1a1 c5b4 a1b1 b4c5
Position; fen rnbqkbnr/pppppppp/8/8/4P3/8/PPPP1PPP/RNBQKBNR b KQkq - 0 1
Moves; e7e5 g1f3 b8c6 d2d4 e5d4 f1c4 g8f6 e1g1 f6e4 f1e1 d7d5 c4d5 d8d5 b1c3 d5c4 f3d2 c4a6 c3d5 a6a5 c2c4 c8f5 d2b3 a5e1 d1e1 e8c8 c1f4 f8d6 f2f3 e4f6 f4d6 d8d6 e1g3 f6d5 g3g7 h8d8 c4d5 d6d5 g7f7 d4d3 h2h4 f5g6 f7e6 c8b8 a1d1 d3d2 h4h5 d5e5 e6e5 c6e5 h5g6 h7g6 d1d2 d8d2 b3d2 e5d3 g2g4 d3b2 g1f2 c7c5 d2e4 b7b6 f2g3 b2d3 f3f4 b8c7 e4c3 c7c6 f4f5 g6f5 g4f5 b6b5 c3e4 c5c4 g3f3 d3c5 e4f2 b5b4 f3e3 c5d7 f2g4 c6d5 f5f6 d5e6 f6f7 e6f7 e3d4 c4c3 g4f2 f7e6 f2d3 c3c2 a2a3 b4a3 d3c1 d7f6 d4d3 e6d5 d3c2 d5c4 c1e2 f6d5 e2c1 d5b4 c2b1 c4d4 b1a1 d4c3 c1a2 b4a2 a1a2 c3b4 a2b1 b4b3 b1a1 a7a6 a1b1
Warning; Bestmove does not match beginning of last PV - move b1c2 from SF_3000
Info; info depth 51 seldepth 20 multipv 1 score cp 0 nodes 1214756 nps 8044741 hashfull 13 tbhits 0 time 151 pv b1a1 c4b3 a1b1 a3a2 b1a1 b3b4 a1a2 a6a5 a2b2 a5a4 b2c1 a4a3 c1b1 b4b3 b1a1 b3c3 a1a2 c3b4
Position; fen rnbqkbnr/pppppppp/8/8/4P3/8/PPPP1PPP/RNBQKBNR b KQkq - 0 1
Moves; e7e5 g1f3 b8c6 d2d4 e5d4 f1c4 g8f6 e1g1 f6e4 f1e1 d7d5 c4d5 d8d5 b1c3 d5c4 f3d2 c4a6 c3d5 a6a5 c2c4 c8f5 d2b3 a5e1 d1e1 e8c8 c1f4 f8d6 f2f3 e4f6 f4d6 d8d6 e1g3 f6d5 g3g7 h8d8 c4d5 d6d5 g7f7 d4d3 h2h4 f5g6 f7e6 c8b8 a1d1 d3d2 h4h5 d5e5 e6e5 c6e5 h5g6 h7g6 d1d2 d8d2 b3d2 e5d3 g2g4 d3b2 g1f2 c7c5 d2e4 b7b6 f2g3 b2d3 f3f4 b8c7 e4c3 c7c6 f4f5 g6f5 g4f5 b6b5 c3e4 c5c4 g3f3 d3c5 e4f2 b5b4 f3e3 c5d7 f2g4 c6d5 f5f6 d5e6 f6f7 e6f7 e3d4 c4c3 g4f2 f7e6 f2d3 c3c2 a2a3 b4a3 d3c1 d7f6 d4d3 e6d5 d3c2 d5c4 c1e2 f6d5 e2c1 d5b4 c2b1 c4d4 b1a1 d4c3 c1a2 b4a2 a1a2 c3b4 a2b1 b4b3 b1a1 a7a6 a1b1 b3c4
Warning; Bestmove does not match beginning of last PV - move f7f6 from SF_2800
Info; info depth 17 seldepth 27 multipv 1 score cp -111 nodes 907099 nps 681516 hashfull 334 tbhits 0 time 1331 pv h6f5 d1d2 f5g7 f4h6 b8d7 g1f3 d8c7 h2h4 d7b6 f1d3 c8f5 a2a4 f5d3 d2d3 g7e6
Position; fen rnbqkbnr/pppppppp/8/8/3P4/8/PPP1PPPP/RNBQKBNR b KQkq - 0 1
Moves; c7c6 e2e4 d7d5 b1c3 g7g6 e4e5 g8h6 c1f4
Warning; Bestmove does not match beginning of last PV - move d1d2 from SF_2600
Info; info depth 15 seldepth 29 multipv 1 score cp -473 nodes 253625 nps 1300641 hashfull 103 tbhits 0 time 195 pv e2f1 d3b4 d1d8 e7d8 f2f3 b4c2 e3c1 c2a3 f3g4 b2b1 g4h5 a3c2 f1f7 b1c1 g1h2 c2e3 f7g8 e3f1 h2h3
Position; fen rnbqkbnr/pppppppp/8/8/8/2N5/PPPPPPPP/R1BQKBNR b KQkq - 1 1
Moves; d7d5 e2e4 d5d4 c3b1 g8f6 d2d3 c7c5 g1f3 b8c6 b1d2 e7e5 d1e2 c8e6 d2c4 f6d7 f3g5 e6c4 d3c4 f8e7 g5f3 g7g5 g2g3 g5g4 f3d2 h7h5 f1g2 d8b6 h2h4 c6b4 d2b3 a7a5 a2a4 d7f8 a1b1 e8c8 e1g1 f8e6 b1a1 d4d3 c2d3 d8d3 a1a3 h8d8 f1e1 d3b3 e1d1 b4d3 c1e3 b3b2
Warning; Bestmove does not match beginning of last PV - move c2c1 from SF_3000
Info; info depth 44 seldepth 20 multipv 1 score cp 0 nodes 1268940 nps 8516375 hashfull 13 tbhits 0 time 149 pv c2b3 d5c6 b3a3 a6a5 a3b2 a5a4 b2a3 c6b5 a3a2 b5a6 a2b2 a6b6 b2a3 b6a5 a3a2
Position; fen rnbqkbnr/pppppppp/8/8/4P3/8/PPPP1PPP/RNBQKBNR b KQkq - 0 1
Moves; e7e5 g1f3 b8c6 d2d4 e5d4 f1c4 g8f6 e1g1 f6e4 f1e1 d7d5 c4d5 d8d5 b1c3 d5c4 f3d2 c4a6 c3d5 a6a5 c2c4 c8f5 d2b3 a5e1 d1e1 e8c8 c1f4 f8d6 f2f3 e4f6 f4d6 d8d6 e1g3 f6d5 g3g7 h8d8 c4d5 d6d5 g7f7 d4d3 h2h4 f5g6 f7e6 c8b8 a1d1 d3d2 h4h5 d5e5 e6e5 c6e5 h5g6 h7g6 d1d2 d8d2 b3d2 e5d3 g2g4 d3b2 g1f2 c7c5 d2e4 b7b6 f2g3 b2d3 f3f4 b8c7 e4c3 c7c6 f4f5 g6f5 g4f5 b6b5 c3e4 c5c4 g3f3 d3c5 e4f2 b5b4 f3e3 c5d7 f2g4 c6d5 f5f6 d5e6 f6f7 e6f7 e3d4 c4c3 g4f2 f7e6 f2d3 c3c2 a2a3 b4a3 d3c1 d7f6 d4d3 e6d5 d3c2 d5c4 c1e2 f6d5 e2c1 d5b4 c2b1 c4d4 b1a1 d4c3 c1a2 b4a2 a1a2 c3b4 a2b1 b4b3 b1a1 a7a6 a1b1 b3c4 b1c2 c4d5
Warning; Bestmove does not match beginning of last PV - move d3e2 from SF_2700
Info; info depth 16 seldepth 32 multipv 1 score cp -212 nodes 718314 nps 746688 hashfull 288 tbhits 0 time 962 pv c3d4 c5d4 e1g1 e8g8 d3c2 d7d6 h2h3 d8b6 a3a4 c8d7 b1a3 f8e8 c2b1 b6c5 f2f4 d4d3 g1h1 e5c4 a3c4 c5c4
Position; fen rnbqkbnr/pppp1ppp/8/4p3/3PP3/8/PPP2PPP/RNBQKBNR b KQkq - 0 2
Moves; e5d4 g1e2 c7c5 e2f4 b8c6 f1d3 g7g6 c2c3 g8e7 f4d5 f8g7 a2a3 e7d5 e4d5 c6e5
Warning; Bestmove does not match beginning of last PV - move e1g1 from SF_2700
Info; info depth 17 seldepth 30 multipv 1 score cp -230 nodes 705757 nps 748416 hashfull 262 tbhits 0 time 943 pv e2b5 c8d7 b5d7 d8d7 a3a4 e8g8 e1g1 a7a6 f2f4 e5c4 f4f5 d7e7 b1a3 c4e3 c1e3 e7e3 g1h1 d4c3
Position; fen rnbqkbnr/pppp1ppp/8/4p3/3PP3/8/PPP2PPP/RNBQKBNR b KQkq - 0 2
Moves; e5d4 g1e2 c7c5 e2f4 b8c6 f1d3 g7g6 c2c3 g8e7 f4d5 f8g7 a2a3 e7d5 e4d5 c6e5 d3e2 d7d6
Warning; Bestmove does not match beginning of last PV - move d8c7 from SF_2700
Info; info depth 14 seldepth 22 multipv 1 score cp -334 nodes 78667 nps 1123814 hashfull 25 tbhits 0 time 70 pv d8e7 b2d4 b6b5 d3c3 e7d6 h2h3 d6e5 c3d3 e5d6 d4c3 h5h4
Position; fen rnbqkbnr/pppp1ppp/8/4p3/3PP3/8/PPP2PPP/RNBQKBNR b KQkq - 0 2
Moves; d7d6 g1f3 g8f6 b1c3 b8c6 f1b5 c8d7 b5c6 d7c6 d1d3 a7a6 d4e5 d6e5 f3e5 d8d6 d3d6 f8d6 e5c6 b7c6 f2f3 f6d7 c1e3 d7b6 a1d1 b6c4 e3c1 a6a5 c3a4 e8c8 e1e2 c4b6 a4b6 c7b6 c1e3 c8c7 d1d3 a5a4 h1d1 d6e7 d3d8 h8d8 d1d8 e7d8 e2d3 c7d7 b2b3 a4a3 b3b4 g7g6 e3c1 d7e6 c1a3 h7h5 a3b2
Warning; Bestmove does not match beginning of last PV - move c7d6 from SF_2700
Info; info depth 14 seldepth 24 multipv 1 score cp -370 nodes 85831 nps 1320476 hashfull 32 tbhits 0 time 65 pv b6b5 c2c4 f7f5 b2d4 h5h4 d3c2 g6g5 c4b5 c6b5 c2b3 f5e4 f3e4
Position; fen rnbqkbnr/pppp1ppp/8/4p3/3PP3/8/PPP2PPP/RNBQKBNR b KQkq - 0 2
Moves; d7d6 g1f3 g8f6 b1c3 b8c6 f1b5 c8d7 b5c6 d7c6 d1d3 a7a6 d4e5 d6e5 f3e5 d8d6 d3d6 f8d6 e5c6 b7c6 f2f3 f6d7 c1e3 d7b6 a1d1 b6c4 e3c1 a6a5 c3a4 e8c8 e1e2 c4b6 a4b6 c7b6 c1e3 c8c7 d1d3 a5a4 h1d1 d6e7 d3d8 h8d8 d1d8 e7d8 e2d3 c7d7 b2b3 a4a3 b3b4 g7g6 e3c1 d7e6 c1a3 h7h5 a3b2 d8c7 h2h3
Warning; Bestmove does not match beginning of last PV - move f2f4 from SF_2700
Info; info depth 17 seldepth 24 multipv 1 score cp -241 nodes 1128108 nps 759668 hashfull 434 tbhits 0 time 1485 pv c1f4 c8f5 a3a4 d8b6 b2b3 d4d3 e2f3 e5f3 d1f3 f8e8 b1d2 g7c3 g2g4 c3a1 f1a1 f5d7 h2h3 b6b4 d2c4 b4b3 c4d6 b3c3 a1c1
Position; fen rnbqkbnr/pppp1ppp/8/4p3/3PP3/8/PPP2PPP/RNBQKBNR b KQkq - 0 2
Moves; e5d4 g1e2 c7c5 e2f4 b8c6 f1d3 g7g6 c2c3 g8e7 f4d5 f8g7 a2a3 e7d5 e4d5 c6e5 d3e2 d7d6 e1g1 e8g8
Warning; Bestmove does not match beginning of last PV - move h6f7 from SF_2800
Info; info depth 18 seldepth 25 multipv 1 score cp -131 nodes 1112222 nps 694270 hashfull 411 tbhits 0 time 1602 pv h6f5 e1c1 h7h5 f2f3 f8g7 d1e1 f5g3 h2g3 b8d7 f1d3 f6e5 g1h3 d7f8 d4e5 c8h3 g2h3
Position; fen rnbqkbnr/pppppppp/8/8/3P4/8/PPP1PPPP/RNBQKBNR b KQkq - 0 1
Moves; c7c6 e2e4 d7d5 b1c3 g7g6 e4e5 g8h6 c1f4 f7f6 d1d2 g6g5 f4g3
Warning; PV continues after threefold repetition - move c2d2 from HiveChess
Info; info depth 25 score cp 37 nodes 21712896 pv d5c5 b2a2 c5b6 a2a3 b6a5 a3b2 a5b6 b2c2 b6a7 c2d2 a7b8 d2c2 b8a7 c2d2 a7b8 d2c2 b8a7 c2d2 a7b8 d2c2 b8a7 c2d2 a7b8 d2c2 b8a7
Position; fen rnbqkbnr/pppppppp/8/8/4P3/8/PPPP1PPP/RNBQKBNR b KQkq - 0 1
Moves; e7e5 g1f3 b8c6 d2d4 e5d4 f1c4 g8f6 e1g1 f6e4 f1e1 d7d5 c4d5 d8d5 b1c3 d5c4 f3d2 c4a6 c3d5 a6a5 c2c4 c8f5 d2b3 a5e1 d1e1 e8c8 c1f4 f8d6 f2f3 e4f6 f4d6 d8d6 e1g3 f6d5 g3g7 h8d8 c4d5 d6d5 g7f7 d4d3 h2h4 f5g6 f7e6 c8b8 a1d1 d3d2 h4h5 d5e5 e6e5 c6e5 h5g6 h7g6 d1d2 d8d2 b3d2 e5d3 g2g4 d3b2 g1f2 c7c5 d2e4 b7b6 f2g3 b2d3 f3f4 b8c7 e4c3 c7c6 f4f5 g6f5 g4f5 b6b5 c3e4 c5c4 g3f3 d3c5 e4f2 b5b4 f3e3 c5d7 f2g4 c6d5 f5f6 d5e6 f6f7 e6f7 e3d4 c4c3 g4f2 f7e6 f2d3 c3c2 a2a3 b4a3 d3c1 d7f6 d4d3 e6d5 d3c2 d5c4 c1e2 f6d5 e2c1 d5b4 c2b1 c4d4 b1a1 d4c3 c1a2 b4a2 a1a2 c3b4 a2b1 b4b3 b1a1 a7a6 a1b1 b3c4 b1c2 c4d5 c2c1 a3a2 c1b2
Warning; Bestmove does not match beginning of last PV - move b2a1 from SF_3000
Info; info depth 53 seldepth 42 multipv 1 score cp 0 nodes 2613993 nps 6567821 hashfull 105 tbhits 0 time 398 pv b2a2 c5b4 a2b2 a6a5 b2c2 b4c4 c2c1 c4b3 c1b1 b3c3 b1a2 c3b4 a2b2 a5a4 b2b1 b4b3 b1a1 b3a3 a1b1 a3b4 b1b2 a4a3 b2a1 b4b5 a1a2 b5a4 a2a1 a4b5
Position; fen rnbqkbnr/pppppppp/8/8/4P3/8/PPPP1PPP/RNBQKBNR b KQkq - 0 1
Moves; e7e5 g1f3 b8c6 d2d4 e5d4 f1c4 g8f6 e1g1 f6e4 f1e1 d7d5 c4d5 d8d5 b1c3 d5c4 f3d2 c4a6 c3d5 a6a5 c2c4 c8f5 d2b3 a5e1 d1e1 e8c8 c1f4 f8d6 f2f3 e4f6 f4d6 d8d6 e1g3 f6d5 g3g7 h8d8 c4d5 d6d5 g7f7 d4d3 h2h4 f5g6 f7e6 c8b8 a1d1 d3d2 h4h5 d5e5 e6e5 c6e5 h5g6 h7g6 d1d2 d8d2 b3d2 e5d3 g2g4 d3b2 g1f2 c7c5 d2e4 b7b6 f2g3 b2d3 f3f4 b8c7 e4c3 c7c6 f4f5 g6f5 g4f5 b6b5 c3e4 c5c4 g3f3 d3c5 e4f2 b5b4 f3e3 c5d7 f2g4 c6d5 f5f6 d5e6 f6f7 e6f7 e3d4 c4c3 g4f2 f7e6 f2d3 c3c2 a2a3 b4a3 d3c1 d7f6 d4d3 e6d5 d3c2 d5c4 c1e2 f6d5 e2c1 d5b4 c2b1 c4d4 b1a1 d4c3 c1a2 b4a2 a1a2 c3b4 a2b1 b4b3 b1a1 a7a6 a1b1 b3c4 b1c2 c4d5 c2c1 a3a2 c1b2 d5c5
Warning; Bestmove does not match beginning of last PV - move a1b2 from SF_3000
Info; info depth 53 seldepth 16 multipv 1 score cp 0 nodes 1044496 nps 8777277 hashfull 11 tbhits 0 time 119 pv a1a2 b6c5 a2b3 c5b5 b3a2
Position; fen rnbqkbnr/pppppppp/8/8/4P3/8/PPPP1PPP/RNBQKBNR b KQkq - 0 1
Moves; e7e5 g1f3 b8c6 d2d4 e5d4 f1c4 g8f6 e1g1 f6e4 f1e1 d7d5 c4d5 d8d5 b1c3 d5c4 f3d2 c4a6 c3d5 a6a5 c2c4 c8f5 d2b3 a5e1 d1e1 e8c8 c1f4 f8d6 f2f3 e4f6 f4d6 d8d6 e1g3 f6d5 g3g7 h8d8 c4d5 d6d5 g7f7 d4d3 h2h4 f5g6 f7e6 c8b8 a1d1 d3d2 h4h5 d5e5 e6e5 c6e5 h5g6 h7g6 d1d2 d8d2 b3d2 e5d3 g2g4 d3b2 g1f2 c7c5 d2e4 b7b6 f2g3 b2d3 f3f4 b8c7 e4c3 c7c6 f4f5 g6f5 g4f5 b6b5 c3e4 c5c4 g3f3 d3c5 e4f2 b5b4 f3e3 c5d7 f2g4 c6d5 f5f6 d5e6 f6f7 e6f7 e3d4 c4c3 g4f2 f7e6 f2d3 c3c2 a2a3 b4a3 d3c1 d7f6 d4d3 e6d5 d3c2 d5c4 c1e2 f6d5 e2c1 d5b4 c2b1 c4d4 b1a1 d4c3 c1a2 b4a2 a1a2 c3b4 a2b1 b4b3 b1a1 a7a6 a1b1 b3c4 b1c2 c4d5 c2c1 a3a2 c1b2 d5c5 b2a1 c5b6
Warning; Bestmove does not match beginning of last PV - move b1d2 from SF_2700
Info; info depth 17 seldepth 25 multipv 1 score cp -228 nodes 641158 nps 735272 hashfull 249 tbhits 0 time 872 pv e2d3 f8e8 d1f3 d7b6 c3d4 g7d4 g1h2 e8e1 b1c3 e1f1 f3f1 c8d7 c1d2 a8e8 d2e1 h4f6 a3a4 d7f5 d3f5 f6f5
Position; fen rnbqkbnr/pppp1ppp/8/4p3/3PP3/8/PPP2PPP/RNBQKBNR b KQkq - 0 2
Moves; e5d4 g1e2 c7c5 e2f4 b8c6 f1d3 g7g6 c2c3 g8e7 f4d5 f8g7 a2a3 e7d5 e4d5 c6e5 d3e2 d7d6 e1g1 e8g8 f2f4 e5d7 h2h3 d8h4
Warning; Bestmove does not match beginning of last PV - move g6g5 from SF_2700
Info; info depth 14 seldepth 29 multipv 1 score cp -409 nodes 102397 nps 1575338 hashfull 29 tbhits 0 time 65 pv f7f5 c2c4 g6g5 a2a4 b5a4 b3a4 g5g4 b2d4 d6b8 a4b3
Position; fen rnbqkbnr/pppp1ppp/8/4p3/3PP3/8/PPP2PPP/RNBQKBNR b KQkq - 0 2
Moves; d7d6 g1f3 g8f6 b1c3 b8c6 f1b5 c8d7 b5c6 d7c6 d1d3 a7a6 d4e5 d6e5 f3e5 d8d6 d3d6 f8d6 e5c6 b7c6 f2f3 f6d7 c1e3 d7b6 a1d1 b6c4 e3c1 a6a5 c3a4 e8c8 e1e2 c4b6 a4b6 c7b6 c1e3 c8c7 d1d3 a5a4 h1d1 d6e7 d3d8 h8d8 d1d8 e7d8 e2d3 c7d7 b2b3 a4a3 b3b4 g7g6 e3c1 d7e6 c1a3 h7h5 a3b2 d8c7 h2h3 c7d6 d3c4 b6b5 c4b3
Warning; Bestmove does not match beginning of last PV - move d2f3 from SF_2700
Info; info depth 17 seldepth 29 multipv 1 score cp -264 nodes 449921 nps 1036684 hashfull 164 tbhits 0 time 434 pv b2c3 d7f6 d2c4 f6e4 d1c2 e4c3 c1b2 g7d4 g1h2 c8f5 e2d3 f5d3 c2d3 h4f6 b2c3 d4c3 a1b1 b7b6 b1b3
Position; fen rnbqkbnr/pppp1ppp/8/4p3/3PP3/8/PPP2PPP/RNBQKBNR b KQkq - 0 2
Moves; e5d4 g1e2 c7c5 e2f4 b8c6 f1d3 g7g6 c2c3 g8e7 f4d5 f8g7 a2a3 e7d5 e4d5 c6e5 d3e2 d7d6 e1g1 e8g8 f2f4 e5d7 h2h3 d8h4 b1d2 d4c3
Warning; Bestmove does not match beginning of last PV - move c4c5 from SF_2600
Info; info depth 15 seldepth 22 multipv 1 score cp -595 nodes 146207 nps 2182194 hashfull 51 tbhits 0 time 67 pv d3b3 e7b4 a3a2 b6d8 b3d3 e1c1 f2f3 d8f6 f3g4 h5g4 a2b2 c1c3 d3d1 d4d3
Position; fen rnbqkbnr/pppppppp/8/8/8/2N5/PPPPPPPP/R1BQKBNR b KQkq - 1 1
Moves; d7d5 e2e4 d5d4 c3b1 g8f6 d2d3 c7c5 g1f3 b8c6 b1d2 e7e5 d1e2 c8e6 d2c4 f6d7 f3g5 e6c4 d3c4 f8e7 g5f3 g7g5 g2g3 g5g4 f3d2 h7h5 f1g2 d8b6 h2h4 c6b4 d2b3 a7a5 a2a4 d7f8 a1b1 e8c8 e1g1 f8e6 b1a1 d4d3 c2d3 d8d3 a1a3 h8d8 f1e1 d3b3 e1d1 b4d3 c1e3 b3b2 d1d2 b2b1 g1h2 b1e1 e2d3 d8d3 d2d3 e6d4 e3d4 c5d4
Warning; Bestmove does not match beginning of last PV - move d6e5 from SF_2700
Info; info depth 12 seldepth 19 multipv 1 score cp -405 nodes 54981 nps 1374525 hashfull 19 tbhits 0 time 40 pv b5a4 b3a4 f7f5 c2c4 g5g4 b2d4 d6f4 e4f5 e6f5 h3g4 h5g4 b4b5 c6b5 c4b5 f4c7 f3g4 f5e4
Position; fen rnbqkbnr/pppp1ppp/8/4p3/3PP3/8/PPP2PPP/RNBQKBNR b KQkq - 0 2
Moves; d7d6 g1f3 g8f6 b1c3 b8c6 f1b5 c8d7 b5c6 d7c6 d1d3 a7a6 d4e5 d6e5 f3e5 d8d6 d3d6 f8d6 e5c6 b7c6 f2f3 f6d7 c1e3 d7b6 a1d1 b6c4 e3c1 a6a5 c3a4 e8c8 e1e2 c4b6 a4b6 c7b6 c1e3 c8c7 d1d3 a5a4 h1d1 d6e7 d3d8 h8d8 d1d8 e7d8 e2d3 c7d7 b2b3 a4a3 b3b4 g7g6 e3c1 d7e6 c1a3 h7h5 a3b2 d8c7 h2h3 c7d6 d3c4 b6b5 c4b3 g6g5 a2a4
Warning; Bestmove does not match beginning of last PV - move a2b1 from SF_3000
Info; info depth 50 seldepth 32 multipv 1 score cp 0 nodes 806836 nps 8675655 hashfull 7 tbhits 0 time 93 pv a2b2 b6b5 b2a2 b5a4 a2b2 a4b4 b2c2 a6a5 c2b2 a5a4 b2b1 b4b3 b1c1 b3c3 c1b1
Position; fen rnbqkbnr/pppppppp/8/8/4P3/8/PPPP1PPP/RNBQKBNR b KQkq - 0 1
Moves; e7e5 g1f3 b8c6 d2d4 e5d4 f1c4 g8f6 e1g1 f6e4 f1e1 d7d5 c4d5 d8d5 b1c3 d5c4 f3d2 c4a6 c3d5 a6a5 c2c4 c8f5 d2b3 a5e1 d1e1 e8c8 c1f4 f8d6 f2f3 e4f6 f4d6 d8d6 e1g3 f6d5 g3g7 h8d8 c4d5 d6d5 g7f7 d4d3 h2h4 f5g6 f7e6 c8b8 a1d1 d3d2 h4h5 d5e5 e6e5 c6e5 h5g6 h7g6 d1d2 d8d2 b3d2 e5d3 g2g4 d3b2 g1f2 c7c5 d2e4 b7b6 f2g3 b2d3 f3f4 b8c7 e4c3 c7c6 f4f5 g6f5 g4f5 b6b5 c3e4 c5c4 g3f3 d3c5 e4f2 b5b4 f3e3 c5d7 f2g4 c6d5 f5f6 d5e6 f6f7 e6f7 e3d4 c4c3 g4f2 f7e6 f2d3 c3c2 a2a3 b4a3 d3c1 d7f6 d4d3 e6d5 d3c2 d5c4 c1e2 f6d5 e2c1 d5b4 c2b1 c4d4 b1a1 d4c3 c1a2 b4a2 a1a2 c3b4 a2b1 b4b3 b1a1 a7a6 a1b1 b3c4 b1c2 c4d5 c2c1 a3a2 c1b2 d5c5 b2a1 c5b6 a1b2 b6a5 b2a2 a5b6
Warning; Bestmove does not match beginning of last PV - move f8d6 from SF_2800
Info; info depth 18 seldepth 35 multipv 1 score cp -85 nodes 1172970 nps 728100 hashfull 405 tbhits 0 time 1611 pv d8f6 d1e1 b8d7 d3e3 e8c8 e3e6 f8g7 e6f6 g7f6 c3e2 f7h6 g1f3 h6f5 c2c3 d8f8 h2h3 h8g8
Position; fen rnbqkbnr/pppppppp/8/8/3P4/8/PPP1PPPP/RNBQKBNR b KQkq - 0 1
Moves; c7c6 e2e4 d7d5 b1c3 g7g6 e4e5 g8h6 c1f4 f7f6 d1d2 g6g5 f4g3 h6f7 e1c1 c8f5 e5f6 e7e6 f1d3 f5d3 d2d3
Warning; Bestmove does not match beginning of last PV - move c6b5 from SF_2700
Info; info depth 12 seldepth 29 multipv 1 score cp -476 nodes 94486 nps 1657649 hashfull 27 tbhits 0 time 57 pv e5b2 b3b2 c6b5 c2c4 b5c4 b2c3 g5g4 c3c4 g4f3 g2f3 e6d6 b4b5 d6c7
Position; fen rnbqkbnr/pppp1ppp/8/4p3/3PP3/8/PPP2PPP/RNBQKBNR b KQkq - 0 2
Moves; d7d6 g1f3 g8f6 b1c3 b8c6 f1b5 c8d7 b5c6 d7c6 d1d3 a7a6 d4e5 d6e5 f3e5 d8d6 d3d6 f8d6 e5c6 b7c6 f2f3 f6d7 c1e3 d7b6 a1d1 b6c4 e3c1 a6a5 c3a4 e8c8 e1e2 c4b6 a4b6 c7b6 c1e3 c8c7 d1d3 a5a4 h1d1 d6e7 d3d8 h8d8 d1d8 e7d8 e2d3 c7d7 b2b3 a4a3 b3b4 g7g6 e3c1 d7e6 c1a3 h7h5 a3b2 d8c7 h2h3 c7d6 d3c4 b6b5 c4b3 g6g5 a2a4 d6e5 a4b5
Warning; PV continues after threefold repetition - move b4b3 from HiveChess
Info; info depth 29 score cp 0 nodes 11630018 pv a6a5 b1b2 a5a4 b2c2 b6a5 c2c3 a5b5 c3b2 b5b4 b2c2 a4a3 c2b1 b4b3 b1a1 b3a4 a1a2 a4b4 a2b1 b4b3 b1a1 b3a4 a1a2 a4b4 a2b1 b4b3 b1a1 b3a4 a1a2 a4b4
Position; fen rnbqkbnr/pppppppp/8/8/4P3/8/PPPP1PPP/RNBQKBNR b KQkq - 0 1
Moves; e7e5 g1f3 b8c6 d2d4 e5d4 f1c4 g8f6 e1g1 f6e4 f1e1 d7d5 c4d5 d8d5 b1c3 d5c4 f3d2 c4a6 c3d5 a6a5 c2c4 c8f5 d2b3 a5e1 d1e1 e8c8 c1f4 f8d6 f2f3 e4f6 f4d6 d8d6 e1g3 f6d5 g3g7 h8d8 c4d5 d6d5 g7f7 d4d3 h2h4 f5g6 f7e6 c8b8 a1d1 d3d2 h4h5 d5e5 e6e5 c6e5 h5g6 h7g6 d1d2 d8d2 b3d2 e5d3 g2g4 d3b2 g1f2 c7c5 d2e4 b7b6 f2g3 b2d3 f3f4 b8c7 e4c3 c7c6 f4f5 g6f5 g4f5 b6b5 c3e4 c5c4 g3f3 d3c5 e4f2 b5b4 f3e3 c5d7 f2g4 c6d5 f5f6 d5e6 f6f7 e6f7 e3d4 c4c3 g4f2 f7e6 f2d3 c3c2 a2a3 b4a3 d3c1 d7f6 d4d3 e6d5 d3c2 d5c4 c1e2 f6d5 e2c1 d5b4 c2b1 c4d4 b1a1 d4c3 c1a2 b4a2 a1a2 c3b4 a2b1 b4b3 b1a1 a7a6 a1b1 b3c4 b1c2 c4d5 c2c1 a3a2 c1b2 d5c5 b2a1 c5b6 a1b2 b6a5 b2a2 a5b6 a2b1
Warning; Bestmove does not match beginning of last PV - move b1b2 from SF_3000
Info; info depth 58 seldepth 44 multipv 1 score cp 0 nodes 885946 nps 8685745 hashfull 9 tbhits 0 time 102 pv b1c1 b6b5 c1b2 a5a4 b2a2 b5a6 a2a3 a6a5 a3a2 a5b4 a2b2 b4c5 b2a3 c5b5
Position; fen rnbqkbnr/pppppppp/8/8/4P3/8/PPPP1PPP/RNBQKBNR b KQkq - 0 1
Moves; e7e5 g1f3 b8c6 d2d4 e5d4 f1c4 g8f6 e1g1 f6e4 f1e1 d7d5 c4d5 d8d5 b1c3 d5c4 f3d2 c4a6 c3d5 a6a5 c2c4 c8f5 d2b3 a5e1 d1e1 e8c8 c1f4 f8d6 f2f3 e4f6 f4d6 d8d6 e1g3 f6d5 g3g7 h8d8 c4d5 d6d5 g7f7 d4d3 h2h4 f5g6 f7e6 c8b8 a1d1 d3d2 h4h5 d5e5 e6e5 c6e5 h5g6 h7g6 d1d2 d8d2 b3d2 e5d3 g2g4 d3b2 g1f2 c7c5 d2e4 b7b6 f2g3 b2d3 f3f4 b8c7 e4c3 c7c6 f4f5 g6f5 g4f5 b6b5 c3e4 c5c4 g3f3 d3c5 e4f2 b5b4 f3e3 c5d7 f2g4 c6d5 f5f6 d5e6 f6f7 e6f7 e3d4 c4c3 g4f2 f7e6 f2d3 c3c2 a2a3 b4a3 d3c1 d7f6 d4d3 e6d5 d3c2 d5c4 c1e2 f6d5 e2c1 d5b4 c2b1 c4d4 b1a1 d4c3 c1a2 b4a2 a1a2 c3b4 a2b1 b4b3 b1a1 a7a6 a1b1 b3c4 b1c2 c4d5 c2c1 a3a2 c1b2 d5c5 b2a1 c5b6 a1b2 b6a5 b2a2 a5b6 a2b1 a6a5
Warning; Bestmove does not match beginning of last PV - move a3a2 from SF_2600
Info; info depth 15 seldepth 24 multipv 1 score cp -658 nodes 137918 nps 2298633 hashfull 55 tbhits 0 time 60 pv a3b3 b6f6 b3b2 e1c1 d3b3 c5b4 b2e2 f6d8
Position; fen rnbqkbnr/pppppppp/8/8/8/2N5/PPPPPPPP/R1BQKBNR b KQkq - 1 1
Moves; d7d5 e2e4 d5d4 c3b1 g8f6 d2d3 c7c5 g1f3 b8c6 b1d2 e7e5 d1e2 c8e6 d2c4 f6d7 f3g5 e6c4 d3c4 f8e7 g5f3 g7g5 g2g3 g5g4 f3d2 h7h5 f1g2 d8b6 h2h4 c6b4 d2b3 a7a5 a2a4 d7f8 a1b1 e8c8 e1g1 f8e6 b1a1 d4d3 c2d3 d8d3 a1a3 h8d8 f1e1 d3b3 e1d1 b4d3 c1e3 b3b2 d1d2 b2b1 g1h2 b1e1 e2d3 d8d3 d2d3 e6d4 e3d4 c5d4 c4c5 e7c5
Warning; Bestmove does not match beginning of last PV - move e8d7 from SF_2800
Info; info depth 15 seldepth 28 multipv 1 score cp -174 nodes 478822 nps 748159 hashfull 188 tbhits 0 time 640 pv b8d7 g3d6 f7d6 d1e1 d7f8 c3a4 b7b6 h2h4 h8g8 f3g3 d6e4 e1e4 d5e4 h4g5 d8d4 g3c7 g8g5
Position; fen rnbqkbnr/pppppppp/8/8/3P4/8/PPP1PPPP/RNBQKBNR b KQkq - 0 1
Moves; c7c6 e2e4 d7d5 b1c3 g7g6 e4e5 g8h6 c1f4 f7f6 d1d2 g6g5 f4g3 h6f7 e1c1 c8f5 e5f6 e7e6 f1d3 f5d3 d2d3 f8d6 d3f3
Warning; Bestmove does not match beginning of last PV - move a2c2 from SF_2600
Info; info depth 16 seldepth 23 multipv 1 score cp -688 nodes 127205 nps 2312818 hashfull 45 tbhits 0 time 55 pv d3d2 c5b4 a2b2 b6f6 d2d3 e1c1 f2f3 c1c3 d3d1 g4f3 b2f2 d4d3
Position; fen rnbqkbnr/pppppppp/8/8/8/2N5/PPPPPPPP/R1BQKBNR b KQkq - 1 1
Moves; d7d5 e2e4 d5d4 c3b1 g8f6 d2d3 c7c5 g1f3 b8c6 b1d2 e7e5 d1e2 c8e6 d2c4 f6d7 f3g5 e6c4 d3c4 f8e7 g5f3 g7g5 g2g3 g5g4 f3d2 h7h5 f1g2 d8b6 h2h4 c6b4 d2b3 a7a5 a2a4 d7f8 a1b1 e8c8 e1g1 f8e6 b1a1 d4d3 c2d3 d8d3 a1a3 h8d8 f1e1 d3b3 e1d1 b4d3 c1e3 b3b2 d1d2 b2b1 g1h2 b1e1 e2d3 d8d3 d2d3 e6d4 e3d4 c5d4 c4c5 e7c5 a3a2 c8b8
Warning; Bestmove does not match beginning of last PV - move f3e1 from SF_2700
Info; info depth 16 seldepth 39 multipv 1 score cp -305 nodes 520894 nps 895006 hashfull 207 tbhits 0 time 582 pv f3g5 g3c3 a1b1 c8f5 b1b3 c3c2 g2g4 c2d1 e2d1 c5c4 b3b7 f5d3 f1e1 a8b8 b7e7
Position; fen rnbqkbnr/pppp1ppp/8/4p3/3PP3/8/PPP2PPP/RNBQKBNR b KQkq - 0 2
Moves; e5d4 g1e2 c7c5 e2f4 b8c6 f1d3 g7g6 c2c3 g8e7 f4d5 f8g7 a2a3 e7d5 e4d5 c6e5 d3e2 d7d6 e1g1 e8g8 f2f4 e5d7 h2h3 d8h4 b1d2 d4c3 d2f3 h4g3 b2c3 d7f6
Warning; PV continues after threefold repetition - move c4d4 from HiveChess
Info; info depth 30 score cp 0 nodes 19546338 pv a5a4 b2c2 b6a5 c2c3 a5b5 c3b2 b5c5 b2c1 c5c4 c1b2 c4d4 b2c2 d4c4 c2b2 c4d4 b2c2 d4c4 c2b2 c4d4 b2c2 d4c4 c2b2 c4d4 b2c2 d4c4 c2b2 c4d4 b2c2 d4c4 c2b2
Position; fen rnbqkbnr/pppppppp/8/8/4P3/8/PPPP1PPP/RNBQKBNR b KQkq - 0 1
Moves; e7e5 g1f3 b8c6 d2d4 e5d4 f1c4 g8f6 e1g1 f6e4 f1e1 d7d5 c4d5 d8d5 b1c3 d5c4 f3d2 c4a6 c3d5 a6a5 c2c4 c8f5 d2b3 a5e1 d1e1 e8c8 c1f4 f8d6 f2f3 e4f6 f4d6 d8d6 e1g3 f6d5 g3g7 h8d8 c4d5 d6d5 g7f7 d4d3 h2h4 f5g6 f7e6 c8b8 a1d1 d3d2 h4h5 d5e5 e6e5 c6e5 h5g6 h7g6 d1d2 d8d2 b3d2 e5d3 g2g4 d3b2 g1f2 c7c5 d2e4 b7b6 f2g3 b2d3 f3f4 b8c7 e4c3 c7c6 f4f5 g6f5 g4f5 b6b5 c3e4 c5c4 g3f3 d3c5 e4f2 b5b4 f3e3 c5d7 f2g4 c6d5 f5f6 d5e6 f6f7 e6f7 e3d4 c4c3 g4f2 f7e6 f2d3 c3c2 a2a3 b4a3 d3c1 d7f6 d4d3 e6d5 d3c2 d5c4 c1e2 f6d5 e2c1 d5b4 c2b1 c4d4 b1a1 d4c3 c1a2 b4a2 a1a2 c3b4 a2b1 b4b3 b1a1 a7a6 a1b1 b3c4 b1c2 c4d5 c2c1 a3a2 c1b2 d5c5 b2a1 c5b6 a1b2 b6a5 b2a2 a5b6 a2b1 a6a5 b1b2
Warning; Bestmove does not match beginning of last PV - move b2a3 from SF_3000
Info; info depth 44 seldepth 13 multipv 1 score cp 0 nodes 950774 nps 8803462 hashfull 8 tbhits 0 time 108 pv b2a1 b6b5 a1b2 b5b4 b2a2 a4a3 a2b1 b4b5 b1a1 b5c4 a1a2
Position; fen rnbqkbnr/pppppppp/8/8/4P3/8/PPPP1PPP/RNBQKBNR b KQkq - 0 1
Moves; e7e5 g1f3 b8c6 d2d4 e5d4 f1c4 g8f6 e1g1 f6e4 f1e1 d7d5 c4d5 d8d5 b1c3 d5c4 f3d2 c4a6 c3d5 a6a5 c2c4 c8f5 d2b3 a5e1 d1e1 e8c8 c1f4 f8d6 f2f3 e4f6 f4d6 d8d6 e1g3 f6d5 g3g7 h8d8 c4d5 d6d5 g7f7 d4d3 h2h4 f5g6 f7e6 c8b8 a1d1 d3d2 h4h5 d5e5 e6e5 c6e5 h5g6 h7g6 d1d2 d8d2 b3d2 e5d3 g2g4 d3b2 g1f2 c7c5 d2e4 b7b6 f2g3 b2d3 f3f4 b8c7 e4c3 c7c6 f4f5 g6f5 g4f5 b6b5 c3e4 c5c4 g3f3 d3c5 e4f2 b5b4 f3e3 c5d7 f2g4 c6d5 f5f6 d5e6 f6f7 e6f7 e3d4 c4c3 g4f2 f7e6 f2d3 c3c2 a2a3 b4a3 d3c1 d7f6 d4d3 e6d5 d3c2 d5c4 c1e2 f6d5 e2c1 d5b4 c2b1 c4d4 b1a1 d4c3 c1a2 b4a2 a1a2 c3b4 a2b1 b4b3 b1a1 a7a6 a1b1 b3c4 b1c2 c4d5 c2c1 a3a2 c1b2 d5c5 b2a1 c5b6 a1b2 b6a5 b2a2 a5b6 a2b1 a6a5 b1b2 a5a4
Warning; Bestmove does not match beginning of last PV - move f7f5 from SF_2700
Info; info depth 13 seldepth 23 multipv 1 score cp -482 nodes 77395 nps 2496612 hashfull 19 tbhits 0 time 31 pv e6e5 c2c4 b5c4 b3c4 e5d6 b4b5 d6c7 c4c5 f7f6 h3h4 g5g4 b5b6 c7b7 f3f4 g4g3
Position; fen rnbqkbnr/pppp1ppp/8/4p3/3PP3/8/PPP2PPP/RNBQKBNR b KQkq - 0 2
Moves; d7d6 g1f3 g8f6 b1c3 b8c6 f1b5 c8d7 b5c6 d7c6 d1d3 a7a6 d4e5 d6e5 f3e5 d8d6 d3d6 f8d6 e5c6 b7c6 f2f3 f6d7 c1e3 d7b6 a1d1 b6c4 e3c1 a6a5 c3a4 e8c8 e1e2 c4b6 a4b6 c7b6 c1e3 c8c7 d1d3 a5a4 h1d1 d6e7 d3d8 h8d8 d1d8 e7d8 e2d3 c7d7 b2b3 a4a3 b3b4 g7g6 e3c1 d7e6 c1a3 h7h5 a3b2 d8c7 h2h3 c7d6 d3c4 b6b5 c4b3 g6g5 a2a4 d6e5 a4b5 c6b5 b2e5
Warning; PV continues after threefold repetition - move a3b2 from HiveChess
Info; info depth 30 score cp 0 nodes 12949343 pv b6b5 a3b2 b5c5 b2a3 c5b5 a3b2 b5c5 b2a3 c5b5 a3b2 b5c5 b2a3 c5b5 a3b2 b5c5 b2a3 c5b5 a3b2 b5c5 b2a3 c5b5 a3b2 b5c5 b2a3 c5b5 a3b2 b5c5 b2a3 c5b5 a3b2
Position; fen rnbqkbnr/pppppppp/8/8/4P3/8/PPPP1PPP/RNBQKBNR b KQkq - 0 1
Moves; e7e5 g1f3 b8c6 d2d4 e5d4 f1c4 g8f6 e1g1 f6e4 f1e1 d7d5 c4d5 d8d5 b1c3 d5c4 f3d2 c4a6 c3d5 a6a5 c2c4 c8f5 d2b3 a5e1 d1e1 e8c8 c1f4 f8d6 f2f3 e4f6 f4d6 d8d6 e1g3 f6d5 g3g7 h8d8 c4d5 d6d5 g7f7 d4d3 h2h4 f5g6 f7e6 c8b8 a1d1 d3d2 h4h5 d5e5 e6e5 c6e5 h5g6 h7g6 d1d2 d8d2 b3d2 e5d3 g2g4 d3b2 g1f2 c7c5 d2e4 b7b6 f2g3 b2d3 f3f4 b8c7 e4c3 c7c6 f4f5 g6f5 g4f5 b6b5 c3e4 c5c4 g3f3 d3c5 e4f2 b5b4 f3e3 c5d7 f2g4 c6d5 f5f6 d5e6 f6f7 e6f7 e3d4 c4c3 g4f2 f7e6 f2d3 c3c2 a2a3 b4a3 d3c1 d7f6 d4d3 e6d5 d3c2 d5c4 c1e2 f6d5 e2c1 d5b4 c2b1 c4d4 b1a1 d4c3 c1a2 b4a2 a1a2 c3b4 a2b1 b4b3 b1a1 a7a6 a1b1 b3c4 b1c2 c4d5 c2c1 a3a2 c1b2 d5c5 b2a1 c5b6 a1b2 b6a5 b2a2 a5b6 a2b1 a6a5 b1b2 a5a4 b2a3
Warning; Bestmove does not match beginning of last PV - move a3b2 from SF_3000
Info; info depth 45 seldepth 18 multipv 1 score cp 0 nodes 897381 nps 8546485 hashfull 12 tbhits 0 time 105 pv a3a2 b5b6 a2a3 b6a5 a3b2 a5b4 b2a2 a4a3 a2a1 b4b5 a1b1 b5a5 b1a2
Position; fen rnbqkbnr/pppppppp/8/8/4P3/8/PPPP1PPP/RNBQKBNR b KQkq - 0 1
Moves; e7e5 g1f3 b8c6 d2d4 e5d4 f1c4 g8f6 e1g1 f6e4 f1e1 d7d5 c4d5 d8d5 b1c3 d5c4 f3d2 c4a6 c3d5 a6a5 c2c4 c8f5 d2b3 a5e1 d1e1 e8c8 c1f4 f8d6 f2f3 e4f6 f4d6 d8d6 e1g3 f6d5 g3g7 h8d8 c4d5 d6d5 g7f7 d4d3 h2h4 f5g6 f7e6 c8b8 a1d1 d3d2 h4h5 d5e5 e6e5 c6e5 h5g6 h7g6 d1d2 d8d2 b3d2 e5d3 g2g4 d3b2 g1f2 c7c5 d2e4 b7b6 f2g3 b2d3 f3f4 b8c7 e4c3 c7c6 f4f5 g6f5 g4f5 b6b5 c3e4 c5c4 g3f3 d3c5 e4f2 b5b4 f3e3 c5d7 f2g4 c6d5 f5f6 d5e6 f6f7 e6f7 e3d4 c4c3 g4f2 f7e6 f2d3 c3c2 a2a3 b4a3 d3c1 d7f6 d4d3 e6d5 d3c2 d5c4 c1e2 f6d5 e2c1 d5b4 c2b1 c4d4 b1a1 d4c3 c1a2 b4a2 a1a2 c3b4 a2b1 b4b3 b1a1 a7a6 a1b1 b3c4 b1c2 c4d5 c2c1 a3a2 c1b2 d5c5 b2a1 c5b6 a1b2 b6a5 b2a2 a5b6 a2b1 a6a5 b1b2 a5a4 b2a3 b6b5
Warning; Bestmove does not match beginning of last PV - move f2f4 from SF_2600
Info; info depth 13 seldepth 17 multipv 1 score cp -680 nodes 78111 nps 2297382 hashfull 27 tbhits 0 time 34 pv g2f3 g4f3 d3f3 b1a1 c2c4 b8a7 f3f7
Position; fen rnbqkbnr/pppppppp/8/8/8/2N5/PPPPPPPP/R1BQKBNR b KQkq - 1 1
Moves; d7d5 e2e4 d5d4 c3b1 g8f6 d2d3 c7c5 g1f3 b8c6 b1d2 e7e5 d1e2 c8e6 d2c4 f6d7 f3g5 e6c4 d3c4 f8e7 g5f3 g7g5 g2g3 g5g4 f3d2 h7h5 f1g2 d8b6 h2h4 c6b4 d2b3 a7a5 a2a4 d7f8 a1b1 e8c8 e1g1 f8e6 b1a1 d4d3 c2d3 d8d3 a1a3 h8d8 f1e1 d3b3 e1d1 b4d3 c1e3 b3b2 d1d2 b2b1 g1h2 b1e1 e2d3 d8d3 d2d3 e6d4 e3d4 c5d4 c4c5 e7c5 a3a2 c8b8 a2c2 e1b1
Finished game 22 (SF_2600 vs HiveChess): 0-1 {Black wins by adjudication}
Started game 26 of 1000 (SF_2800 vs HiveChess)
Warning; Bestmove does not match beginning of last PV - move c2c4 from SF_2800
Info; info depth 18 seldepth 30 multipv 1 score cp 36 nodes 1260370 nps 810527 hashfull 416 tbhits 0 time 1555 pv g1f3 c7c6 c2c4 g8f6 b1c3 d5c4 a2a4 c8f5 e2e3 b8d7 f1c4 e7e6 d1e2 f8b4 e1g1 e8g8 e3e4 f5g6
Position; fen rnbqkbnr/pppppppp/8/8/3P4/8/PPP1PPPP/RNBQKBNR b KQkq - 0 1
Moves; d7d5
Warning; PV continues after threefold repetition - move a3b2 from HiveChess
Info; info depth 30 score cp 0 nodes 9669129 pv b5c5 b2a3 c5b5 a3b2 b5c5 b2a3 c5b5 a3b2 b5c5 b2a3 c5b5 a3b2 b5c5 b2a3 c5b5 a3b2 b5c5 b2a3 c5b5 a3b2 b5c5 b2a3 c5b5 a3b2 b5c5 b2a3 c5b5 a3b2 b5c5 b2a3
Position; fen rnbqkbnr/pppppppp/8/8/4P3/8/PPPP1PPP/RNBQKBNR b KQkq - 0 1
Moves; e7e5 g1f3 b8c6 d2d4 e5d4 f1c4 g8f6 e1g1 f6e4 f1e1 d7d5 c4d5 d8d5 b1c3 d5c4 f3d2 c4a6 c3d5 a6a5 c2c4 c8f5 d2b3 a5e1 d1e1 e8c8 c1f4 f8d6 f2f3 e4f6 f4d6 d8d6 e1g3 f6d5 g3g7 h8d8 c4d5 d6d5 g7f7 d4d3 h2h4 f5g6 f7e6 c8b8 a1d1 d3d2 h4h5 d5e5 e6e5 c6e5 h5g6 h7g6 d1d2 d8d2 b3d2 e5d3 g2g4 d3b2 g1f2 c7c5 d2e4 b7b6 f2g3 b2d3 f3f4 b8c7 e4c3 c7c6 f4f5 g6f5 g4f5 b6b5 c3e4 c5c4 g3f3 d3c5 e4f2 b5b4 f3e3 c5d7 f2g4 c6d5 f5f6 d5e6 f6f7 e6f7 e3d4 c4c3 g4f2 f7e6 f2d3 c3c2 a2a3 b4a3 d3c1 d7f6 d4d3 e6d5 d3c2 d5c4 c1e2 f6d5 e2c1 d5b4 c2b1 c4d4 b1a1 d4c3 c1a2 b4a2 a1a2 c3b4 a2b1 b4b3 b1a1 a7a6 a1b1 b3c4 b1c2 c4d5 c2c1 a3a2 c1b2 d5c5 b2a1 c5b6 a1b2 b6a5 b2a2 a5b6 a2b1 a6a5 b1b2 a5a4 b2a3 b6b5 a3b2
Warning; Bestmove does not match beginning of last PV - move b2c3 from SF_3000
Info; info depth 48 seldepth 20 multipv 1 score cp 0 nodes 1091072 nps 9017123 hashfull 10 tbhits 0 time 121 pv b2b1 c5c4 b1a2 c4b5 a2b1 b5b4 b1b2 a4a3 b2a2 b4a4 a2b1 a4b3 b1a1 b3c4 a1a2 c4b4 a2a1
Position; fen rnbqkbnr/pppppppp/8/8/4P3/8/PPPP1PPP/RNBQKBNR b KQkq - 0 1
Moves; e7e5 g1f3 b8c6 d2d4 e5d4 f1c4 g8f6 e1g1 f6e4 f1e1 d7d5 c4d5 d8d5 b1c3 d5c4 f3d2 c4a6 c3d5 a6a5 c2c4 c8f5 d2b3 a5e1 d1e1 e8c8 c1f4 f8d6 f2f3 e4f6 f4d6 d8d6 e1g3 f6d5 g3g7 h8d8 c4d5 d6d5 g7f7 d4d3 h2h4 f5g6 f7e6 c8b8 a1d1 d3d2 h4h5 d5e5 e6e5 c6e5 h5g6 h7g6 d1d2 d8d2 b3d2 e5d3 g2g4 d3b2 g1f2 c7c5 d2e4 b7b6 f2g3 b2d3 f3f4 b8c7 e4c3 c7c6 f4f5 g6f5 g4f5 b6b5 c3e4 c5c4 g3f3 d3c5 e4f2 b5b4 f3e3 c5d7 f2g4 c6d5 f5f6 d5e6 f6f7 e6f7 e3d4 c4c3 g4f2 f7e6 f2d3 c3c2 a2a3 b4a3 d3c1 d7f6 d4d3 e6d5 d3c2 d5c4 c1e2 f6d5 e2c1 d5b4 c2b1 c4d4 b1a1 d4c3 c1a2 b4a2 a1a2 c3b4 a2b1 b4b3 b1a1 a7a6 a1b1 b3c4 b1c2 c4d5 c2c1 a3a2 c1b2 d5c5 b2a1 c5b6 a1b2 b6a5 b2a2 a5b6 a2b1 a6a5 b1b2 a5a4 b2a3 b6b5 a3b2 b5c5
Warning; Bestmove does not match beginning of last PV - move f5e4 from SF_2700
Info; info depth 15 seldepth 32 multipv 1 score cp -699 nodes 155986 nps 4104894 hashfull 24 tbhits 0 time 38 pv b5c4 b3c4 f5e4 f3e4 g4h3 g2h3 e6e7 c4d5 e7d7 d5c5 h5h4 b4b5 d7d8 c5d6 d8c8 b5b6
Position; fen rnbqkbnr/pppp1ppp/8/4p3/3PP3/8/PPP2PPP/RNBQKBNR b KQkq - 0 2
Moves; d7d6 g1f3 g8f6 b1c3 b8c6 f1b5 c8d7 b5c6 d7c6 d1d3 a7a6 d4e5 d6e5 f3e5 d8d6 d3d6 f8d6 e5c6 b7c6 f2f3 f6d7 c1e3 d7b6 a1d1 b6c4 e3c1 a6a5 c3a4 e8c8 e1e2 c4b6 a4b6 c7b6 c1e3 c8c7 d1d3 a5a4 h1d1 d6e7 d3d8 h8d8 d1d8 e7d8 e2d3 c7d7 b2b3 a4a3 b3b4 g7g6 e3c1 d7e6 c1a3 h7h5 a3b2 d8c7 h2h3 c7d6 d3c4 b6b5 c4b3 g6g5 a2a4 d6e5 a4b5 c6b5 b2e5 f7f5 e5d4 g5g4 c2c4
Warning; Bestmove does not match beginning of last PV - move d8g8 from SF_2800
Info; info depth 15 seldepth 25 multipv 1 score cp -178 nodes 267496 nps 607945 hashfull 103 tbhits 0 time 440 pv h7h6 h4g5 h6g5 g1e2 d8g8 h1h8 g8h8 e2g3 b8a6 d1h1 h8g8
Position; fen rnbqkbnr/pppppppp/8/8/3P4/8/PPP1PPPP/RNBQKBNR b KQkq - 0 1
Moves; c7c6 e2e4 d7d5 b1c3 g7g6 e4e5 g8h6 c1f4 f7f6 d1d2 g6g5 f4g3 h6f7 e1c1 c8f5 e5f6 e7e6 f1d3 f5d3 d2d3 f8d6 d3f3 e8d7 g3d6 f7d6 h2h4
Warning; Bestmove does not match beginning of last PV - move f1f3 from SF_2700
Info; info depth 16 seldepth 42 multipv 1 score cp -467 nodes 927624 nps 1411908 hashfull 375 tbhits 0 time 657 pv e1c2 g3f1 d1f1 e3d2 e2d3 c8f5 d3f5 g6f5 c2e3 d2e3 a1e1 e3d2 e1e2 d2d3 b2a1
Position; fen rnbqkbnr/pppp1ppp/8/4p3/3PP3/8/PPP2PPP/RNBQKBNR b KQkq - 0 2
Moves; e5d4 g1e2 c7c5 e2f4 b8c6 f1d3 g7g6 c2c3 g8e7 f4d5 f8g7 a2a3 e7d5 e4d5 c6e5 d3e2 d7d6 e1g1 e8g8 f2f4 e5d7 h2h3 d8h4 b1d2 d4c3 d2f3 h4g3 b2c3 d7f6 f3e1 f6e4 c1b2 g3e3 g1h2 e4g3
Warning; Bestmove does not match beginning of last PV - move c3c2 from SF_3000
Info; info depth 45 seldepth 33 multipv 1 score cp 0 nodes 1735029 nps 5456066 hashfull 74 tbhits 0 time 318 pv c3b3 c5b6 b3a3 b6a5 a3b3 a5b5 b3c2 b5c4 c2d2 c4b4 d2d3 b4b5 d3d4 b5b4 d4d5 b4a4 d5c4 a4a5 c4c5 a5a4 c5d4
Position; fen rnbqkbnr/pppppppp/8/8/4P3/8/PPPP1PPP/RNBQKBNR b KQkq - 0 1
Moves; e7e5 g1f3 b8c6 d2d4 e5d4 f1c4 g8f6 e1g1 f6e4 f1e1 d7d5 c4d5 d8d5 b1c3 d5c4 f3d2 c4a6 c3d5 a6a5 c2c4 c8f5 d2b3 a5e1 d1e1 e8c8 c1f4 f8d6 f2f3 e4f6 f4d6 d8d6 e1g3 f6d5 g3g7 h8d8 c4d5 d6d5 g7f7 d4d3 h2h4 f5g6 f7e6 c8b8 a1d1 d3d2 h4h5 d5e5 e6e5 c6e5 h5g6 h7g6 d1d2 d8d2 b3d2 e5d3 g2g4 d3b2 g1f2 c7c5 d2e4 b7b6 f2g3 b2d3 f3f4 b8c7 e4c3 c7c6 f4f5 g6f5 g4f5 b6b5 c3e4 c5c4 g3f3 d3c5 e4f2 b5b4 f3e3 c5d7 f2g4 c6d5 f5f6 d5e6 f6f7 e6f7 e3d4 c4c3 g4f2 f7e6 f2d3 c3c2 a2a3 b4a3 d3c1 d7f6 d4d3 e6d5 d3c2 d5c4 c1e2 f6d5 e2c1 d5b4 c2b1 c4d4 b1a1 d4c3 c1a2 b4a2 a1a2 c3b4 a2b1 b4b3 b1a1 a7a6 a1b1 b3c4 b1c2 c4d5 c2c1 a3a2 c1b2 d5c5 b2a1 c5b6 a1b2 b6a5 b2a2 a5b6 a2b1 a6a5 b1b2 a5a4 b2a3 b6b5 a3b2 b5c5 b2c3 a4a3
Warning; Bestmove does not match beginning of last PV - move b1c3 from SF_2800
Info; info depth 18 seldepth 37 multipv 1 score cp 45 nodes 707383 nps 872235 hashfull 206 tbhits 0 time 811 pv g2g3 f8e7 f1g2 d5c4 e1g1 e8g8 d1c2 b7b5 a2a4 b5b4 f3d2 f6d5 d2c4
Position; fen rnbqkbnr/pppppppp/8/8/3P4/8/PPP1PPPP/RNBQKBNR b KQkq - 0 1
Moves; d7d5 c2c4 e7e6 g1f3 g8f6
Warning; Bestmove does not match beginning of last PV - move e6d7 from SF_2700
Info; info depth 15 seldepth 31 multipv 1 score cp -813 nodes 198741 nps 4416466 hashfull 26 tbhits 0 time 45 pv b5c4 b3c4 h5h4 h3g4 e6e7 c4d5 e7f7 b4b5 f7g6 b5b6 h4h3 g2h3 g6h6
Position; fen rnbqkbnr/pppp1ppp/8/4p3/3PP3/8/PPP2PPP/RNBQKBNR b KQkq - 0 2
Moves; d7d6 g1f3 g8f6 b1c3 b8c6 f1b5 c8d7 b5c6 d7c6 d1d3 a7a6 d4e5 d6e5 f3e5 d8d6 d3d6 f8d6 e5c6 b7c6 f2f3 f6d7 c1e3 d7b6 a1d1 b6c4 e3c1 a6a5 c3a4 e8c8 e1e2 c4b6 a4b6 c7b6 c1e3 c8c7 d1d3 a5a4 h1d1 d6e7 d3d8 h8d8 d1d8 e7d8 e2d3 c7d7 b2b3 a4a3 b3b4 g7g6 e3c1 d7e6 c1a3 h7h5 a3b2 d8c7 h2h3 c7d6 d3c4 b6b5 c4b3 g6g5 a2a4 d6e5 a4b5 c6b5 b2e5 f7f5 e5d4 g5g4 c2c4 f5e4 f3e4
Finished game 23 (HiveChess vs SF_2700): 1-0 {White wins by adjudication}
Started game 27 of 1000 (HiveChess vs SF_2900)
Warning; PV continues after threefold repetition - move c2d1 from HiveChess
Info; info depth 31 score cp 0 nodes 21343698 pv a3a2 c2b2 c5b4 b2a2 b4c4 a2a1 c4d3 a1b1 d3e4 b1a2 e4e3 a2b2 e3e4 b2c1 e4d5 c1c2 d5c4 c2d1 c4d4 d1c2 d4c4 c2d1 c4d4 d1c2 d4c4 c2d1 c4d4 d1c2 d4c4 c2d1 c4d4
Position; fen rnbqkbnr/pppppppp/8/8/4P3/8/PPPP1PPP/RNBQKBNR b KQkq - 0 1
Moves; e7e5 g1f3 b8c6 d2d4 e5d4 f1c4 g8f6 e1g1 f6e4 f1e1 d7d5 c4d5 d8d5 b1c3 d5c4 f3d2 c4a6 c3d5 a6a5 c2c4 c8f5 d2b3 a5e1 d1e1 e8c8 c1f4 f8d6 f2f3 e4f6 f4d6 d8d6 e1g3 f6d5 g3g7 h8d8 c4d5 d6d5 g7f7 d4d3 h2h4 f5g6 f7e6 c8b8 a1d1 d3d2 h4h5 d5e5 e6e5 c6e5 h5g6 h7g6 d1d2 d8d2 b3d2 e5d3 g2g4 d3b2 g1f2 c7c5 d2e4 b7b6 f2g3 b2d3 f3f4 b8c7 e4c3 c7c6 f4f5 g6f5 g4f5 b6b5 c3e4 c5c4 g3f3 d3c5 e4f2 b5b4 f3e3 c5d7 f2g4 c6d5 f5f6 d5e6 f6f7 e6f7 e3d4 c4c3 g4f2 f7e6 f2d3 c3c2 a2a3 b4a3 d3c1 d7f6 d4d3 e6d5 d3c2 d5c4 c1e2 f6d5 e2c1 d5b4 c2b1 c4d4 b1a1 d4c3 c1a2 b4a2 a1a2 c3b4 a2b1 b4b3 b1a1 a7a6 a1b1 b3c4 b1c2 c4d5 c2c1 a3a2 c1b2 d5c5 b2a1 c5b6 a1b2 b6a5 b2a2 a5b6 a2b1 a6a5 b1b2 a5a4 b2a3 b6b5 a3b2 b5c5 b2c3 a4a3 c3c2
Warning; Bestmove does not match beginning of last PV - move g3e3 from SF_2700
Info; info depth 17 seldepth 35 multipv 1 score cp -526 nodes 685791 nps 1503927 hashfull 278 tbhits 0 time 456 pv a1b1 b2a2 g3e3 a2f2 d1f3 f2h4 e1d3 c8f5 g2g4 f5d3 e3d3 h4f6
Position; fen rnbqkbnr/pppp1ppp/8/4p3/3PP3/8/PPP2PPP/RNBQKBNR b KQkq - 0 2
Moves; e5d4 g1e2 c7c5 e2f4 b8c6 f1d3 g7g6 c2c3 g8e7 f4d5 f8g7 a2a3 e7d5 e4d5 c6e5 d3e2 d7d6 e1g1 e8g8 f2f4 e5d7 h2h3 d8h4 b1d2 d4c3 d2f3 h4g3 b2c3 d7f6 f3e1 f6e4 c1b2 g3e3 g1h2 e4g3 f1f3 e3e2 f3g3 e2b2
Warning; Bestmove does not match beginning of last PV - move d1a4 from SF_2800
Info; info depth 19 seldepth 29 multipv 1 score cp 29 nodes 1615334 nps 732910 hashfull 511 tbhits 0 time 2204 pv c1g5 e8g8 e2e3 c7c5 c4d5 e6d5 f1e2 c8e6 e1g1 b8d7 d1c2 a8c8 f1c1 h7h6 g5h4 b4c3 c2c3 c5c4 f3d2 b7b5 a2a4 a7a6 a4b5
Position; fen rnbqkbnr/pppppppp/8/8/3P4/8/PPP1PPPP/RNBQKBNR b KQkq - 0 1
Moves; d7d5 c2c4 e7e6 g1f3 g8f6 b1c3 f8b4
Warning; Bestmove does not match beginning of last PV - move e1f3 from SF_2700
Info; info depth 17 seldepth 29 multipv 1 score cp -564 nodes 578634 nps 1555467 hashfull 225 tbhits 0 time 372 pv e3e2 b2c3 a1c1 c3a3 g2g4 a3b4 g4f5 b4f4 h2g2 f4g5 g2h2 a8e8 e2e8 f8e8 e1f3 g7e5 f3e5 g5f4 h2g2 f4e5
Position; fen rnbqkbnr/pppp1ppp/8/4p3/3PP3/8/PPP2PPP/RNBQKBNR b KQkq - 0 2
Moves; e5d4 g1e2 c7c5 e2f4 b8c6 f1d3 g7g6 c2c3 g8e7 f4d5 f8g7 a2a3 e7d5 e4d5 c6e5 d3e2 d7d6 e1g1 e8g8 f2f4 e5d7 h2h3 d8h4 b1d2 d4c3 d2f3 h4g3 b2c3 d7f6 f3e1 f6e4 c1b2 g3e3 g1h2 e4g3 f1f3 e3e2 f3g3 e2b2 g3e3 c8f5
Warning; Bestmove does not match beginning of last PV - move c8f5 from SF_2900
Info; info depth 17 seldepth 32 multipv 1 score cp -69 nodes 1093366 nps 685066 hashfull 389 tbhits 0 time 1596 pv g8f6 d2d4 g7g6 c3b5 d6b6 a2a4 a7a6 b5a3 c8e6 f1c4 e6c4 a3c4 b6c6 b2b3 c6e4 c4e3 f8g7 e1g1 b8c6 c2c3 e8g8 b3b4
Position; fen rnbqkbnr/ppp1pppp/8/3p4/4P3/8/PPPP1PPP/RNBQKBNR w KQkq - 0 2
Moves; e4d5 d8d5 b1c3 d5d6 g1f3
Warning; PV continues after threefold repetition - move f6e6 from HiveChess
Info; info depth 33 score cp 0 nodes 14440123 pv c5b4 b2a2 b4c4 a2a1 c4d3 a1b1 d3d4 b1b2 d4d5 b2b3 d5d6 b3c3 d6e6 c3d3 e6f6 d3d4 f6e6 d4c4 e6e7 c4d5 e7f6 d5d4 f6e6 d4c4 e6e7 c4d5 e7f6 d5d4 f6e6 d4c4 e6e7 c4d5 e7f6
Position; fen rnbqkbnr/pppppppp/8/8/4P3/8/PPPP1PPP/RNBQKBNR b KQkq - 0 1
Moves; e7e5 g1f3 b8c6 d2d4 e5d4 f1c4 g8f6 e1g1 f6e4 f1e1 d7d5 c4d5 d8d5 b1c3 d5c4 f3d2 c4a6 c3d5 a6a5 c2c4 c8f5 d2b3 a5e1 d1e1 e8c8 c1f4 f8d6 f2f3 e4f6 f4d6 d8d6 e1g3 f6d5 g3g7 h8d8 c4d5 d6d5 g7f7 d4d3 h2h4 f5g6 f7e6 c8b8 a1d1 d3d2 h4h5 d5e5 e6e5 c6e5 h5g6 h7g6 d1d2 d8d2 b3d2 e5d3 g2g4 d3b2 g1f2 c7c5 d2e4 b7b6 f2g3 b2d3 f3f4 b8c7 e4c3 c7c6 f4f5 g6f5 g4f5 b6b5 c3e4 c5c4 g3f3 d3c5 e4f2 b5b4 f3e3 c5d7 f2g4 c6d5 f5f6 d5e6 f6f7 e6f7 e3d4 c4c3 g4f2 f7e6 f2d3 c3c2 a2a3 b4a3 d3c1 d7f6 d4d3 e6d5 d3c2 d5c4 c1e2 f6d5 e2c1 d5b4 c2b1 c4d4 b1a1 d4c3 c1a2 b4a2 a1a2 c3b4 a2b1 b4b3 b1a1 a7a6 a1b1 b3c4 b1c2 c4d5 c2c1 a3a2 c1b2 d5c5 b2a1 c5b6 a1b2 b6a5 b2a2 a5b6 a2b1 a6a5 b1b2 a5a4 b2a3 b6b5 a3b2 b5c5 b2c3 a4a3 c3c2 a3a2 c2b2
Finished game 20 (SF_3000 vs HiveChess): 1/2-1/2 {Draw by insufficient mating material}
--------------------------------------------------
Rank Name                             Elo        +/-       nElo        +/-      Games      Score       Draw           Ptnml(0-2)
   1 HiveChess                     400.00     195.99     835.70     145.18         22      90.9%       0.0%      [0, 0, 0, 4, 7]
   2 SF_2800                      -190.85       0.00       -inf        nan          4      25.0%       0.0%      [0, 2, 0, 0, 0]
   3 SF_2900                      -338.04        nan    -737.02     340.48          4      12.5%       0.0%      [1, 1, 0, 0, 0]
   4 SF_3000                      -338.04        nan    -737.02     340.48          4      12.5%       0.0%      [1, 1, 0, 0, 0]
   5 SF_2600                         -inf        nan       -inf        nan          6       0.0%       0.0%      [3, 0, 0, 0, 0]
   6 SF_2700                         -inf        nan       -inf        nan          4       0.0%       0.0%      [2, 0, 0, 0, 0]
LLR: 0.23 (7.7%) (-2.94, 2.94) [0.00, 35.00]
--------------------------------------------------
Started game 28 of 1000 (SF_2900 vs HiveChess)
Warning; Bestmove does not match beginning of last PV - move g1f3 from SF_2900
Info; info depth 15 seldepth 28 multipv 1 score cp 79 nodes 698083 nps 733280 hashfull 232 tbhits 0 time 952 pv b1c3 d5d8 d2d4 g8f6 g1f3 e7e6 f1d3 c7c5 d4c5 f8c5 d1e2 d8b6 e1g1 c8d7 f3e5 d7c6 c1g5 b8d7 e5c6 b7c6
Position; fen rnbqkbnr/ppp1pppp/8/3p4/4P3/8/PPPP1PPP/RNBQKBNR w KQkq - 0 2
Moves; e4d5 d8d5
Warning; Bestmove does not match beginning of last PV - move a7a6 from SF_2800
Info; info depth 16 seldepth 35 multipv 1 score cp -163 nodes 809761 nps 833945 hashfull 298 tbhits 0 time 971 pv g8f8 h3h6 h8g8 h6h7 g8g6 g1f3 g6f6 f4g5 f6f7 d1h1 a8e8 f3e5 d7e5 d4e5 d6c4 b2b3 f8a3 c1d1 c4b2 d1d2
Position; fen rnbqkbnr/pppppppp/8/8/3P4/8/PPP1PPPP/RNBQKBNR b KQkq - 0 1
Moves; c7c6 e2e4 d7d5 b1c3 g7g6 e4e5 g8h6 c1f4 f7f6 d1d2 g6g5 f4g3 h6f7 e1c1 c8f5 e5f6 e7e6 f1d3 f5d3 d2d3 f8d6 d3f3 e8d7 g3d6 f7d6 h2h4 d8g8 f3g4 g5h4 g4f4 d7c7 h1h4 b8d7 h4h3
Warning; Bestmove does not match beginning of last PV - move c4d5 from SF_2800
Info; info depth 17 seldepth 33 multipv 1 score cp 25 nodes 1554717 nps 763238 hashfull 502 tbhits 0 time 2037 pv a2a3 b4c3 b2c3 h7h6 c4d5 e6d5 e2e3 e8g8 f1d3 c8e6 e1g1 f6e4 c3c4 d5c4 d3c4 e6c4 a4c4
Position; fen rnbqkbnr/pppppppp/8/8/3P4/8/PPP1PPPP/RNBQKBNR b KQkq - 0 1
Moves; d7d5 c2c4 e7e6 g1f3 g8f6 b1c3 f8b4 d1a4 b8c6
Warning; Bestmove does not match beginning of last PV - move f3h4 from SF_2700
Info; info depth 16 seldepth 28 multipv 1 score cp -634 nodes 573326 nps 1873614 hashfull 218 tbhits 0 time 306 pv e3e8 f8e8 d1f1 g7c3 a1d1 b2e2 f1e2 e8e2 d1c1 c3b2 c1c4 g8g7 h2g1 b2a3 c4c3
Position; fen rnbqkbnr/pppp1ppp/8/4p3/3PP3/8/PPP2PPP/RNBQKBNR b KQkq - 0 2
Moves; e5d4 g1e2 c7c5 e2f4 b8c6 f1d3 g7g6 c2c3 g8e7 f4d5 f8g7 a2a3 e7d5 e4d5 c6e5 d3e2 d7d6 e1g1 e8g8 f2f4 e5d7 h2h3 d8h4 b1d2 d4c3 d2f3 h4g3 b2c3 d7f6 f3e1 f6e4 c1b2 g3e3 g1h2 e4g3 f1f3 e3e2 f3g3 e2b2 g3e3 c8f5 e1f3 a8e8
Warning; Bestmove does not match beginning of last PV - move a1a2 from SF_2700
Info; info depth 16 seldepth 23 multipv 1 score cp -764 nodes 582181 nps 2509400 hashfull 214 tbhits 0 time 232 pv h4f5 g6f5 d1f1 b2c3 f1f2 f8e8 a1b1 b7b6 b1b5 c3f6
Position; fen rnbqkbnr/pppp1ppp/8/4p3/3PP3/8/PPP2PPP/RNBQKBNR b KQkq - 0 2
Moves; e5d4 g1e2 c7c5 e2f4 b8c6 f1d3 g7g6 c2c3 g8e7 f4d5 f8g7 a2a3 e7d5 e4d5 c6e5 d3e2 d7d6 e1g1 e8g8 f2f4 e5d7 h2h3 d8h4 b1d2 d4c3 d2f3 h4g3 b2c3 d7f6 f3e1 f6e4 c1b2 g3e3 g1h2 e4g3 f1f3 e3e2 f3g3 e2b2 g3e3 c8f5 e1f3 a8e8 f3h4 e8e3
Warning; Bestmove does not match beginning of last PV - move b1c3 from SF_2900
Info; info depth 19 seldepth 29 multipv 1 score cp 29 nodes 1554400 nps 815102 hashfull 512 tbhits 0 time 1907 pv f1e2 b8c6 e1g1 e8c8 h2h3 g4h5 b1c3 d5d7 a2a4 g8f6 c3b5 e7e5 f3e5 h5e2 d1e2 c6e5 e2e5 a7a6 b5c3 h8g8 e5f4 d7e6 f4f3 g7g5 d2d3 g5g4 h3g4 f6g4
Position; fen rnbqkbnr/ppp1pppp/8/3p4/4P3/8/PPPP1PPP/RNBQKBNR w KQkq - 0 2
Moves; e4d5 d8d5 g1f3 c8g4
Warning; Bestmove does not match beginning of last PV - move a4c2 from SF_2800
Info; info depth 15 seldepth 26 multipv 1 score cp 20 nodes 564478 nps 756672 hashfull 181 tbhits 0 time 746 pv c1g5 e8g8 e2e3 h7h6 g5f6 d8f6 f1d3 f8d8 e1g1 b4f8 a4b3 c6e7 a1c1 c7c6 c3e2
Position; fen rnbqkbnr/pppppppp/8/8/3P4/8/PPP1PPPP/RNBQKBNR b KQkq - 0 1
Moves; d7d5 c2c4 e7e6 g1f3 g8f6 b1c3 f8b4 d1a4 b8c6 c4d5 e6d5
Warning; Bestmove does not match beginning of last PV - move f5c8 from SF_2900
Info; info depth 16 seldepth 25 multipv 1 score cp -81 nodes 595328 nps 681153 hashfull 216 tbhits 0 time 874 pv g7g6 h4f5 g6f5 d1d3 e7e6 g2g4 f5g4 c3e4 d6c7 h2h3 g4h3 d3f3 b8d7 c1f4 c7a5 f4d2 a5d5 h1h3 d5d4 f1e2
Position; fen rnbqkbnr/ppp1pppp/8/3p4/4P3/8/PPPP1PPP/RNBQKBNR w KQkq - 0 2
Moves; e4d5 d8d5 b1c3 d5d6 g1f3 c8f5 d2d4 c7c6 f3h4
Finished game 24 (SF_2700 vs HiveChess): 0-1 {Black wins by adjudication}
Started game 29 of 1000 (HiveChess vs SF_3000)
Warning; Bestmove does not match beginning of last PV - move c3e2 from SF_2900
Info; info depth 17 seldepth 30 multipv 1 score cp 27 nodes 602468 nps 782425 hashfull 223 tbhits 0 time 770 pv f1e2 b8c6 c3d5 e8c8 d5e3 g4h5 h2h4 g8h6 c2c3 e7e5 f3e5 c6e5 e2h5 e5d3 e1f1 d3b2
Position; fen rnbqkbnr/ppp1pppp/8/3p4/4P3/8/PPPP1PPP/RNBQKBNR w KQkq - 0 2
Moves; e4d5 d8d5 g1f3 c8g4 b1c3 d5e6 d1e2 e6e2
Warning; Bestmove does not match beginning of last PV - move d7d6 from SF_3000
Info; info depth 20 seldepth 30 multipv 1 score cp -69 nodes 2067881 nps 682694 hashfull 653 tbhits 0 time 3029 pv f8g7 b1c3 d7d6 c1e3 a7a6 a2a4 g8f6 f1e2 b8c6 g1f3 e7e6 a4a5 h7h6 e1g1
Position; fen rnbqkbnr/pppppp1p/6p1/8/3P4/8/PPP1PPPP/RNBQKBNR w KQkq - 0 2
Moves; e2e4
Warning; Bestmove does not match beginning of last PV - move a2a3 from SF_2800
Info; info depth 16 seldepth 31 multipv 1 score cp -17 nodes 602201 nps 792369 hashfull 217 tbhits 0 time 760 pv e2e3 c6e7 a2a3 b4a5 b2b4 a5b6 f1d3 c7c6 e1g1 b6c7 b4b5 c8g4 d3e2 h6h5 b5c6 b7c6 c3a4 a8e8 a4c5 e7f5 c5a6
Position; fen rnbqkbnr/pppppppp/8/8/3P4/8/PPP1PPPP/RNBQKBNR b KQkq - 0 1
Moves; d7d5 c2c4 e7e6 g1f3 g8f6 b1c3 f8b4 d1a4 b8c6 c4d5 e6d5 a4c2 e8g8 c1g5 h7h6 g5f6 d8f6
Warning; Bestmove does not match beginning of last PV - move b7b5 from SF_2900
Info; info depth 15 seldepth 31 multipv 1 score cp -69 nodes 508885 nps 715731 hashfull 179 tbhits 0 time 711 pv g8f6 e1g1 b7b5 c4b3 e8g8 f1e1 a7a5 a2a4 b5b4 c3e4 d6d4 g5f6 g7f6 h4f3 d4a7 a1d1 b8d7 e4f6 d7f6 e2e7 a7e7 e1e7 f6d5 b3d5 c6d5
Position; fen rnbqkbnr/ppp1pppp/8/3p4/4P3/8/PPPP1PPP/RNBQKBNR w KQkq - 0 2
Moves; e4d5 d8d5 b1c3 d5d6 g1f3 c8f5 d2d4 c7c6 f3h4 f5c8 c1g5 g7g6 f1c4 f8g7 d1e2
Warning; Bestmove does not match beginning of last PV - move d6f5 from SF_2800
Info; info depth 17 seldepth 30 multipv 1 score cp -249 nodes 489802 nps 962282 hashfull 178 tbhits 0 time 509 pv d6f7 h6h3 d7f6 e1e6 e8e6 f4e6 c7d6 e6f4 h8g8 f3e1 f7g5 h3h6 d6e7 f2f3 f6e8 e1d3 e8g7 c2c3 g7f5 h6h1 f5g3 h1e1 e7f6
Position; fen rnbqkbnr/pppppppp/8/8/3P4/8/PPP1PPPP/RNBQKBNR b KQkq - 0 1
Moves; c7c6 e2e4 d7d5 b1c3 g7g6 e4e5 g8h6 c1f4 f7f6 d1d2 g6g5 f4g3 h6f7 e1c1 c8f5 e5f6 e7e6 f1d3 f5d3 d2d3 f8d6 d3f3 e8d7 g3d6 f7d6 h2h4 d8g8 f3g4 g5h4 g4f4 d7c7 h1h4 b8d7 h4h3 a7a6 d1e1 a8e8 g1f3 g8g6 h3h6 g6f5 c3e2 f5f4 e2f4
Warning; Bestmove does not match beginning of last PV - move d6d7 from SF_2900
Info; info depth 15 seldepth 31 multipv 1 score cp -114 nodes 577291 nps 740116 hashfull 201 tbhits 0 time 780 pv d6c7 c4b3 b8d7 g2g3 d7f6 e4c5 f6d7 e1c1 d7c5 d4c5 g8f6 h1e1 a7a5 a2a3 a8a7 g5f4 c7b7 h4f3 e8g8 f3e5 a5a4
Position; fen rnbqkbnr/ppp1pppp/8/3p4/4P3/8/PPPP1PPP/RNBQKBNR w KQkq - 0 2
Moves; e4d5 d8d5 b1c3 d5d6 g1f3 c8f5 d2d4 c7c6 f3h4 f5c8 c1g5 g7g6 f1c4 f8g7 d1e2 b7b5 c3e4
Warning; Bestmove does not match beginning of last PV - move c2a4 from SF_2800
Info; info depth 17 seldepth 26 multipv 1 score cp -65 nodes 1042262 nps 795619 hashfull 339 tbhits 0 time 1310 pv c2b3 b4c3 b2c3 f5g4 f3d2 a8d8 h2h3 g4f5 e2e3 f6g6 g2g4 f5c8 c3c4 c6a5 b3d3 f7f5 c4d5 g6f6 f1g2 f5g4
Position; fen rnbqkbnr/pppppppp/8/8/3P4/8/PPP1PPPP/RNBQKBNR b KQkq - 0 1
Moves; d7d5 c2c4 e7e6 g1f3 g8f6 b1c3 f8b4 d1a4 b8c6 c4d5 e6d5 a4c2 e8g8 c1g5 h7h6 g5f6 d8f6 a2a3 c8f5
Warning; Bestmove does not match beginning of last PV - move c2c3 from SF_2900
Info; info depth 17 seldepth 24 multipv 1 score cp -10 nodes 866124 nps 773325 hashfull 316 tbhits 0 time 1120 pv f3e5 g4f5 c2c3 h7h6 e5d7 f6d7 c1f4 e8c8 a2a4 a7a5 e2g3 f5c2 f1e2 d7b6 g3f1 c2a4
Position; fen rnbqkbnr/ppp1pppp/8/3p4/4P3/8/PPPP1PPP/RNBQKBNR w KQkq - 0 2
Moves; e4d5 d8d5 g1f3 c8g4 b1c3 d5e6 d1e2 e6e2 c3e2 b8d7 d2d4 e7e6 h2h4 g8f6
Warning; Bestmove does not match beginning of last PV - move f7f5 from SF_2900
Info; info depth 18 seldepth 37 multipv 1 score cp -201 nodes 1341975 nps 668980 hashfull 499 tbhits 0 time 2006 pv a7a5 a2a4 f7f5 e4d2 b5a4 a1a4 g8f6 d2c4 c8a6 h4f3 a6b5 e1g1 b5a4 c4b6 d7d6 b3a4 a8a6 b6c4 d6c7 g2g3 e8g8 g5f4 c7b7
Position; fen rnbqkbnr/ppp1pppp/8/3p4/4P3/8/PPPP1PPP/RNBQKBNR w KQkq - 0 2
Moves; e4d5 d8d5 b1c3 d5d6 g1f3 c8f5 d2d4 c7c6 f3h4 f5c8 c1g5 g7g6 f1c4 f8g7 d1e2 b7b5 c3e4 d6d7 c4b3
Warning; Bestmove does not match beginning of last PV - move f3d2 from SF_2900
Info; info depth 15 seldepth 27 multipv 1 score cp -1 nodes 392564 nps 807744 hashfull 142 tbhits 0 time 486 pv f3e5 d7e5 d4e5 f6d7 c1f4 h7h5 e1c1 g7g6 f2f3 g4f5 e2d4 f8g7 d1e1 e8c8 f4g5 g7h6 g5h6 h8h6 h1h2 h6h8
Position; fen rnbqkbnr/ppp1pppp/8/3p4/4P3/8/PPPP1PPP/RNBQKBNR w KQkq - 0 2
Moves; e4d5 d8d5 g1f3 c8g4 b1c3 d5e6 d1e2 e6e2 c3e2 b8d7 d2d4 e7e6 h2h4 g8f6 c2c3 a7a6
Warning; Bestmove does not match beginning of last PV - move e7e5 from SF_3000
Info; info depth 16 seldepth 21 multipv 1 score cp -42 nodes 833716 nps 780632 hashfull 277 tbhits 0 time 1068 pv h7h5 g1f3 e8g8 c1f4 a7a6 a2a4 b8c6 a4a5 c8g4 d4d5 c6b8 f3g5 g4e2 d1e2
Position; fen rnbqkbnr/pppppp1p/6p1/8/3P4/8/PPP1PPPP/RNBQKBNR w KQkq - 0 2
Moves; e2e4 d7d6 f1e2 f8g7 h2h4 g8f6 b1c3
Warning; Bestmove does not match beginning of last PV - move a2a4 from SF_2900
Info; info depth 14 seldepth 29 multipv 1 score cp -17 nodes 502270 nps 775108 hashfull 197 tbhits 0 time 648 pv d2c4 c5d4 f2f3 b7b5 f3g4 b5c4 g4g5 d4d3 g5f6 d3e2 f1e2 g7f6 c1f4 a8c8 e1c1 d7e5
Position; fen rnbqkbnr/ppp1pppp/8/3p4/4P3/8/PPPP1PPP/RNBQKBNR w KQkq - 0 2
Moves; e4d5 d8d5 g1f3 c8g4 b1c3 d5e6 d1e2 e6e2 c3e2 b8d7 d2d4 e7e6 h2h4 g8f6 c2c3 a7a6 f3d2 c7c5
Warning; Bestmove does not match beginning of last PV - move a4d1 from SF_2800
Info; info depth 18 seldepth 30 multipv 1 score cp -108 nodes 1327750 nps 748871 hashfull 463 tbhits 0 time 1773 pv e2e3 g4f3 g2f3 f6f3 h1g1 f3f6 f1d3 g7g6 a1b1 b7b6 g1g3 g8g7 h2h4 a8e8
Position; fen rnbqkbnr/pppppppp/8/8/3P4/8/PPP1PPPP/RNBQKBNR b KQkq - 0 1
Moves; d7d5 c2c4 e7e6 g1f3 g8f6 b1c3 f8b4 d1a4 b8c6 c4d5 e6d5 a4c2 e8g8 c1g5 h7h6 g5f6 d8f6 a2a3 c8f5 c2a4 b4c3 b2c3 f5g4
Warning; Bestmove does not match beginning of last PV - move g7h6 from SF_2900
Info; info depth 15 seldepth 34 multipv 1 score cp -247 nodes 330128 nps 695006 hashfull 120 tbhits 0 time 475 pv f5g4 d2e4 g8e7 h2h3 e7d5 h3g4 e8g8 f2f4 d5f4 g5f4 f8f4 h4g2 f4f8 e4g5 d7d6 e1c1 a7a5 h1h7
Position; fen rnbqkbnr/ppp1pppp/8/3p4/4P3/8/PPPP1PPP/RNBQKBNR w KQkq - 0 2
Moves; e4d5 d8d5 b1c3 d5d6 g1f3 c8f5 d2d4 c7c6 f3h4 f5c8 c1g5 g7g6 f1c4 f8g7 d1e2 b7b5 c3e4 d6d7 c4b3 f7f5 e4d2 e7e6 g2g4
Warning; Bestmove does not match beginning of last PV - move c7d6 from SF_2800
Info; info depth 16 seldepth 30 multipv 1 score cp -237 nodes 269261 nps 1000970 hashfull 89 tbhits 0 time 269 pv c7c8 f4d3 g4f6 h7h6 f6e4 c1d1 c6c5 d4c5 e4c5 d1e2 c5d3 c2d3 e6e5 f3h4 d7c5
Position; fen rnbqkbnr/pppppppp/8/8/3P4/8/PPP1PPPP/RNBQKBNR b KQkq - 0 1
Moves; c7c6 e2e4 d7d5 b1c3 g7g6 e4e5 g8h6 c1f4 f7f6 d1d2 g6g5 f4g3 h6f7 e1c1 c8f5 e5f6 e7e6 f1d3 f5d3 d2d3 f8d6 d3f3 e8d7 g3d6 f7d6 h2h4 d8g8 f3g4 g5h4 g4f4 d7c7 h1h4 b8d7 h4h3 a7a6 d1e1 a8e8 g1f3 g8g6 h3h6 g6f5 c3e2 f5f4 e2f4 d6f5 f6f7 f5h6 f7e8n h8e8 e1h1 h6g4 h1h7
Warning; Bestmove does not match beginning of last PV - move d4c2 from SF_2900
Info; info depth 18 seldepth 28 multipv 1 score cp -23 nodes 1483975 nps 777764 hashfull 509 tbhits 0 time 1908 pv d4f3 f8c5 f1d3 h7h6 e1g1 g4e6 d2e4 e8c8 e4c5 d7c5 d3c2 f6g4
Position; fen rnbqkbnr/ppp1pppp/8/3p4/4P3/8/PPPP1PPP/RNBQKBNR w KQkq - 0 2
Moves; e4d5 d8d5 g1f3 c8g4 b1c3 d5e6 d1e2 e6e2 c3e2 b8d7 d2d4 e7e6 h2h4 g8f6 c2c3 a7a6 f3d2 c7c5 a2a4 c5d4 e2d4 e6e5
Warning; Bestmove does not match beginning of last PV - move h1g1 from SF_2800
Info; info depth 15 seldepth 31 multipv 1 score cp -88 nodes 414420 nps 790877 hashfull 141 tbhits 0 time 524 pv f1g2 c6e7 e1g1 e7g6 e2e3 g6h4 g1h1 e8e6 a1b1 e6b6 d1c2 f6d6 b1b6 a7b6 a3a4 f8a8 f3f4 h4g2 h1g2
Position; fen rnbqkbnr/pppppppp/8/8/3P4/8/PPP1PPPP/RNBQKBNR b KQkq - 0 1
Moves; d7d5 c2c4 e7e6 g1f3 g8f6 b1c3 f8b4 d1a4 b8c6 c4d5 e6d5 a4c2 e8g8 c1g5 h7h6 g5f6 d8f6 a2a3 c8f5 c2a4 b4c3 b2c3 f5g4 a4d1 g4f3 g2f3 a8e8
Warning; Bestmove does not match beginning of last PV - move d2c4 from SF_2900
Info; info depth 14 seldepth 33 multipv 1 score cp -23 nodes 327670 nps 774633 hashfull 112 tbhits 0 time 423 pv b2b4 c5a7 a4a5 g4f5 c2e3 a7e3 f2e3 f6h5 g2g4 f5g4 h1g1 h5f6 c1b2 h7h5 f1g2 e8c8 c3c4 d7f8 c4c5 f8g6 d2c4 d8d3 c4d6 c8c7
Position; fen rnbqkbnr/ppp1pppp/8/3p4/4P3/8/PPPP1PPP/RNBQKBNR w KQkq - 0 2
Moves; e4d5 d8d5 g1f3 c8g4 b1c3 d5e6 d1e2 e6e2 c3e2 b8d7 d2d4 e7e6 h2h4 g8f6 c2c3 a7a6 f3d2 c7c5 a2a4 c5d4 e2d4 e6e5 d4c2 f8c5
Warning; Bestmove does not match beginning of last PV - move a1c1 from SF_2800
Info; info depth 16 seldepth 33 multipv 1 score cp -155 nodes 520447 nps 720840 hashfull 212 tbhits 0 time 722 pv g1g3 f3f4 e2e3 f7f5 d1h5 e8e6 f1d3 c6e7 e1f1 f4d6 f1g1 b7b6 h5f3 f8f6 f3h5
Position; fen rnbqkbnr/pppppppp/8/8/3P4/8/PPP1PPPP/RNBQKBNR b KQkq - 0 1
Moves; d7d5 c2c4 e7e6 g1f3 g8f6 b1c3 f8b4 d1a4 b8c6 c4d5 e6d5 a4c2 e8g8 c1g5 h7h6 g5f6 d8f6 a2a3 c8f5 c2a4 b4c3 b2c3 f5g4 a4d1 g4f3 g2f3 a8e8 h1g1 f6f3
Warning; Bestmove does not match beginning of last PV - move a7a6 from SF_3000
Info; info depth 15 seldepth 27 multipv 1 score cp -100 nodes 605971 nps 771937 hashfull 219 tbhits 0 time 785 pv c8g4 e1c1 d8c8 e2c4 g4e6 c4b5 h7h6 b5c6 b7c6 f3e5 f6e4 c3e4 g7e5 e3d4
Position; fen rnbqkbnr/pppppp1p/6p1/8/3P4/8/PPP1PPPP/RNBQKBNR w KQkq - 0 2
Moves; e2e4 d7d6 f1e2 f8g7 h2h4 g8f6 b1c3 e7e5 d4e5 d6e5 d1d8 e8d8 g1f3 b8c6 c1e3
Warning; Bestmove does not match beginning of last PV - move b2b4 from SF_2900
Info; info depth 16 seldepth 23 multipv 1 score cp -36 nodes 403965 nps 812806 hashfull 132 tbhits 0 time 497 pv c1e3 e8c8 f1e2 f6d5 e1c1 c5e3 c2e3
Position; fen rnbqkbnr/ppp1pppp/8/3p4/4P3/8/PPPP1PPP/RNBQKBNR w KQkq - 0 2
Moves; e4d5 d8d5 g1f3 c8g4 b1c3 d5e6 d1e2 e6e2 c3e2 b8d7 d2d4 e7e6 h2h4 g8f6 c2c3 a7a6 f3d2 c7c5 a2a4 c5d4 e2d4 e6e5 d4c2 f8c5 d2c4 g4e6
Warning; Bestmove does not match beginning of last PV - move g1g2 from SF_2800
Info; info depth 18 seldepth 26 multipv 1 score cp -157 nodes 919260 nps 737768 hashfull 340 tbhits 0 time 1246 pv g1g3 f3f6 e2e3 f6e7 d1b3 e7d6 f1g2 f8d8 a3a4 c6a5 b3b4 a5c4 b4d6 e6d6 h2h4
Position; fen rnbqkbnr/pppppppp/8/8/3P4/8/PPP1PPPP/RNBQKBNR b KQkq - 0 1
Moves; d7d5 c2c4 e7e6 g1f3 g8f6 b1c3 f8b4 d1a4 b8c6 c4d5 e6d5 a4c2 e8g8 c1g5 h7h6 g5f6 d8f6 a2a3 c8f5 c2a4 b4c3 b2c3 f5g4 a4d1 g4f3 g2f3 a8e8 h1g1 f6f3 a1c1 e8e6
Warning; Bestmove does not match beginning of last PV - move c1b1 from SF_2800
Info; info depth 15 seldepth 20 multipv 1 score cp -171 nodes 321283 nps 733522 hashfull 128 tbhits 0 time 438 pv e2e3 f6e7 a3a4 c6a5 f1d3 c7c6 e1f1 g7g6
Position; fen rnbqkbnr/pppppppp/8/8/3P4/8/PPP1PPPP/RNBQKBNR b KQkq - 0 1
Moves; d7d5 c2c4 e7e6 g1f3 g8f6 b1c3 f8b4 d1a4 b8c6 c4d5 e6d5 a4c2 e8g8 c1g5 h7h6 g5f6 d8f6 a2a3 c8f5 c2a4 b4c3 b2c3 f5g4 a4d1 g4f3 g2f3 a8e8 h1g1 f6f3 a1c1 e8e6 g1g2 f3f6
Warning; Bestmove does not match beginning of last PV - move c8g4 from SF_3000
Info; info depth 15 seldepth 34 multipv 1 score cp -118 nodes 546698 nps 759302 hashfull 198 tbhits 0 time 720 pv d8e8 e1c1 c8g4 h5h6 g7f8 h1e1 f8e7 c3d5 e7d8 a2a3 f6d7 b2b4 f7f6 c1b2 c6b8 e2c4
Position; fen rnbqkbnr/pppppp1p/6p1/8/3P4/8/PPP1PPPP/RNBQKBNR w KQkq - 0 2
Moves; e2e4 d7d6 f1e2 f8g7 h2h4 g8f6 b1c3 e7e5 d4e5 d6e5 d1d8 e8d8 g1f3 b8c6 c1e3 a7a6 h4h5
Warning; Bestmove does not match beginning of last PV - move a7a5 from SF_2900
Info; info depth 15 seldepth 33 multipv 1 score cp -319 nodes 521257 nps 831350 hashfull 222 tbhits 0 time 627 pv d7d6 h1e1 e8g8 d2f3 a7a5 a2a3 a8a7 b3e6 d6e6 e2e6 c8e6 e1e6 a5a4 h2h4 a7c7 d1e1 b8d7 e6e7 f8f7 h4h5 d7b6 e7c7 f7c7 e1e8 g8f7 e8e5 f5f4
Position; fen rnbqkbnr/ppp1pppp/8/3p4/4P3/8/PPPP1PPP/RNBQKBNR w KQkq - 0 2
Moves; e4d5 d8d5 b1c3 d5d6 g1f3 c8f5 d2d4 c7c6 f3h4 f5c8 c1g5 g7g6 f1c4 f8g7 d1e2 b7b5 c3e4 d6d7 c4b3 f7f5 e4d2 e7e6 g2g4 g7h6 f2f4 h6g5 f4g5 g8e7 g4f5 e7f5 h4f5 g6f5 e1c1
Warning; Bestmove does not match beginning of last PV - move g4e2 from SF_3000
Info; info depth 16 seldepth 30 multipv 1 score cp -131 nodes 760838 nps 856799 hashfull 261 tbhits 0 time 888 pv d8e8 e2c4 c6d8 f2f3 g4d7 h5h6 g7f8 a2a4 f8e7 c4a2 d8e6 a2e6 d7e6 g5e6 f7e6 c3d1 e7d6 a4a5
Position; fen rnbqkbnr/pppppp1p/6p1/8/3P4/8/PPP1PPPP/RNBQKBNR w KQkq - 0 2
Moves; e2e4 d7d6 f1e2 f8g7 h2h4 g8f6 b1c3 e7e5 d4e5 d6e5 d1d8 e8d8 g1f3 b8c6 c1e3 a7a6 h4h5 c8g4 f3g5
Warning; Bestmove does not match beginning of last PV - move e8d8 from SF_2900
Info; info depth 19 seldepth 33 multipv 1 score cp -315 nodes 685621 nps 753429 hashfull 255 tbhits 0 time 910 pv d7d6 d2f3 a5a4 b3a2 a8a7 f3e5 b5b4 a3b4 d6b4 c2c3 b4e7 h1g1 h8g8
Position; fen rnbqkbnr/ppp1pppp/8/3p4/4P3/8/PPPP1PPP/RNBQKBNR w KQkq - 0 2
Moves; e4d5 d8d5 b1c3 d5d6 g1f3 c8f5 d2d4 c7c6 f3h4 f5c8 c1g5 g7g6 f1c4 f8g7 d1e2 b7b5 c3e4 d6d7 c4b3 f7f5 e4d2 e7e6 g2g4 g7h6 f2f4 h6g5 f4g5 g8e7 g4f5 e7f5 h4f5 g6f5 e1c1 a7a5 a2a3
Warning; Bestmove does not match beginning of last PV - move g7f8 from SF_3000
Info; info depth 19 seldepth 32 multipv 1 score cp -291 nodes 2082742 nps 959346 hashfull 625 tbhits 0 time 2171 pv e2c4 h6g7 h8g8 g5h7 f6h7 h1h7 d8e8 e3g5 f7f6 g5f6 e8f7 f6g5 c6d4
Position; fen rnbqkbnr/pppppp1p/6p1/8/3P4/8/PPP1PPPP/RNBQKBNR w KQkq - 0 2
Moves; e2e4 d7d6 f1e2 f8g7 h2h4 g8f6 b1c3 e7e5 d4e5 d6e5 d1d8 e8d8 g1f3 b8c6 c1e3 a7a6 h4h5 c8g4 f3g5 g4e2 h5h6
Warning; Bestmove does not match beginning of last PV - move a5a4 from SF_2900
Info; info depth 18 seldepth 37 multipv 1 score cp -318 nodes 546792 nps 726151 hashfull 211 tbhits 0 time 753 pv d7d6 d2f3 d8c7 c1b1 b8d7 b3e6 h8e8 d4d5 d7b6 e2f2 b6d5 e6d5 e8e1 f3e1 c6d5 e1d3 b5b4 a3a4 c8d7
Position; fen rnbqkbnr/ppp1pppp/8/3p4/4P3/8/PPPP1PPP/RNBQKBNR w KQkq - 0 2
Moves; e4d5 d8d5 b1c3 d5d6 g1f3 c8f5 d2d4 c7c6 f3h4 f5c8 c1g5 g7g6 f1c4 f8g7 d1e2 b7b5 c3e4 d6d7 c4b3 f7f5 e4d2 e7e6 g2g4 g7h6 f2f4 h6g5 f4g5 g8e7 g4f5 e7f5 h4f5 g6f5 e1c1 a7a5 a2a3 e8d8 h1e1
Warning; Bestmove does not match beginning of last PV - move a3a4 from SF_2800
Info; info depth 15 seldepth 25 multipv 1 score cp -167 nodes 315980 nps 763236 hashfull 119 tbhits 0 time 414 pv e1e2 f8e8 d1g1 c6d8 g2g4 d8e6 g4h4 f6h4 g1g3 h4e7 b1a1 e6g5 a3a4 g5e4
Position; fen rnbqkbnr/pppppppp/8/8/3P4/8/PPP1PPPP/RNBQKBNR b KQkq - 0 1
Moves; d7d5 c2c4 e7e6 g1f3 g8f6 b1c3 f8b4 d1a4 b8c6 c4d5 e6d5 a4c2 e8g8 c1g5 h7h6 g5f6 d8f6 a2a3 c8f5 c2a4 b4c3 b2c3 f5g4 a4d1 g4f3 g2f3 a8e8 h1g1 f6f3 a1c1 e8e6 g1g2 f3f6 c1b1 b7b6 e2e3 e6e4 f1d3 e4h4
Warning; Bestmove does not match beginning of last PV - move f1d3 from SF_2900
Info; info depth 15 seldepth 17 multipv 1 score cp -9 nodes 576290 nps 899048 hashfull 187 tbhits 0 time 641 pv c4d6 e8e7 e3f5 e7f6 h1h3 c3a4 a1a4 e6f5 h3f3 g7g6 f1d3 f6e7 d3f5 d7b6 d6f7 e7f7
Position; fen rnbqkbnr/ppp1pppp/8/3p4/4P3/8/PPPP1PPP/RNBQKBNR w KQkq - 0 2
Moves; e4d5 d8d5 g1f3 c8g4 b1c3 d5e6 d1e2 e6e2 c3e2 b8d7 d2d4 e7e6 h2h4 g8f6 c2c3 a7a6 f3d2 c7c5 a2a4 c5d4 e2d4 e6e5 d4c2 f8c5 d2c4 g4e6 b2b4 c5a7 c1e3 f6d5 e3a7 a8a7 c2e3 d5c3
Warning; Bestmove does not match beginning of last PV - move e1d2 from SF_2900
Info; info depth 15 seldepth 19 multipv 1 score cp -43 nodes 622891 nps 829415 hashfull 221 tbhits 0 time 751 pv e1g1 e5e4 f1c1 a6a5 b4a5 e4d3 c1c3 d7c5 a1a3 d3d2 c4d2 a7a5 c3c1
Position; fen rnbqkbnr/ppp1pppp/8/3p4/4P3/8/PPPP1PPP/RNBQKBNR w KQkq - 0 2
Moves; e4d5 d8d5 g1f3 c8g4 b1c3 d5e6 d1e2 e6e2 c3e2 b8d7 d2d4 e7e6 h2h4 g8f6 c2c3 a7a6 f3d2 c7c5 a2a4 c5d4 e2d4 e6e5 d4c2 f8c5 d2c4 g4e6 b2b4 c5a7 c1e3 f6d5 e3a7 a8a7 c2e3 d5c3 f1d3 e8g8
Warning; Bestmove does not match beginning of last PV - move b1a1 from SF_2800
Info; info depth 17 seldepth 26 multipv 1 score cp -168 nodes 605062 nps 659108 hashfull 243 tbhits 0 time 918 pv e1f1 c7c6 f1g1 e7c8 g1h1 c8d6 d1e2 f8e8 b1g1 g7g5 g2g4 h4h3 g4g2 g8f8 g2g3 h3g3 h2g3 d6e4 d3e4 e8e4
Position; fen rnbqkbnr/pppppppp/8/8/3P4/8/PPP1PPPP/RNBQKBNR b KQkq - 0 1
Moves; d7d5 c2c4 e7e6 g1f3 g8f6 b1c3 f8b4 d1a4 b8c6 c4d5 e6d5 a4c2 e8g8 c1g5 h7h6 g5f6 d8f6 a2a3 c8f5 c2a4 b4c3 b2c3 f5g4 a4d1 g4f3 g2f3 a8e8 h1g1 f6f3 a1c1 e8e6 g1g2 f3f6 c1b1 b7b6 e2e3 e6e4 f1d3 e4h4 a3a4 c6e7
Warning; Bestmove does not match beginning of last PV - move e6f7 from SF_2800
Info; info depth 12 seldepth 30 multipv 1 score cp -218 nodes 48875 nps 939903 hashfull 13 tbhits 0 time 52 pv e6e5 g4g5 f6e8 h6h7 e5e6 g5g6 e8f6 h7h8 d7e5 g6g7 e6f7 h8b8 b7b5 c1d2
Position; fen rnbqkbnr/pppppppp/8/8/3P4/8/PPP1PPPP/RNBQKBNR b KQkq - 0 1
Moves; c7c6 e2e4 d7d5 b1c3 g7g6 e4e5 g8h6 c1f4 f7f6 d1d2 g6g5 f4g3 h6f7 e1c1 c8f5 e5f6 e7e6 f1d3 f5d3 d2d3 f8d6 d3f3 e8d7 g3d6 f7d6 h2h4 d8g8 f3g4 g5h4 g4f4 d7c7 h1h4 b8d7 h4h3 a7a6 d1e1 a8e8 g1f3 g8g6 h3h6 g6f5 c3e2 f5f4 e2f4 d6f5 f6f7 f5h6 f7e8n h8e8 e1h1 h6g4 h1h7 c7d6 f3g5 c6c5 d4c5 d7c5 g5f7 d6c6 f2f3 g4f6 h7h6 c5d7 f4e6 e8e6 f7d8 c6d6 d8e6 d6e6 g2g4
Warning; Bestmove does not match beginning of last PV - move a1b1 from SF_2900
Info; info depth 15 seldepth 26 multipv 1 score cp -55 nodes 388735 nps 904034 hashfull 121 tbhits 0 time 430 pv e3d5 e6d5 c4e3 d7f6 h1d1 d5b3 d1c1 f8d8 d2e2 a7a8 d3c4 b3c4 c1c4 f6e8 c4c5
Position; fen rnbqkbnr/ppp1pppp/8/3p4/4P3/8/PPPP1PPP/RNBQKBNR w KQkq - 0 2
Moves; e4d5 d8d5 g1f3 c8g4 b1c3 d5e6 d1e2 e6e2 c3e2 b8d7 d2d4 e7e6 h2h4 g8f6 c2c3 a7a6 f3d2 c7c5 a2a4 c5d4 e2d4 e6e5 d4c2 f8c5 d2c4 g4e6 b2b4 c5a7 c1e3 f6d5 e3a7 a8a7 c2e3 d5c3 f1d3 e8g8 e1d2 c3d5
Warning; Bestmove does not match beginning of last PV - move f5f4 from SF_2900
Info; info depth 17 seldepth 38 multipv 1 score cp -331 nodes 425250 nps 864329 hashfull 165 tbhits 0 time 492 pv h8e8 e6f6 d8c7 d2f3 b8d7 f6f7 c7d6 f7h7 e8e4 h2h4 a8e8 h4h5 e4f4 f3e5 d7e5 h7h6 d6d5 d4e5 d5e5
Position; fen rnbqkbnr/ppp1pppp/8/3p4/4P3/8/PPPP1PPP/RNBQKBNR w KQkq - 0 2
Moves; e4d5 d8d5 b1c3 d5d6 g1f3 c8f5 d2d4 c7c6 f3h4 f5c8 c1g5 g7g6 f1c4 f8g7 d1e2 b7b5 c3e4 d6d7 c4b3 f7f5 e4d2 e7e6 g2g4 g7h6 f2f4 h6g5 f4g5 g8e7 g4f5 e7f5 h4f5 g6f5 e1c1 a7a5 a2a3 e8d8 h1e1 a5a4 b3e6 d7e6 e2e6 c8e6 e1e6
Warning; Bestmove does not match beginning of last PV - move f1g1 from SF_2800
Info; info depth 15 seldepth 19 multipv 1 score cp -210 nodes 302246 nps 737185 hashfull 126 tbhits 0 time 410 pv a1c1 f8d8 f1g1 g8g7 g2g4 e7g8 g4h4 f6h4 d1f3 h4e7 f3f4 g8f6
Position; fen rnbqkbnr/pppppppp/8/8/3P4/8/PPP1PPPP/RNBQKBNR b KQkq - 0 1
Moves; d7d5 c2c4 e7e6 g1f3 g8f6 b1c3 f8b4 d1a4 b8c6 c4d5 e6d5 a4c2 e8g8 c1g5 h7h6 g5f6 d8f6 a2a3 c8f5 c2a4 b4c3 b2c3 f5g4 a4d1 g4f3 g2f3 a8e8 h1g1 f6f3 a1c1 e8e6 g1g2 f3f6 c1b1 b7b6 e2e3 e6e4 f1d3 e4h4 a3a4 c6e7 b1a1 c7c6 e1f1 g7g6
Warning; Bestmove does not match beginning of last PV - move c6c5 from SF_2900
Info; info depth 16 seldepth 23 multipv 1 score cp -375 nodes 348216 nps 877118 hashfull 131 tbhits 0 time 397 pv h8e8 e6h6 a8a7 d5c6 d8c8 h6f6 a7c7 f6f4 b8c6 d2e4 c8b8 h2h4 b5b4 e4c5 b4a3 b2a3
Position; fen rnbqkbnr/ppp1pppp/8/3p4/4P3/8/PPPP1PPP/RNBQKBNR w KQkq - 0 2
Moves; e4d5 d8d5 b1c3 d5d6 g1f3 c8f5 d2d4 c7c6 f3h4 f5c8 c1g5 g7g6 f1c4 f8g7 d1e2 b7b5 c3e4 d6d7 c4b3 f7f5 e4d2 e7e6 g2g4 g7h6 f2f4 h6g5 f4g5 g8e7 g4f5 e7f5 h4f5 g6f5 e1c1 a7a5 a2a3 e8d8 h1e1 a5a4 b3e6 d7e6 e2e6 c8e6 e1e6 f5f4 d4d5
Warning; Bestmove does not match beginning of last PV - move g6g5 from SF_3000
Info; info depth 18 seldepth 30 multipv 1 score cp -299 nodes 1052092 nps 803737 hashfull 388 tbhits 0 time 1309 pv a8f8 f7g5 g8h8 c3d5 f6d5 d2d5 c6d8 h1d1 d7c8 c2c3
Position; fen rnbqkbnr/pppppp1p/6p1/8/3P4/8/PPP1PPPP/RNBQKBNR w KQkq - 0 2
Moves; e2e4 d7d6 f1e2 f8g7 h2h4 g8f6 b1c3 e7e5 d4e5 d6e5 d1d8 e8d8 g1f3 b8c6 c1e3 a7a6 h4h5 c8g4 f3g5 g4e2 h5h6 g7f8 g5f7 d8d7 e1e2 h8g8 a1d1 f8d6 d1d2
Warning; Bestmove does not match beginning of last PV - move a6a5 from SF_2800
Info; info depth 13 seldepth 21 multipv 1 score cp -291 nodes 45179 nps 1003977 hashfull 13 tbhits 0 time 45 pv d7f8 h6b6 f8e6 b6b7 f7g6 b7b6 e8c7 c1d2 g6f5 d2e3 d5d4 e3f3 c7d5 b6a6 e6f4 a6a5 f5g5
Position; fen rnbqkbnr/pppppppp/8/8/3P4/8/PPP1PPPP/RNBQKBNR b KQkq - 0 1
Moves; c7c6 e2e4 d7d5 b1c3 g7g6 e4e5 g8h6 c1f4 f7f6 d1d2 g6g5 f4g3 h6f7 e1c1 c8f5 e5f6 e7e6 f1d3 f5d3 d2d3 f8d6 d3f3 e8d7 g3d6 f7d6 h2h4 d8g8 f3g4 g5h4 g4f4 d7c7 h1h4 b8d7 h4h3 a7a6 d1e1 a8e8 g1f3 g8g6 h3h6 g6f5 c3e2 f5f4 e2f4 d6f5 f6f7 f5h6 f7e8n h8e8 e1h1 h6g4 h1h7 c7d6 f3g5 c6c5 d4c5 d7c5 g5f7 d6c6 f2f3 g4f6 h7h6 c5d7 f4e6 e8e6 f7d8 c6d6 d8e6 d6e6 g2g4 e6f7 g4g5 f6e8 f3f4
Warning; Bestmove does not match beginning of last PV - move a1c1 from SF_2800
Info; info depth 16 seldepth 34 multipv 1 score cp -178 nodes 411281 nps 777468 hashfull 167 tbhits 0 time 529 pv g2g4 e7g8 g4h4 f6h4 d1f3 h4e7 a4a5 b6b5 e3e4 e7g5 f3g3 g5d2 a1b1 d2c3 e4d5 c6d5 b1b5 f8e8 b5d5
Position; fen rnbqkbnr/pppppppp/8/8/3P4/8/PPP1PPPP/RNBQKBNR b KQkq - 0 1
Moves; d7d5 c2c4 e7e6 g1f3 g8f6 b1c3 f8b4 d1a4 b8c6 c4d5 e6d5 a4c2 e8g8 c1g5 h7h6 g5f6 d8f6 a2a3 c8f5 c2a4 b4c3 b2c3 f5g4 a4d1 g4f3 g2f3 a8e8 h1g1 f6f3 a1c1 e8e6 g1g2 f3f6 c1b1 b7b6 e2e3 e6e4 f1d3 e4h4 a3a4 c6e7 b1a1 c7c6 e1f1 g7g6 f1g1 g8g7
Warning; Bestmove does not match beginning of last PV - move a8a6 from SF_2900
Info; info depth 16 seldepth 22 multipv 1 score cp -391 nodes 319377 nps 1007498 hashfull 115 tbhits 0 time 317 pv h8f8 d1f1 a8a7 e4c5 b8d7 c5e4 f4f3 e4f6 h7h6 h2h4 b5b4 f1f3 h6g5 h4g5 f8h8 a3b4 h8h1 c1d2
Position; fen rnbqkbnr/ppp1pppp/8/3p4/4P3/8/PPPP1PPP/RNBQKBNR w KQkq - 0 2
Moves; e4d5 d8d5 b1c3 d5d6 g1f3 c8f5 d2d4 c7c6 f3h4 f5c8 c1g5 g7g6 f1c4 f8g7 d1e2 b7b5 c3e4 d6d7 c4b3 f7f5 e4d2 e7e6 g2g4 g7h6 f2f4 h6g5 f4g5 g8e7 g4f5 e7f5 h4f5 g6f5 e1c1 a7a5 a2a3 e8d8 h1e1 a5a4 b3e6 d7e6 e2e6 c8e6 e1e6 f5f4 d4d5 c6c5 d2e4
Warning; Bestmove does not match beginning of last PV - move f7g7 from SF_2800
Info; info depth 13 seldepth 19 multipv 1 score cp -359 nodes 45332 nps 1079333 hashfull 16 tbhits 0 time 42 pv f7g8 h6e6 g8f7 b2b3 d7c5 e6b6 f7e7 b6b5 e7d6 g5g6 e8f6 b5a5 c5e4 a5a8 d6e7
Position; fen rnbqkbnr/pppppppp/8/8/3P4/8/PPP1PPPP/RNBQKBNR b KQkq - 0 1
Moves; c7c6 e2e4 d7d5 b1c3 g7g6 e4e5 g8h6 c1f4 f7f6 d1d2 g6g5 f4g3 h6f7 e1c1 c8f5 e5f6 e7e6 f1d3 f5d3 d2d3 f8d6 d3f3 e8d7 g3d6 f7d6 h2h4 d8g8 f3g4 g5h4 g4f4 d7c7 h1h4 b8d7 h4h3 a7a6 d1e1 a8e8 g1f3 g8g6 h3h6 g6f5 c3e2 f5f4 e2f4 d6f5 f6f7 f5h6 f7e8n h8e8 e1h1 h6g4 h1h7 c7d6 f3g5 c6c5 d4c5 d7c5 g5f7 d6c6 f2f3 g4f6 h7h6 c5d7 f4e6 e8e6 f7d8 c6d6 d8e6 d6e6 g2g4 e6f7 g4g5 f6e8 f3f4 a6a5 f4f5
Warning; Bestmove does not match beginning of last PV - move g2g4 from SF_2800
Info; info depth 16 seldepth 27 multipv 1 score cp -196 nodes 322630 nps 764526 hashfull 120 tbhits 0 time 422 pv c1b1 f8d8 g1h1 d8d6 d1e2 c5c4 d3c2 a7a6 b1f1 f6e6 e2f3
Position; fen rnbqkbnr/pppppppp/8/8/3P4/8/PPP1PPPP/RNBQKBNR b KQkq - 0 1
Moves; d7d5 c2c4 e7e6 g1f3 g8f6 b1c3 f8b4 d1a4 b8c6 c4d5 e6d5 a4c2 e8g8 c1g5 h7h6 g5f6 d8f6 a2a3 c8f5 c2a4 b4c3 b2c3 f5g4 a4d1 g4f3 g2f3 a8e8 h1g1 f6f3 a1c1 e8e6 g1g2 f3f6 c1b1 b7b6 e2e3 e6e4 f1d3 e4h4 a3a4 c6e7 b1a1 c7c6 e1f1 g7g6 f1g1 g8g7 a1c1 c6c5
Warning; Bestmove does not match beginning of last PV - move d7e6 from SF_3000
Info; info depth 17 seldepth 29 multipv 1 score cp -288 nodes 366140 nps 859483 hashfull 115 tbhits 0 time 426 pv d7e7 f7d6 c7d6 d2d6 e7f7 h1d1 a8d8 d6d8 g8d8 d1d8 c6d8 f2f3 f6g8 c5b6
Position; fen rnbqkbnr/pppppp1p/6p1/8/3P4/8/PPP1PPPP/RNBQKBNR w KQkq - 0 2
Moves; e2e4 d7d6 f1e2 f8g7 h2h4 g8f6 b1c3 e7e5 d4e5 d6e5 d1d8 e8d8 g1f3 b8c6 c1e3 a7a6 h4h5 c8g4 f3g5 g4e2 h5h6 g7f8 g5f7 d8d7 e1e2 h8g8 a1d1 f8d6 d1d2 g6g5 e3c5
Warning; Bestmove does not match beginning of last PV - move a6a7 from SF_2900
Info; info depth 15 seldepth 33 multipv 1 score cp -405 nodes 127865 nps 1006811 hashfull 56 tbhits 0 time 127 pv a6e6 c5e6 d8c8 d1f1 c8d7 f1f4 d7d6 f4b4 h7h6
Position; fen rnbqkbnr/ppp1pppp/8/3p4/4P3/8/PPPP1PPP/RNBQKBNR w KQkq - 0 2
Moves; e4d5 d8d5 b1c3 d5d6 g1f3 c8f5 d2d4 c7c6 f3h4 f5c8 c1g5 g7g6 f1c4 f8g7 d1e2 b7b5 c3e4 d6d7 c4b3 f7f5 e4d2 e7e6 g2g4 g7h6 f2f4 h6g5 f4g5 g8e7 g4f5 e7f5 h4f5 g6f5 e1c1 a7a5 a2a3 e8d8 h1e1 a5a4 b3e6 d7e6 e2e6 c8e6 e1e6 f5f4 d4d5 c6c5 d2e4 a8a6 e4c5
Warning; Bestmove does not match beginning of last PV - move e3f1 from SF_2900
Info; info depth 17 seldepth 34 multipv 1 score cp -137 nodes 828311 nps 905257 hashfull 302 tbhits 0 time 915 pv d3e2 b7b5 a4b5 a6b5 c4d6 f5f4 e3d5 f4f3 e2f1 f3g2 f1g1 a7a2 d5e7 g8h8 d6e4 e6g4 b1a1 a2a4 d1b1 g7g6 e4g5 d7b6
Position; fen rnbqkbnr/ppp1pppp/8/3p4/4P3/8/PPPP1PPP/RNBQKBNR w KQkq - 0 2
Moves; e4d5 d8d5 g1f3 c8g4 b1c3 d5e6 d1e2 e6e2 c3e2 b8d7 d2d4 e7e6 h2h4 g8f6 c2c3 a7a6 f3d2 c7c5 a2a4 c5d4 e2d4 e6e5 d4c2 f8c5 d2c4 g4e6 b2b4 c5a7 c1e3 f6d5 e3a7 a8a7 c2e3 d5c3 f1d3 e8g8 e1d2 c3d5 a1b1 d5f4 h1d1 f4d3 d2d3 f7f5
Warning; Bestmove does not match beginning of last PV - move g4g2 from SF_2800
Info; info depth 16 seldepth 26 multipv 1 score cp -203 nodes 272710 nps 818948 hashfull 89 tbhits 0 time 333 pv c1a1 c5c4 g4h4 f6h4 d3c2 c8c6 d1f3 c6f6 f3g3 h4h5 c2d1
Position; fen rnbqkbnr/pppppppp/8/8/3P4/8/PPP1PPPP/RNBQKBNR b KQkq - 0 1
Moves; d7d5 c2c4 e7e6 g1f3 g8f6 b1c3 f8b4 d1a4 b8c6 c4d5 e6d5 a4c2 e8g8 c1g5 h7h6 g5f6 d8f6 a2a3 c8f5 c2a4 b4c3 b2c3 f5g4 a4d1 g4f3 g2f3 a8e8 h1g1 f6f3 a1c1 e8e6 g1g2 f3f6 c1b1 b7b6 e2e3 e6e4 f1d3 e4h4 a3a4 c6e7 b1a1 c7c6 e1f1 g7g6 f1g1 g8g7 a1c1 c6c5 g2g4 f8c8
Warning; Bestmove does not match beginning of last PV - move f4f3 from SF_2900
Info; info depth 16 seldepth 23 multipv 1 score cp -489 nodes 220464 nps 950275 hashfull 84 tbhits 0 time 232 pv b8d7 c5e6 d8c8 f6f4 a7b7 h2h4 d7e5 f4f5 e5d7 f5f7 d7e5 f7b7 c8b7
Position; fen rnbqkbnr/ppp1pppp/8/3p4/4P3/8/PPPP1PPP/RNBQKBNR w KQkq - 0 2
Moves; e4d5 d8d5 b1c3 d5d6 g1f3 c8f5 d2d4 c7c6 f3h4 f5c8 c1g5 g7g6 f1c4 f8g7 d1e2 b7b5 c3e4 d6d7 c4b3 f7f5 e4d2 e7e6 g2g4 g7h6 f2f4 h6g5 f4g5 g8e7 g4f5 e7f5 h4f5 g6f5 e1c1 a7a5 a2a3 e8d8 h1e1 a5a4 b3e6 d7e6 e2e6 c8e6 e1e6 f5f4 d4d5 c6c5 d2e4 a8a6 e4c5 a6a7 e6f6
Warning; Bestmove does not match beginning of last PV - move c4b2 from SF_2900
Info; info depth 16 seldepth 33 multipv 1 score cp -208 nodes 324002 nps 944612 hashfull 120 tbhits 0 time 343 pv c4a5 d7b6 d3e2 d8d1 b1d1 b6d5 d1d2 d5f4 e2d1 f4g2 d2d8 g8f7 f1d2 g2h4 d2c4 f7f6 c4b6
Position; fen rnbqkbnr/ppp1pppp/8/3p4/4P3/8/PPPP1PPP/RNBQKBNR w KQkq - 0 2
Moves; e4d5 d8d5 g1f3 c8g4 b1c3 d5e6 d1e2 e6e2 c3e2 b8d7 d2d4 e7e6 h2h4 g8f6 c2c3 a7a6 f3d2 c7c5 a2a4 c5d4 e2d4 e6e5 d4c2 f8c5 d2c4 g4e6 b2b4 c5a7 c1e3 f6d5 e3a7 a8a7 c2e3 d5c3 f1d3 e8g8 e1d2 c3d5 a1b1 d5f4 h1d1 f4d3 d2d3 f7f5 e3f1 f8d8
Warning; Bestmove does not match beginning of last PV - move h8e8 from SF_2900
Info; info depth 14 seldepth 19 multipv 1 score cp -501 nodes 64488 nps 1007625 hashfull 22 tbhits 0 time 64 pv b8a6 c5a6 a7a6 d5d6 h8e8 f3f7 b5b4 h2h4 b4a3 b2a3 a6a5
Position; fen rnbqkbnr/ppp1pppp/8/3p4/4P3/8/PPPP1PPP/RNBQKBNR w KQkq - 0 2
Moves; e4d5 d8d5 b1c3 d5d6 g1f3 c8f5 d2d4 c7c6 f3h4 f5c8 c1g5 g7g6 f1c4 f8g7 d1e2 b7b5 c3e4 d6d7 c4b3 f7f5 e4d2 e7e6 g2g4 g7h6 f2f4 h6g5 f4g5 g8e7 g4f5 e7f5 h4f5 g6f5 e1c1 a7a5 a2a3 e8d8 h1e1 a5a4 b3e6 d7e6 e2e6 c8e6 e1e6 f5f4 d4d5 c6c5 d2e4 a8a6 e4c5 a6a7 e6f6 f4f3 f6f3
Warning; Bestmove does not match beginning of last PV - move d3c2 from SF_2900
Info; info depth 16 seldepth 30 multipv 1 score cp -258 nodes 501483 nps 940868 hashfull 199 tbhits 0 time 533 pv d3e2 b6d5 e2e1 a7a8 b4b5 a6b5 a4b5 d5c3 d1d8 a8d8 b1c1 c3b5 c1c5 d8d5 c5d5 e6d5 f1e3 d5c6 e3f5 c6g2 b2d3 b5d4 f5d6 d4f3 e1e2
Position; fen rnbqkbnr/ppp1pppp/8/3p4/4P3/8/PPPP1PPP/RNBQKBNR w KQkq - 0 2
Moves; e4d5 d8d5 g1f3 c8g4 b1c3 d5e6 d1e2 e6e2 c3e2 b8d7 d2d4 e7e6 h2h4 g8f6 c2c3 a7a6 f3d2 c7c5 a2a4 c5d4 e2d4 e6e5 d4c2 f8c5 d2c4 g4e6 b2b4 c5a7 c1e3 f6d5 e3a7 a8a7 c2e3 d5c3 f1d3 e8g8 e1d2 c3d5 a1b1 d5f4 h1d1 f4d3 d2d3 f7f5 e3f1 f8d8 c4b2 d7b6
Warning; Bestmove does not match beginning of last PV - move d3b5 from SF_2800
Info; info depth 15 seldepth 22 multipv 1 score cp -222 nodes 190063 nps 731011 hashfull 78 tbhits 0 time 260 pv c1b1 f6e6 g1h1 e6c8 d1e2 c6f6 b1g1 e7f5 f2f3 h4h3
Position; fen rnbqkbnr/pppppppp/8/8/3P4/8/PPP1PPPP/RNBQKBNR b KQkq - 0 1
Moves; d7d5 c2c4 e7e6 g1f3 g8f6 b1c3 f8b4 d1a4 b8c6 c4d5 e6d5 a4c2 e8g8 c1g5 h7h6 g5f6 d8f6 a2a3 c8f5 c2a4 b4c3 b2c3 f5g4 a4d1 g4f3 g2f3 a8e8 h1g1 f6f3 a1c1 e8e6 g1g2 f3f6 c1b1 b7b6 e2e3 e6e4 f1d3 e4h4 a3a4 c6e7 b1a1 c7c6 e1f1 g7g6 f1g1 g8g7 a1c1 c6c5 g2g4 f8c8 g4g2 c8c6
Warning; Bestmove does not match beginning of last PV - move d8d7 from SF_2900
Info; info depth 14 seldepth 16 multipv 1 score cp -495 nodes 69819 nps 1163650 hashfull 29 tbhits 0 time 60 pv d8c8 c1b1 b8a6 f3c3 c8d7 c3c6 a6b8 c6b6
Position; fen rnbqkbnr/ppp1pppp/8/3p4/4P3/8/PPPP1PPP/RNBQKBNR w KQkq - 0 2
Moves; e4d5 d8d5 b1c3 d5d6 g1f3 c8f5 d2d4 c7c6 f3h4 f5c8 c1g5 g7g6 f1c4 f8g7 d1e2 b7b5 c3e4 d6d7 c4b3 f7f5 e4d2 e7e6 g2g4 g7h6 f2f4 h6g5 f4g5 g8e7 g4f5 e7f5 h4f5 g6f5 e1c1 a7a5 a2a3 e8d8 h1e1 a5a4 b3e6 d7e6 e2e6 c8e6 e1e6 f5f4 d4d5 c6c5 d2e4 a8a6 e4c5 a6a7 e6f6 f4f3 f6f3 h8e8 c5e6
Warning; Bestmove does not match beginning of last PV - move a8c8 from SF_3000
Info; info depth 18 seldepth 44 multipv 1 score cp -303 nodes 942158 nps 881345 hashfull 366 tbhits 0 time 1069 pv a8d8 c5b6 d8d6 d1d6 g8g6 b6c5 g6h6 c3d5 h6g6 d5f6 g6f6 d6d7 f7g6 d7b7 h7h5 c5e3 h5h4 f2f3 c6d8 b7d7
Position; fen rnbqkbnr/pppppp1p/6p1/8/3P4/8/PPP1PPPP/RNBQKBNR w KQkq - 0 2
Moves; e2e4 d7d6 f1e2 f8g7 h2h4 g8f6 b1c3 e7e5 d4e5 d6e5 d1d8 e8d8 g1f3 b8c6 c1e3 a7a6 h4h5 c8g4 f3g5 g4e2 h5h6 g7f8 g5f7 d8d7 e1e2 h8g8 a1d1 f8d6 d1d2 g6g5 e3c5 d7e6 f7d6 c7d6 d2d6 e6f7 h1d1
Warning; Bestmove does not match beginning of last PV - move b1c1 from SF_2900
Info; info depth 17 seldepth 34 multipv 1 score cp -268 nodes 460024 nps 896732 hashfull 165 tbhits 0 time 513 pv a4a5 b6c4 b2c4 c8c4 d2e2 c4h4 f2f3 e5e4 e2f2 a8e8 d1d6 e4f3 g2f3 e6a2 b1a1 a2f7 f1e3 f5f4 e3d5 f7d5 d6d5 h4h2 f2g1
Position; fen rnbqkbnr/ppp1pppp/8/3p4/4P3/8/PPPP1PPP/RNBQKBNR w KQkq - 0 2
Moves; e4d5 d8d5 g1f3 c8g4 b1c3 d5e6 d1e2 e6e2 c3e2 b8d7 d2d4 e7e6 h2h4 g8f6 c2c3 a7a6 f3d2 c7c5 a2a4 c5d4 e2d4 e6e5 d4c2 f8c5 d2c4 g4e6 b2b4 c5a7 c1e3 f6d5 e3a7 a8a7 c2e3 d5c3 f1d3 e8g8 e1d2 c3d5 a1b1 d5f4 h1d1 f4d3 d2d3 f7f5 e3f1 f8d8 c4b2 d7b6 d3c2 d8c8 c2d2 a7a8
Warning; Bestmove does not match beginning of last PV - move c6e7 from SF_3000
Info; info depth 16 seldepth 23 multipv 1 score cp -284 nodes 293577 nps 866008 hashfull 113 tbhits 0 time 339 pv g8g6 b6e3 f7e7 e2f1 g5g4 a2a3 c6a5 d6b6 c8c6 b6c6 b7c6 b2b3 a5b7 f2f3
Position; fen rnbqkbnr/pppppp1p/6p1/8/3P4/8/PPP1PPPP/RNBQKBNR w KQkq - 0 2
Moves; e2e4 d7d6 f1e2 f8g7 h2h4 g8f6 b1c3 e7e5 d4e5 d6e5 d1d8 e8d8 g1f3 b8c6 c1e3 a7a6 h4h5 c8g4 f3g5 g4e2 h5h6 g7f8 g5f7 d8d7 e1e2 h8g8 a1d1 f8d6 d1d2 g6g5 e3c5 d7e6 f7d6 c7d6 d2d6 e6f7 h1d1 a8c8 c5b6
Warning; Bestmove does not match beginning of last PV - move g1h1 from SF_2800
Info; info depth 10 seldepth 15 multipv 1 score cp -182 nodes 23914 nps 771419 hashfull 7 tbhits 0 time 31 pv a4a5 c5c4 a5b6 a7b6 d3e2 f6f5 b1a1
Position; fen rnbqkbnr/pppppppp/8/8/3P4/8/PPP1PPPP/RNBQKBNR b KQkq - 0 1
Moves; d7d5 c2c4 e7e6 g1f3 g8f6 b1c3 f8b4 d1a4 b8c6 c4d5 e6d5 a4c2 e8g8 c1g5 h7h6 g5f6 d8f6 a2a3 c8f5 c2a4 b4c3 b2c3 f5g4 a4d1 g4f3 g2f3 a8e8 h1g1 f6f3 a1c1 e8e6 g1g2 f3f6 c1b1 b7b6 e2e3 e6e4 f1d3 e4h4 a3a4 c6e7 b1a1 c7c6 e1f1 g7g6 f1g1 g8g7 a1c1 c6c5 g2g4 f8c8 g4g2 c8c6 d3b5 c6c7 b5d3 h6h5 c1b1 e7c8
Warning; Bestmove does not match beginning of last PV - move d2e3 from SF_2900
Info; info depth 16 seldepth 24 multipv 1 score cp -269 nodes 348958 nps 878987 hashfull 137 tbhits 0 time 397 pv a4a5 c8c1 d1c1 a8d8 d2e3 b6d5 e3d4 d5b4 d4e5 e6c8 e5f4 h7h6 f1e3 b4d3 b2d3 e4d3 e3f5 c8f5 f4f5
Position; fen rnbqkbnr/ppp1pppp/8/3p4/4P3/8/PPPP1PPP/RNBQKBNR w KQkq - 0 2
Moves; e4d5 d8d5 g1f3 c8g4 b1c3 d5e6 d1e2 e6e2 c3e2 b8d7 d2d4 e7e6 h2h4 g8f6 c2c3 a7a6 f3d2 c7c5 a2a4 c5d4 e2d4 e6e5 d4c2 f8c5 d2c4 g4e6 b2b4 c5a7 c1e3 f6d5 e3a7 a8a7 c2e3 d5c3 f1d3 e8g8 e1d2 c3d5 a1b1 d5f4 h1d1 f4d3 d2d3 f7f5 e3f1 f8d8 c4b2 d7b6 d3c2 d8c8 c2d2 a7a8 b1c1 e5e4
Warning; Bestmove does not match beginning of last PV - move a4a5 from SF_2800
Info; info depth 13 seldepth 18 multipv 1 score cp -215 nodes 47175 nps 725769 hashfull 17 tbhits 0 time 65 pv d1e2 h4h3 a4a5 c5c4 d3c2 b6a5 b1a1 d6b5 a1a5 a7a6 e2e1
Position; fen rnbqkbnr/pppppppp/8/8/3P4/8/PPP1PPPP/RNBQKBNR b KQkq - 0 1
Moves; d7d5 c2c4 e7e6 g1f3 g8f6 b1c3 f8b4 d1a4 b8c6 c4d5 e6d5 a4c2 e8g8 c1g5 h7h6 g5f6 d8f6 a2a3 c8f5 c2a4 b4c3 b2c3 f5g4 a4d1 g4f3 g2f3 a8e8 h1g1 f6f3 a1c1 e8e6 g1g2 f3f6 c1b1 b7b6 e2e3 e6e4 f1d3 e4h4 a3a4 c6e7 b1a1 c7c6 e1f1 g7g6 f1g1 g8g7 a1c1 c6c5 g2g4 f8c8 g4g2 c8c6 d3b5 c6c7 b5d3 h6h5 c1b1 e7c8 g1h1 c8d6
Warning; Bestmove does not match beginning of last PV - move c6a5 from SF_3000
Info; info depth 16 seldepth 27 multipv 1 score cp -313 nodes 585732 nps 840361 hashfull 221 tbhits 0 time 697 pv f6e4 d1d7 f7g6 d7b7 c6d4 e3d4 e5d4 b7e7 e4f6 e7g7 g8g7 h6g7 g6g7 a4c5 a6a5 c5e6 g7g6 e6d4 h7h5 f2f3 h5h4 e2f2 g5g4 f3g4
Position; fen rnbqkbnr/pppppp1p/6p1/8/3P4/8/PPP1PPPP/RNBQKBNR w KQkq - 0 2
Moves; e2e4 d7d6 f1e2 f8g7 h2h4 g8f6 b1c3 e7e5 d4e5 d6e5 d1d8 e8d8 g1f3 b8c6 c1e3 a7a6 h4h5 c8g4 f3g5 g4e2 h5h6 g7f8 g5f7 d8d7 e1e2 h8g8 a1d1 f8d6 d1d2 g6g5 e3c5 d7e6 f7d6 c7d6 d2d6 e6f7 h1d1 a8c8 c5b6 c6e7 b6e3 c8c7 a2a3 c7c6 d6c6 e7c6 c3a4
Warning; Bestmove does not match beginning of last PV - move h4h5 from SF_2900
Info; info depth 11 seldepth 14 multipv 1 score cp -320 nodes 20318 nps 781461 hashfull 7 tbhits 0 time 26 pv g2g3 b4c6 d4e3
Position; fen rnbqkbnr/ppp1pppp/8/3p4/4P3/8/PPPP1PPP/RNBQKBNR w KQkq - 0 2
Moves; e4d5 d8d5 g1f3 c8g4 b1c3 d5e6 d1e2 e6e2 c3e2 b8d7 d2d4 e7e6 h2h4 g8f6 c2c3 a7a6 f3d2 c7c5 a2a4 c5d4 e2d4 e6e5 d4c2 f8c5 d2c4 g4e6 b2b4 c5a7 c1e3 f6d5 e3a7 a8a7 c2e3 d5c3 f1d3 e8g8 e1d2 c3d5 a1b1 d5f4 h1d1 f4d3 d2d3 f7f5 e3f1 f8d8 c4b2 d7b6 d3c2 d8c8 c2d2 a7a8 b1c1 e5e4 d2e3 b6d5 e3d4 d5b4
Warning; Bestmove does not match beginning of last PV - move h1g1 from SF_2800
Info; info depth 13 seldepth 21 multipv 1 score cp -249 nodes 45708 nps 816214 hashfull 20 tbhits 0 time 56 pv g2g4 h5g4 e2g4 c5c4 d3c2 f6f2 g4g2 f2g2 h1g2 c7c6 h2h4 c6a6 b1a1 d6b7 e3e4 d5e4 c2e4 a6a5 a1a5 b7a5
Position; fen rnbqkbnr/pppppppp/8/8/3P4/8/PPP1PPPP/RNBQKBNR b KQkq - 0 1
Moves; d7d5 c2c4 e7e6 g1f3 g8f6 b1c3 f8b4 d1a4 b8c6 c4d5 e6d5 a4c2 e8g8 c1g5 h7h6 g5f6 d8f6 a2a3 c8f5 c2a4 b4c3 b2c3 f5g4 a4d1 g4f3 g2f3 a8e8 h1g1 f6f3 a1c1 e8e6 g1g2 f3f6 c1b1 b7b6 e2e3 e6e4 f1d3 e4h4 a3a4 c6e7 b1a1 c7c6 e1f1 g7g6 f1g1 g8g7 a1c1 c6c5 g2g4 f8c8 g4g2 c8c6 d3b5 c6c7 b5d3 h6h5 c1b1 e7c8 g1h1 c8d6 a4a5 b6b5 d1e2 h4g4
Finished game 27 (HiveChess vs SF_2900): 1-0 {White wins by adjudication}
Started game 30 of 1000 (SF_3000 vs HiveChess)
Warning; Bestmove does not match beginning of last PV - move g8c8 from SF_3000
Info; info depth 16 seldepth 23 multipv 1 score cp -296 nodes 358630 nps 885506 hashfull 135 tbhits 0 time 405 pv g5g4 b2b3 g4f3 g2f3 g8g2 e2d3 g2g3 d1f1 a5c6 a4c5 c6d8 b3b4 g3h3 a3a4 f6h5 a4a5 h5f6 d3e2
Position; fen rnbqkbnr/pppppp1p/6p1/8/3P4/8/PPP1PPPP/RNBQKBNR w KQkq - 0 2
Moves; e2e4 d7d6 f1e2 f8g7 h2h4 g8f6 b1c3 e7e5 d4e5 d6e5 d1d8 e8d8 g1f3 b8c6 c1e3 a7a6 h4h5 c8g4 f3g5 g4e2 h5h6 g7f8 g5f7 d8d7 e1e2 h8g8 a1d1 f8d6 d1d2 g6g5 e3c5 d7e6 f7d6 c7d6 d2d6 e6f7 h1d1 a8c8 c5b6 c6e7 b6e3 c8c7 a2a3 c7c6 d6c6 e7c6 c3a4 c6a5 f2f3
Warning; Bestmove does not match beginning of last PV - move c2c4 from SF_3000
Info; info depth 17 seldepth 27 multipv 1 score cp 63 nodes 701551 nps 736150 hashfull 233 tbhits 0 time 953 pv e2e4 d7d6 b1c3 f8g7 g1f3 g8f6 c1e3 e8g8 d1d2 d6d5 e4e5 f6e4 c3e4 d5e4 f3g5 c7c5 c2c3 c5d4 c3d4 b8c6 g5e4
Position; fen rnbqkbnr/pppppp1p/6p1/8/3P4/8/PPP1PPPP/RNBQKBNR w KQkq - 0 2
Moves; 
Warning; Bestmove does not match beginning of last PV - move d4e5 from SF_2900
Info; info depth 9 seldepth 19 multipv 1 score cp -299 nodes 10854 nps 904500 hashfull 6 tbhits 0 time 12 pv c1c8 a8c8 d4e5 c8c5 e5d6 b7b6 f1g3 g7g6 d1d2 f5f4 h5g6 f7g6 g3e2 e4e3 f2e3 f4e3
Position; fen rnbqkbnr/ppp1pppp/8/3p4/4P3/8/PPPP1PPP/RNBQKBNR w KQkq - 0 2
Moves; e4d5 d8d5 g1f3 c8g4 b1c3 d5e6 d1e2 e6e2 c3e2 b8d7 d2d4 e7e6 h2h4 g8f6 c2c3 a7a6 f3d2 c7c5 a2a4 c5d4 e2d4 e6e5 d4c2 f8c5 d2c4 g4e6 b2b4 c5a7 c1e3 f6d5 e3a7 a8a7 c2e3 d5c3 f1d3 e8g8 e1d2 c3d5 a1b1 d5f4 h1d1 f4d3 d2d3 f7f5 e3f1 f8d8 c4b2 d7b6 d3c2 d8c8 c2d2 a7a8 b1c1 e5e4 d2e3 b6d5 e3d4 d5b4 h4h5 e6f7
Warning; Bestmove does not match beginning of last PV - move g1f3 from SF_3000
Info; info depth 17 seldepth 34 multipv 1 score cp 42 nodes 1085104 nps 747831 hashfull 353 tbhits 0 time 1451 pv h2h4 f8g7 b1c3 d7d6 e2e4 b8c6 g1f3 c8g4 d4d5 c6e5 f1e2 e5f3 g2f3 g4h5 c1e3 e8g8 d1b3
Position; fen rnbqkbnr/pppppp1p/6p1/8/3P4/8/PPP1PPPP/RNBQKBNR w KQkq - 0 2
Moves; c2c4 g8f6
Warning; Bestmove does not match beginning of last PV - move a4b6 from HiveChess
Info; info depth 20 score cp 575 nodes 6939648 pv e3g5 c8g8 g5f6 g8g2 e2d3 b7b5 b2b3 c4b2 a4b2 f7f6 b2c4 b5c4 d3c4 g2c2 d1d5 f6e6 c4b4 c2c3
Position; fen rnbqkbnr/pppppp1p/6p1/8/3P4/8/PPP1PPPP/RNBQKBNR w KQkq - 0 2
Moves; e2e4 d7d6 f1e2 f8g7 h2h4 g8f6 b1c3 e7e5 d4e5 d6e5 d1d8 e8d8 g1f3 b8c6 c1e3 a7a6 h4h5 c8g4 f3g5 g4e2 h5h6 g7f8 g5f7 d8d7 e1e2 h8g8 a1d1 f8d6 d1d2 g6g5 e3c5 d7e6 f7d6 c7d6 d2d6 e6f7 h1d1 a8c8 c5b6 c6e7 b6e3 c8c7 a2a3 c7c6 d6c6 e7c6 c3a4 c6a5 f2f3 g8c8 c2c3 a5c4
Warning; Bestmove does not match beginning of last PV - move d1b1 from SF_2900
Info; info depth 13 seldepth 20 multipv 1 score cp -345 nodes 50187 nps 929388 hashfull 18 tbhits 0 time 54 pv d1d2 c8c5 e5d6 b7b6 f1e3 h5f7 a4a5 c5a5 d2d4 a5b5 b2a4 f5f4 a4c3 f4e3 c3b5 e3f2
Position; fen rnbqkbnr/ppp1pppp/8/3p4/4P3/8/PPPP1PPP/RNBQKBNR w KQkq - 0 2
Moves; e4d5 d8d5 g1f3 c8g4 b1c3 d5e6 d1e2 e6e2 c3e2 b8d7 d2d4 e7e6 h2h4 g8f6 c2c3 a7a6 f3d2 c7c5 a2a4 c5d4 e2d4 e6e5 d4c2 f8c5 d2c4 g4e6 b2b4 c5a7 c1e3 f6d5 e3a7 a8a7 c2e3 d5c3 f1d3 e8g8 e1d2 c3d5 a1b1 d5f4 h1d1 f4d3 d2d3 f7f5 e3f1 f8d8 c4b2 d7b6 d3c2 d8c8 c2d2 a7a8 b1c1 e5e4 d2e3 b6d5 e3d4 d5b4 h4h5 e6f7 d4e5 f7h5 c1c8 a8c8
Warning; Bestmove does not match beginning of last PV - move g2f1 from SF_2800
Info; info depth 11 seldepth 24 multipv 1 score cp -339 nodes 29364 nps 772736 hashfull 15 tbhits 0 time 38 pv g2h1 a7a6 b1g1 g5h4 f2f4 h4h3 e2d2 h3f3 d2g2 f3g2 h1g2 c7c3 f4f5 c3d3
Position; fen rnbqkbnr/pppppppp/8/8/3P4/8/PPP1PPPP/RNBQKBNR b KQkq - 0 1
Moves; d7d5 c2c4 e7e6 g1f3 g8f6 b1c3 f8b4 d1a4 b8c6 c4d5 e6d5 a4c2 e8g8 c1g5 h7h6 g5f6 d8f6 a2a3 c8f5 c2a4 b4c3 b2c3 f5g4 a4d1 g4f3 g2f3 a8e8 h1g1 f6f3 a1c1 e8e6 g1g2 f3f6 c1b1 b7b6 e2e3 e6e4 f1d3 e4h4 a3a4 c6e7 b1a1 c7c6 e1f1 g7g6 f1g1 g8g7 a1c1 c6c5 g2g4 f8c8 g4g2 c8c6 d3b5 c6c7 b5d3 h6h5 c1b1 e7c8 g1h1 c8d6 a4a5 b6b5 d1e2 h4g4 h1g1 g4g2 g1g2 c5d4 c3d4 f6g5
Warning; Bestmove does not match beginning of last PV - move f8f7 from SF_2800
Info; info depth 18 seldepth 55 multipv 1 score cp -484 nodes 4225098 nps 1183500 hashfull 894 tbhits 0 time 3570 pv a5a4 a2a3 f8f7 d5d7 f7f8 f6f7 e8g7 g5g6 g7e6 d7b7 f8g7 b7b6 e6f8 b2b3 e4c3 c1d2 c3d5 b6b7 a4b3 c2b3 d5f6 a3a4 f6e4 d2c2 e4d6 b7b8 f8g6
Position; fen rnbqkbnr/pppppppp/8/8/3P4/8/PPP1PPPP/RNBQKBNR b KQkq - 0 1
Moves; c7c6 e2e4 d7d5 b1c3 g7g6 e4e5 g8h6 c1f4 f7f6 d1d2 g6g5 f4g3 h6f7 e1c1 c8f5 e5f6 e7e6 f1d3 f5d3 d2d3 f8d6 d3f3 e8d7 g3d6 f7d6 h2h4 d8g8 f3g4 g5h4 g4f4 d7c7 h1h4 b8d7 h4h3 a7a6 d1e1 a8e8 g1f3 g8g6 h3h6 g6f5 c3e2 f5f4 e2f4 d6f5 f6f7 f5h6 f7e8n h8e8 e1h1 h6g4 h1h7 c7d6 f3g5 c6c5 d4c5 d7c5 g5f7 d6c6 f2f3 g4f6 h7h6 c5d7 f4e6 e8e6 f7d8 c6d6 d8e6 d6e6 g2g4 e6f7 g4g5 f6e8 f3f4 a6a5 f4f5 f7g7 c1d2 d7e5 h6e6 e5c4 d2c1 c4d6 f5f6 g7f7 e6e7 f7f8 e7d7 d6e4 d7d5
Warning; Bestmove does not match beginning of last PV - move h2h3 from SF_3000
Info; info depth 18 seldepth 33 multipv 1 score cp 38 nodes 1618053 nps 696535 hashfull 504 tbhits 0 time 2323 pv c4d5 f6d5 e2e4 d5c3 b2c3 c7c5 a1b1 e8g8 f1e2 b8c6 d4d5 c6e5 f3d2 f7f5 e1g1 f5e4 c3c4 c8f5 b1b7
Position; fen rnbqkbnr/pppppp1p/6p1/8/3P4/8/PPP1PPPP/RNBQKBNR w KQkq - 0 2
Moves; c2c4 g8f6 g1f3 f8g7 b1c3 d7d5
Warning; Bestmove does not match beginning of last PV - move h2h3 from SF_2800
Info; info depth 13 seldepth 17 multipv 1 score cp -319 nodes 35630 nps 774565 hashfull 13 tbhits 0 time 46 pv e2f3 c7c3 f1e2 c3a3 b1c1 d6c4 c1c2 a3a5 e3e4 a5a1 e4d5
Position; fen rnbqkbnr/pppppppp/8/8/3P4/8/PPP1PPPP/RNBQKBNR b KQkq - 0 1
Moves; d7d5 c2c4 e7e6 g1f3 g8f6 b1c3 f8b4 d1a4 b8c6 c4d5 e6d5 a4c2 e8g8 c1g5 h7h6 g5f6 d8f6 a2a3 c8f5 c2a4 b4c3 b2c3 f5g4 a4d1 g4f3 g2f3 a8e8 h1g1 f6f3 a1c1 e8e6 g1g2 f3f6 c1b1 b7b6 e2e3 e6e4 f1d3 e4h4 a3a4 c6e7 b1a1 c7c6 e1f1 g7g6 f1g1 g8g7 a1c1 c6c5 g2g4 f8c8 g4g2 c8c6 d3b5 c6c7 b5d3 h6h5 c1b1 e7c8 g1h1 c8d6 a4a5 b6b5 d1e2 h4g4 h1g1 g4g2 g1g2 c5d4 c3d4 f6g5 g2f1 a7a6
Warning; Bestmove does not match beginning of last PV - move c8c4 from SF_3000
Info; info depth 13 seldepth 28 multipv 1 score cp -312 nodes 74516 nps 1262983 hashfull 18 tbhits 0 time 59 pv h5f4 e2d2 f4e6 d8h4 c8g8 d6d7 f7g6 d7e7 g8d8 d2c2
Position; fen rnbqkbnr/pppppp1p/6p1/8/3P4/8/PPP1PPPP/RNBQKBNR w KQkq - 0 2
Moves; e2e4 d7d6 f1e2 f8g7 h2h4 g8f6 b1c3 e7e5 d4e5 d6e5 d1d8 e8d8 g1f3 b8c6 c1e3 a7a6 h4h5 c8g4 f3g5 g4e2 h5h6 g7f8 g5f7 d8d7 e1e2 h8g8 a1d1 f8d6 d1d2 g6g5 e3c5 d7e6 f7d6 c7d6 d2d6 e6f7 h1d1 a8c8 c5b6 c6e7 b6e3 c8c7 a2a3 c7c6 d6c6 e7c6 c3a4 c6a5 f2f3 g8c8 c2c3 a5c4 a4b6 c4b6 e3b6 g5g4 b6d8 g4f3 g2f3 f6h5 d1d6
Warning; Bestmove does not match beginning of last PV - move g2g3 from SF_2900
Info; info depth 15 seldepth 17 multipv 1 score cp -397 nodes 52242 nps 842612 hashfull 18 tbhits 0 time 62 pv f1g3 h5g4 b2d1 b4d3 e5d4 g4d1 b1d1 g7g6 d1b1 c2f2 b1b7 f2g2 g3h1 f5f4
Position; fen rnbqkbnr/ppp1pppp/8/3p4/4P3/8/PPPP1PPP/RNBQKBNR w KQkq - 0 2
Moves; e4d5 d8d5 g1f3 c8g4 b1c3 d5e6 d1e2 e6e2 c3e2 b8d7 d2d4 e7e6 h2h4 g8f6 c2c3 a7a6 f3d2 c7c5 a2a4 c5d4 e2d4 e6e5 d4c2 f8c5 d2c4 g4e6 b2b4 c5a7 c1e3 f6d5 e3a7 a8a7 c2e3 d5c3 f1d3 e8g8 e1d2 c3d5 a1b1 d5f4 h1d1 f4d3 d2d3 f7f5 e3f1 f8d8 c4b2 d7b6 d3c2 d8c8 c2d2 a7a8 b1c1 e5e4 d2e3 b6d5 e3d4 d5b4 h4h5 e6f7 d4e5 f7h5 c1c8 a8c8 d1b1 c8c5 e5d6 c5c6 d6e5 c6c2
Warning; Bestmove does not match beginning of last PV - move e8g7 from SF_2800
Info; info depth 18 seldepth 33 multipv 1 score cp -515 nodes 3130457 nps 1282448 hashfull 772 tbhits 0 time 2441 pv e8f6 g5f6 b7b5 d7e7 e4f6 e7b7 b5b4 c1d2 f6e4 d2e3 e4d6 b7d7 d6c4 e3d4 b4b3 c2b3 c4d2 d7d5 f8f7 a2a4
Position; fen rnbqkbnr/pppppppp/8/8/3P4/8/PPP1PPPP/RNBQKBNR b KQkq - 0 1
Moves; c7c6 e2e4 d7d5 b1c3 g7g6 e4e5 g8h6 c1f4 f7f6 d1d2 g6g5 f4g3 h6f7 e1c1 c8f5 e5f6 e7e6 f1d3 f5d3 d2d3 f8d6 d3f3 e8d7 g3d6 f7d6 h2h4 d8g8 f3g4 g5h4 g4f4 d7c7 h1h4 b8d7 h4h3 a7a6 d1e1 a8e8 g1f3 g8g6 h3h6 g6f5 c3e2 f5f4 e2f4 d6f5 f6f7 f5h6 f7e8n h8e8 e1h1 h6g4 h1h7 c7d6 f3g5 c6c5 d4c5 d7c5 g5f7 d6c6 f2f3 g4f6 h7h6 c5d7 f4e6 e8e6 f7d8 c6d6 d8e6 d6e6 g2g4 e6f7 g4g5 f6e8 f3f4 a6a5 f4f5 f7g7 c1d2 d7e5 h6e6 e5c4 d2c1 c4d6 f5f6 g7f7 e6e7 f7f8 e7d7 d6e4 d7d5 f8f7 d5d7 f7f8 f6f7
Warning; Bestmove does not match beginning of last PV - move e4c5 from SF_2800
Info; info depth 16 seldepth 36 multipv 1 score cp -522 nodes 1236077 nps 1518522 hashfull 319 tbhits 0 time 814 pv f8g7 b7b6 e6f8 b6a6 e4f6 a6a5 g7g6 a2a4 g6f7 a5b5 f8e6 a4a5 f7e7 a5a6 e6c7 b5b7 e7d6 a6a7 f6d5 b7b8 d6c5 a7a8r c5c6 c1b1 c7a8 b8a8 d5c7 a8c8
Position; fen rnbqkbnr/pppppppp/8/8/3P4/8/PPP1PPPP/RNBQKBNR b KQkq - 0 1
Moves; c7c6 e2e4 d7d5 b1c3 g7g6 e4e5 g8h6 c1f4 f7f6 d1d2 g6g5 f4g3 h6f7 e1c1 c8f5 e5f6 e7e6 f1d3 f5d3 d2d3 f8d6 d3f3 e8d7 g3d6 f7d6 h2h4 d8g8 f3g4 g5h4 g4f4 d7c7 h1h4 b8d7 h4h3 a7a6 d1e1 a8e8 g1f3 g8g6 h3h6 g6f5 c3e2 f5f4 e2f4 d6f5 f6f7 f5h6 f7e8n h8e8 e1h1 h6g4 h1h7 c7d6 f3g5 c6c5 d4c5 d7c5 g5f7 d6c6 f2f3 g4f6 h7h6 c5d7 f4e6 e8e6 f7d8 c6d6 d8e6 d6e6 g2g4 e6f7 g4g5 f6e8 f3f4 a6a5 f4f5 f7g7 c1d2 d7e5 h6e6 e5c4 d2c1 c4d6 f5f6 g7f7 e6e7 f7f8 e7d7 d6e4 d7d5 f8f7 d5d7 f7f8 f6f7 e8g7 g5g6 g7e6 d7b7
Warning; Bestmove does not match beginning of last PV - move c1e3 from SF_3000
Info; info depth 18 seldepth 45 multipv 1 score cp 31 nodes 1717707 nps 706584 hashfull 549 tbhits 0 time 2431 pv f1e2 c5d4 c3d4 b8c6 c1e3 d8a5 e3d2 a5a3 d4d5 c6e5 e1g1 e5f3 e2f3 g7e5 d2c1 a3a5 c1h6 f8d8 f3e2 c8d7 a1b1 b7b5 f2f4 e5c3 e2d3 c3g7 h6g7 g8g7 d1f3
Position; fen rnbqkbnr/pppppp1p/6p1/8/3P4/8/PPP1PPPP/RNBQKBNR w KQkq - 0 2
Moves; c2c4 g8f6 g1f3 f8g7 b1c3 d7d5 h2h3 e8g8 c4d5 f6d5 e2e4 d5c3 b2c3 c7c5
Warning; Bestmove does not match beginning of last PV - move d1d2 from SF_3000
Info; info depth 16 seldepth 16 multipv 1 score cp 32 nodes 434071 nps 762866 hashfull 135 tbhits 0 time 569 pv e3d2 c8d7 a2a4 c5d4 c3d4 a5b6 a4a5 b6d6 e4e5 d6d5 a1c1 f8c8 c1c8 d7c8
Position; fen rnbqkbnr/pppppp1p/6p1/8/3P4/8/PPP1PPPP/RNBQKBNR w KQkq - 0 2
Moves; c2c4 g8f6 g1f3 f8g7 b1c3 d7d5 h2h3 e8g8 c4d5 f6d5 e2e4 d5c3 b2c3 c7c5 c1e3 d8a5
Warning; Bestmove does not match beginning of last PV - move b4c5 from SF_2800
Info; info depth 19 seldepth 39 multipv 1 score cp -382 nodes 2650263 nps 944162 hashfull 761 tbhits 0 time 2807 pv b4b2 a4c4 b1c1 g5h4 f1g2 h4e4 g2g1 e4d3 b2b1 d3b1 c1b1 c4a4 g1g2 a4a5 g2f3 a5a4 b1c1 b5b4 f3f4 a6a5 f4e5 b4b3 e5d5 a4a2 d5c6 a5a4
Position; fen rnbqkbnr/pppppppp/8/8/3P4/8/PPP1PPPP/RNBQKBNR b KQkq - 0 1
Moves; d7d5 c2c4 e7e6 g1f3 g8f6 b1c3 f8b4 d1a4 b8c6 c4d5 e6d5 a4c2 e8g8 c1g5 h7h6 g5f6 d8f6 a2a3 c8f5 c2a4 b4c3 b2c3 f5g4 a4d1 g4f3 g2f3 a8e8 h1g1 f6f3 a1c1 e8e6 g1g2 f3f6 c1b1 b7b6 e2e3 e6e4 f1d3 e4h4 a3a4 c6e7 b1a1 c7c6 e1f1 g7g6 f1g1 g8g7 a1c1 c6c5 g2g4 f8c8 g4g2 c8c6 d3b5 c6c7 b5d3 h6h5 c1b1 e7c8 g1h1 c8d6 a4a5 b6b5 d1e2 h4g4 h1g1 g4g2 g1g2 c5d4 c3d4 f6g5 g2f1 a7a6 h2h3 c7c3 e2d2 c3a3 d2b4 d6c4 d3c4 a3a4
Warning; Bestmove does not match beginning of last PV - move f1e3 from SF_2900
Info; info depth 15 seldepth 23 multipv 1 score cp -517 nodes 129185 nps 2392314 hashfull 37 tbhits 0 time 54 pv a4a5 b2c4 e6d7 c4a5 d7c7 g8f7 c7b6 a5c4 b6b7
Position; fen rnbqkbnr/ppp1pppp/8/3p4/4P3/8/PPPP1PPP/RNBQKBNR w KQkq - 0 2
Moves; e4d5 d8d5 g1f3 c8g4 b1c3 d5e6 d1e2 e6e2 c3e2 b8d7 d2d4 e7e6 h2h4 g8f6 c2c3 a7a6 f3d2 c7c5 a2a4 c5d4 e2d4 e6e5 d4c2 f8c5 d2c4 g4e6 b2b4 c5a7 c1e3 f6d5 e3a7 a8a7 c2e3 d5c3 f1d3 e8g8 e1d2 c3d5 a1b1 d5f4 h1d1 f4d3 d2d3 f7f5 e3f1 f8d8 c4b2 d7b6 d3c2 d8c8 c2d2 a7a8 b1c1 e5e4 d2e3 b6d5 e3d4 d5b4 h4h5 e6f7 d4e5 f7h5 c1c8 a8c8 d1b1 c8c5 e5d6 c5c6 d6e5 c6c2 g2g3 c2b2 b1b2 b4d3 e5f5 h5g6 f5e6 d3b2
Finished game 25 (HiveChess vs SF_2800): 1-0 {White wins by adjudication}
Started game 31 of 1000 (HiveChess vs SF_2600)
Warning; Bestmove does not match beginning of last PV - move a6a5 from SF_3000
Info; info depth 14 seldepth 23 multipv 1 score cp -459 nodes 65850 nps 1291176 hashfull 21 tbhits 0 time 51 pv e6f4 b2b4 f4g2 e3d2 g6h6 e7f6 h6g6 f6e5 g6f7 e5h2
Position; fen rnbqkbnr/pppppp1p/6p1/8/3P4/8/PPP1PPPP/RNBQKBNR w KQkq - 0 2
Moves; e2e4 d7d6 f1e2 f8g7 h2h4 g8f6 b1c3 e7e5 d4e5 d6e5 d1d8 e8d8 g1f3 b8c6 c1e3 a7a6 h4h5 c8g4 f3g5 g4e2 h5h6 g7f8 g5f7 d8d7 e1e2 h8g8 a1d1 f8d6 d1d2 g6g5 e3c5 d7e6 f7d6 c7d6 d2d6 e6f7 h1d1 a8c8 c5b6 c6e7 b6e3 c8c7 a2a3 c7c6 d6c6 e7c6 c3a4 c6a5 f2f3 g8c8 c2c3 a5c4 a4b6 c4b6 e3b6 g5g4 b6d8 g4f3 g2f3 f6h5 d1d6 c8c4 d6b6 c4c6 b6b7 f7g6 e2e3 c6e6 b7e7 h5f4 e7e6 f4e6 d8e7
Warning; Bestmove does not match beginning of last PV - move d8c7 from SF_2600
Info; info depth 18 seldepth 25 multipv 1 score cp -32 nodes 791585 nps 678889 hashfull 271 tbhits 0 time 1166 pv d7d5 e4e5 c8f5 g1f3 e7e6 f1e2 c6c5 e1g1 b8c6 c2c3 c5d4 c3d4 g8e7 c1e3 f5g4 b1c3
Position; fen rnbqkbnr/pp1ppppp/2p5/8/4P3/8/PPPP1PPP/RNBQKBNR w KQkq - 0 2
Moves; d2d4
Warning; Bestmove does not match beginning of last PV - move f1g2 from SF_2800
Info; info depth 21 seldepth 47 multipv 1 score cp -450 nodes 4684836 nps 966344 hashfull 892 tbhits 0 time 4848 pv b1e1 a4c4 c5d6 f5h3 f1g1 h3e6 d6f4 e6f6 f4g3 b5b4 e1b1 g6g5 g1g2 f6f5 g3f3 f5f3 g2f3
Position; fen rnbqkbnr/pppppppp/8/8/3P4/8/PPP1PPPP/RNBQKBNR b KQkq - 0 1
Moves; d7d5 c2c4 e7e6 g1f3 g8f6 b1c3 f8b4 d1a4 b8c6 c4d5 e6d5 a4c2 e8g8 c1g5 h7h6 g5f6 d8f6 a2a3 c8f5 c2a4 b4c3 b2c3 f5g4 a4d1 g4f3 g2f3 a8e8 h1g1 f6f3 a1c1 e8e6 g1g2 f3f6 c1b1 b7b6 e2e3 e6e4 f1d3 e4h4 a3a4 c6e7 b1a1 c7c6 e1f1 g7g6 f1g1 g8g7 a1c1 c6c5 g2g4 f8c8 g4g2 c8c6 d3b5 c6c7 b5d3 h6h5 c1b1 e7c8 g1h1 c8d6 a4a5 b6b5 d1e2 h4g4 h1g1 g4g2 g1g2 c5d4 c3d4 f6g5 g2f1 a7a6 h2h3 c7c3 e2d2 c3a3 d2b4 d6c4 d3c4 a3a4 b4c5 g5f5
Warning; Bestmove does not match beginning of last PV - move a1b1 from SF_3000
Info; info depth 16 seldepth 28 multipv 1 score cp -7 nodes 484116 nps 886659 hashfull 157 tbhits 0 time 546 pv f3d4 c6d4 d2c3 d4c6 d1d8 c6d8 a1d1 d8c6 c4d5 c8e6 d5c6 a8c8 c3b2 b7c6 f2f3
Position; fen rnbqkbnr/pppppp1p/6p1/8/3P4/8/PPP1PPPP/RNBQKBNR w KQkq - 0 2
Moves; c2c4 g8f6 g1f3 f8g7 b1c3 d7d5 h2h3 e8g8 c4d5 f6d5 e2e4 d5c3 b2c3 c7c5 c1e3 d8a5 d1d2 c5d4 c3d4 a5d2 e1d2 f8d8 f1c4 b8c6 h1d1 g7d4
Warning; Bestmove does not match beginning of last PV - move e6d7 from SF_2900
Info; info depth 22 seldepth 44 multipv 1 score cp -664 nodes 12047999 nps 2217151 hashfull 1000 tbhits 0 time 5434 pv e6e5 g8f8 e3c2 a4c5 e5d4 c5d3 d4e3 f8f7 c2d4 d3e5 d4b3 b7b6 f2f4 e5g4 e3e2 h7h5 b3d4 f7f6 d4b3
Position; fen rnbqkbnr/ppp1pppp/8/3p4/4P3/8/PPPP1PPP/RNBQKBNR w KQkq - 0 2
Moves; e4d5 d8d5 g1f3 c8g4 b1c3 d5e6 d1e2 e6e2 c3e2 b8d7 d2d4 e7e6 h2h4 g8f6 c2c3 a7a6 f3d2 c7c5 a2a4 c5d4 e2d4 e6e5 d4c2 f8c5 d2c4 g4e6 b2b4 c5a7 c1e3 f6d5 e3a7 a8a7 c2e3 d5c3 f1d3 e8g8 e1d2 c3d5 a1b1 d5f4 h1d1 f4d3 d2d3 f7f5 e3f1 f8d8 c4b2 d7b6 d3c2 d8c8 c2d2 a7a8 b1c1 e5e4 d2e3 b6d5 e3d4 d5b4 h4h5 e6f7 d4e5 f7h5 c1c8 a8c8 d1b1 c8c5 e5d6 c5c6 d6e5 c6c2 g2g3 c2b2 b1b2 b4d3 e5f5 h5g6 f5e6 d3b2 f1e3 b2a4
Warning; Bestmove does not match beginning of last PV - move e5d4 from SF_2600
Info; info depth 17 seldepth 34 multipv 1 score cp -108 nodes 919367 nps 614139 hashfull 337 tbhits 0 time 1497 pv d7d6 h2h3 g8f6 c1e3 e5d4 e3d4 f8e7 f1d3 a7a6 g1e2 b7b5
Position; fen rnbqkbnr/pp1ppppp/2p5/8/4P3/8/PPPP1PPP/RNBQKBNR w KQkq - 0 2
Moves; d2d4 d8c7 c2c4 e7e5 b1c3
Warning; Bestmove does not match beginning of last PV - move e6c7 from SF_3000
Info; info depth 14 seldepth 20 multipv 1 score cp -504 nodes 59891 nps 1247729 hashfull 19 tbhits 0 time 48 pv g6f7 e7d6 f7f6 b4b5 e6d8 e3d3 d8b7 d6b4 b7d8 b4c5 f6e6 c5e3 d8b7 c3c4 e6d6 e3g1 b7c5 g1c5 d6c5
Position; fen rnbqkbnr/pppppp1p/6p1/8/3P4/8/PPP1PPPP/RNBQKBNR w KQkq - 0 2
Moves; e2e4 d7d6 f1e2 f8g7 h2h4 g8f6 b1c3 e7e5 d4e5 d6e5 d1d8 e8d8 g1f3 b8c6 c1e3 a7a6 h4h5 c8g4 f3g5 g4e2 h5h6 g7f8 g5f7 d8d7 e1e2 h8g8 a1d1 f8d6 d1d2 g6g5 e3c5 d7e6 f7d6 c7d6 d2d6 e6f7 h1d1 a8c8 c5b6 c6e7 b6e3 c8c7 a2a3 c7c6 d6c6 e7c6 c3a4 c6a5 f2f3 g8c8 c2c3 a5c4 a4b6 c4b6 e3b6 g5g4 b6d8 g4f3 g2f3 f6h5 d1d6 c8c4 d6b6 c4c6 b6b7 f7g6 e2e3 c6e6 b7e7 h5f4 e7e6 f4e6 d8e7 a6a5 b2b4 a5b4 a3b4
Warning; Bestmove does not match beginning of last PV - move d7d6 from SF_2600
Info; info depth 17 seldepth 35 multipv 1 score cp -104 nodes 1083059 nps 610174 hashfull 379 tbhits 0 time 1775 pv b8a6 h2h3 g8f6 e4e5 f8c5 d4f4 f6h5 f4g5 g7g6 g1f3 d7d6 g2g4 h5g7 c3e4 d6e5 f1e2
Position; fen rnbqkbnr/pp1ppppp/2p5/8/4P3/8/PPPP1PPP/RNBQKBNR w KQkq - 0 2
Moves; d2d4 d8c7 c2c4 e7e5 b1c3 e5d4 d1d4
Warning; Bestmove does not match beginning of last PV - move d7c8 from SF_2900
Info; info depth 20 seldepth 48 multipv 1 score cp -730 nodes 9648374 nps 2329399 hashfull 911 tbhits 0 time 4142 pv d7d6 b7b5 d6d5 b2d3 d5d4 d3f2 d4c3 g8f7 c3d4 b5b4 d4c4 f2d3 c4d4 b4b3 d4c3 b3b2 c3c2 f7e6 c2b1 h7h5 b1c2 e6e5 c2c3 g6f7 g3g4
Position; fen rnbqkbnr/ppp1pppp/8/3p4/4P3/8/PPPP1PPP/RNBQKBNR w KQkq - 0 2
Moves; e4d5 d8d5 g1f3 c8g4 b1c3 d5e6 d1e2 e6e2 c3e2 b8d7 d2d4 e7e6 h2h4 g8f6 c2c3 a7a6 f3d2 c7c5 a2a4 c5d4 e2d4 e6e5 d4c2 f8c5 d2c4 g4e6 b2b4 c5a7 c1e3 f6d5 e3a7 a8a7 c2e3 d5c3 f1d3 e8g8 e1d2 c3d5 a1b1 d5f4 h1d1 f4d3 d2d3 f7f5 e3f1 f8d8 c4b2 d7b6 d3c2 d8c8 c2d2 a7a8 b1c1 e5e4 d2e3 b6d5 e3d4 d5b4 h4h5 e6f7 d4e5 f7h5 c1c8 a8c8 d1b1 c8c5 e5d6 c5c6 d6e5 c6c2 g2g3 c2b2 b1b2 b4d3 e5f5 h5g6 f5e6 d3b2 f1e3 b2a4 e6d7 a4b2
Warning; Bestmove does not match beginning of last PV - move c7e6 from SF_3000
Info; info depth 14 seldepth 26 multipv 1 score cp -547 nodes 54552 nps 1239818 hashfull 14 tbhits 0 time 44 pv c7a8 d6e5 a8b6 e3d3 g6h6 c3c4 h6g6 c4c5 b6a4 e5d6 g6f7 d3d4 f7e6 f3f4 a4b6 c5b6 e6d6
Position; fen rnbqkbnr/pppppp1p/6p1/8/3P4/8/PPP1PPPP/RNBQKBNR w KQkq - 0 2
Moves; e2e4 d7d6 f1e2 f8g7 h2h4 g8f6 b1c3 e7e5 d4e5 d6e5 d1d8 e8d8 g1f3 b8c6 c1e3 a7a6 h4h5 c8g4 f3g5 g4e2 h5h6 g7f8 g5f7 d8d7 e1e2 h8g8 a1d1 f8d6 d1d2 g6g5 e3c5 d7e6 f7d6 c7d6 d2d6 e6f7 h1d1 a8c8 c5b6 c6e7 b6e3 c8c7 a2a3 c7c6 d6c6 e7c6 c3a4 c6a5 f2f3 g8c8 c2c3 a5c4 a4b6 c4b6 e3b6 g5g4 b6d8 g4f3 g2f3 f6h5 d1d6 c8c4 d6b6 c4c6 b6b7 f7g6 e2e3 c6e6 b7e7 h5f4 e7e6 f4e6 d8e7 a6a5 b2b4 a5b4 a3b4 e6c7 e7d6
Warning; Bestmove does not match beginning of last PV - move b8a6 from SF_2600
Info; info depth 17 seldepth 31 multipv 1 score cp -128 nodes 979745 nps 684657 hashfull 351 tbhits 0 time 1431 pv b8d7 e1c1 c7b6 d4d2 d7c5 g1f3 c8e6 f3d4 g8f6 f2f3 a7a5 g2g4
Position; fen rnbqkbnr/pp1ppppp/2p5/8/4P3/8/PPPP1PPP/RNBQKBNR w KQkq - 0 2
Moves; d2d4 d8c7 c2c4 e7e5 b1c3 e5d4 d1d4 d7d6 c1f4
Warning; Bestmove does not match beginning of last PV - move f3e5 from SF_3000
Info; info depth 15 seldepth 16 multipv 1 score cp -56 nodes 421946 nps 794625 hashfull 146 tbhits 0 time 531 pv e4e5 a8b8 f3d4 c8d7 f2f4 b7b6 b1c1 b8c8 c1c8 d7c8 d4b5 a7a6 b5c7 e7e6 d5e4
Position; fen rnbqkbnr/pppppp1p/6p1/8/3P4/8/PPP1PPPP/RNBQKBNR w KQkq - 0 2
Moves; c2c4 g8f6 g1f3 f8g7 b1c3 d7d5 h2h3 e8g8 c4d5 f6d5 e2e4 d5c3 b2c3 c7c5 c1e3 d8a5 d1d2 c5d4 c3d4 a5d2 e1d2 f8d8 f1c4 b8c6 h1d1 g7d4 a1b1 d4e3 d2e3 g8f8 d1d5 d8d5 c4d5 c6d8
Warning; Bestmove does not match beginning of last PV - move c8e6 from SF_2600
Info; info depth 15 seldepth 32 multipv 1 score cp -133 nodes 268238 nps 707751 hashfull 95 tbhits 0 time 379 pv g8f6 e4e5 d6e5 f4e5 c7e7 f1d3 f6g4 e5g3 e7g5 d1d2 f8c5 d4e4 c8e6 g1f3 g5h6 g3f4 g4f6 e4e6 f7e6 f4h6 g7h6 h1e1 e8g8 h2h3
Position; fen rnbqkbnr/pp1ppppp/2p5/8/4P3/8/PPPP1PPP/RNBQKBNR w KQkq - 0 2
Moves; d2d4 d8c7 c2c4 e7e5 b1c3 e5d4 d1d4 d7d6 c1f4 b8a6 e1c1
Warning; Bestmove does not match beginning of last PV - move c5c6 from SF_2800
Info; info depth 20 seldepth 55 multipv 1 score cp -800 nodes 8297047 nps 2606675 hashfull 858 tbhits 0 time 3183 pv c1e1 f5g5 g2f3 g5c5 e1d1 d4e3 f2e3 c5c6 e3e4 c6c3 f3f4 c3c2 d1d4 c2c5 d4d2 b5b4 f4f3 b4b3 f3e2 c5c4 e2f3 b3b2
Position; fen rnbqkbnr/pppppppp/8/8/3P4/8/PPP1PPPP/RNBQKBNR b KQkq - 0 1
Moves; d7d5 c2c4 e7e6 g1f3 g8f6 b1c3 f8b4 d1a4 b8c6 c4d5 e6d5 a4c2 e8g8 c1g5 h7h6 g5f6 d8f6 a2a3 c8f5 c2a4 b4c3 b2c3 f5g4 a4d1 g4f3 g2f3 a8e8 h1g1 f6f3 a1c1 e8e6 g1g2 f3f6 c1b1 b7b6 e2e3 e6e4 f1d3 e4h4 a3a4 c6e7 b1a1 c7c6 e1f1 g7g6 f1g1 g8g7 a1c1 c6c5 g2g4 f8c8 g4g2 c8c6 d3b5 c6c7 b5d3 h6h5 c1b1 e7c8 g1h1 c8d6 a4a5 b6b5 d1e2 h4g4 h1g1 g4g2 g1g2 c5d4 c3d4 f6g5 g2f1 a7a6 h2h3 c7c3 e2d2 c3a3 d2b4 d6c4 d3c4 a3a4 b4c5 g5f5 f1g2 a4c4 b1c1 c4c5 d4c5 d5d4
Finished game 26 (SF_2800 vs HiveChess): 0-1 {Black wins by adjudication}
Started game 32 of 1000 (SF_2600 vs HiveChess)
Warning; Bestmove does not match beginning of last PV - move c8b7 from SF_2900
Info; info depth 18 seldepth 33 multipv 1 score cp -797 nodes 8912189 nps 2630516 hashfull 919 tbhits 0 time 3388 pv c8d7 b2d3 d7e6 b5b4 e3d5 g6f7 e6d6 b4b3 d5c3 d3f2 d6c5 h7h5 c5d4 b3b2 d4e3
Position; fen rnbqkbnr/ppp1pppp/8/3p4/4P3/8/PPPP1PPP/RNBQKBNR w KQkq - 0 2
Moves; e4d5 d8d5 g1f3 c8g4 b1c3 d5e6 d1e2 e6e2 c3e2 b8d7 d2d4 e7e6 h2h4 g8f6 c2c3 a7a6 f3d2 c7c5 a2a4 c5d4 e2d4 e6e5 d4c2 f8c5 d2c4 g4e6 b2b4 c5a7 c1e3 f6d5 e3a7 a8a7 c2e3 d5c3 f1d3 e8g8 e1d2 c3d5 a1b1 d5f4 h1d1 f4d3 d2d3 f7f5 e3f1 f8d8 c4b2 d7b6 d3c2 d8c8 c2d2 a7a8 b1c1 e5e4 d2e3 b6d5 e3d4 d5b4 h4h5 e6f7 d4e5 f7h5 c1c8 a8c8 d1b1 c8c5 e5d6 c5c6 d6e5 c6c2 g2g3 c2b2 b1b2 b4d3 e5f5 h5g6 f5e6 d3b2 f1e3 b2a4 e6d7 a4b2 d7c8 b7b5
Finished game 28 (SF_2900 vs HiveChess): 0-1 {Black wins by adjudication}
Started game 33 of 1000 (HiveChess vs SF_2700)
Warning; Bestmove does not match beginning of last PV - move b1c3 from SF_2600
Info; info depth 18 seldepth 32 multipv 1 score cp 35 nodes 1686352 nps 703232 hashfull 518 tbhits 0 time 2398 pv d2d4 d7d5 e4e5 c8f5 h2h4 h7h5 f1d3 f5d3 d1d3 d8a5 b1d2 e7e6 g1f3 a5a6 c2c4 g8e7 e1g1 e7f5 f1d1 f8e7 b2b3 b8d7 a2a4
Position; fen rnbqkbnr/pp1ppppp/2p5/8/4P3/8/PPPP1PPP/RNBQKBNR w KQkq - 0 2
Moves; 
Warning; Bestmove does not match beginning of last PV - move d5c4 from SF_3000
Info; info depth 17 seldepth 33 multipv 1 score cp -65 nodes 488734 nps 962074 hashfull 165 tbhits 0 time 508 pv d5b3 c8d7 e4e5 f8e7 e5f6 e7f6 d3c5 d7c6 b1c1 f6e7 g2g4 a8c8 c5d3 c6d7 c1c8 d7c8 f2f4 d8c6 h3h4 e7d6 d3f2 e6e5 f2e4 d6e7 f4e5 c6e5 g4g5 c8d7 e4f6 e5g4 f6g4 d7g4
Position; fen rnbqkbnr/pppppp1p/6p1/8/3P4/8/PPP1PPPP/RNBQKBNR w KQkq - 0 2
Moves; c2c4 g8f6 g1f3 f8g7 b1c3 d7d5 h2h3 e8g8 c4d5 f6d5 e2e4 d5c3 b2c3 c7c5 c1e3 d8a5 d1d2 c5d4 c3d4 a5d2 e1d2 f8d8 f1c4 b8c6 h1d1 g7d4 a1b1 d4e3 d2e3 g8f8 d1d5 d8d5 c4d5 c6d8 f3e5 f7f6 e5d3 e7e6
Warning; Bestmove does not match beginning of last PV - move h6g6 from SF_3000
Info; info depth 19 seldepth 35 multipv 1 score cp -820 nodes 12040774 nps 2771817 hashfull 957 tbhits 0 time 4344 pv h6h5 b5b6 e6d8 e3d4 h5g6 e5c7 d8e6 d4c4 g6f7 b6b7 e6c7 b7b8q c7e8 b8b7 f7g6 b7c6 g6f7 c4d5 e8g7 c6c7 f7f6 f3f4 g7e8 c7h7 e8g7 e4e5 f6f7 e5e6 f7f6 h7h4 f6g6 e6e7
Position; fen rnbqkbnr/pppppp1p/6p1/8/3P4/8/PPP1PPPP/RNBQKBNR w KQkq - 0 2
Moves; e2e4 d7d6 f1e2 f8g7 h2h4 g8f6 b1c3 e7e5 d4e5 d6e5 d1d8 e8d8 g1f3 b8c6 c1e3 a7a6 h4h5 c8g4 f3g5 g4e2 h5h6 g7f8 g5f7 d8d7 e1e2 h8g8 a1d1 f8d6 d1d2 g6g5 e3c5 d7e6 f7d6 c7d6 d2d6 e6f7 h1d1 a8c8 c5b6 c6e7 b6e3 c8c7 a2a3 c7c6 d6c6 e7c6 c3a4 c6a5 f2f3 g8c8 c2c3 a5c4 a4b6 c4b6 e3b6 g5g4 b6d8 g4f3 g2f3 f6h5 d1d6 c8c4 d6b6 c4c6 b6b7 f7g6 e2e3 c6e6 b7e7 h5f4 e7e6 f4e6 d8e7 a6a5 b2b4 a5b4 a3b4 e6c7 e7d6 c7e6 d6e5 g6h6 b4b5
Warning; Bestmove does not match beginning of last PV - move f8e7 from SF_2700
Info; info depth 15 seldepth 24 multipv 1 score cp -38 nodes 514757 nps 681797 hashfull 157 tbhits 0 time 755 pv c5d4 f3d4 b8c6 b1c3 d8c7 c1g5 a7a6 d4c6 b7c6 d1f3 h7h6 g5f4 e6e5 f4d2 g8f6 f1c4 f8e7
Position; fen rnbqkbnr/pp1ppppp/8/2p5/4P3/8/PPPP1PPP/RNBQKBNR w KQkq - 0 2
Moves; g1f3 e7e6 d2d4
Warning; Bestmove does not match beginning of last PV - move h3h4 from SF_3000
Info; info depth 17 seldepth 32 multipv 1 score cp -102 nodes 797276 nps 790164 hashfull 298 tbhits 0 time 1009 pv e4e5 a8c8 c4b5 d7b5 b1b5 f6e5 d3e5 c8c3 e3d2 c3a3 b5b2 a3a4 b2c2 f8e7 d2e3 a4a6 c2b2 a6a5 f2f4
Position; fen rnbqkbnr/pppppp1p/6p1/8/3P4/8/PPP1PPPP/RNBQKBNR w KQkq - 0 2
Moves; c2c4 g8f6 g1f3 f8g7 b1c3 d7d5 h2h3 e8g8 c4d5 f6d5 e2e4 d5c3 b2c3 c7c5 c1e3 d8a5 d1d2 c5d4 c3d4 a5d2 e1d2 f8d8 f1c4 b8c6 h1d1 g7d4 a1b1 d4e3 d2e3 g8f8 d1d5 d8d5 c4d5 c6d8 f3e5 f7f6 e5d3 e7e6 d5c4 c8d7
Warning; Bestmove does not match beginning of last PV - move e6c5 from SF_3000
Info; info depth 19 seldepth 48 multipv 1 score cp -915 nodes 8783429 nps 2982488 hashfull 858 tbhits 0 time 2945 pv e6d8 e5c7 d8b7 e3d4 h7h6 d4d5 h6h5 c3c4 h5h4 c7h2 b7d8 c4c5 g6f6 c5c6 d8f7 b6b7 f7h8 b7b8q h8g6 h2e5 f6e7 b8c7 e7f8
Position; fen rnbqkbnr/pppppp1p/6p1/8/3P4/8/PPP1PPPP/RNBQKBNR w KQkq - 0 2
Moves; e2e4 d7d6 f1e2 f8g7 h2h4 g8f6 b1c3 e7e5 d4e5 d6e5 d1d8 e8d8 g1f3 b8c6 c1e3 a7a6 h4h5 c8g4 f3g5 g4e2 h5h6 g7f8 g5f7 d8d7 e1e2 h8g8 a1d1 f8d6 d1d2 g6g5 e3c5 d7e6 f7d6 c7d6 d2d6 e6f7 h1d1 a8c8 c5b6 c6e7 b6e3 c8c7 a2a3 c7c6 d6c6 e7c6 c3a4 c6a5 f2f3 g8c8 c2c3 a5c4 a4b6 c4b6 e3b6 g5g4 b6d8 g4f3 g2f3 f6h5 d1d6 c8c4 d6b6 c4c6 b6b7 f7g6 e2e3 c6e6 b7e7 h5f4 e7e6 f4e6 d8e7 a6a5 b2b4 a5b4 a3b4 e6c7 e7d6 c7e6 d6e5 g6h6 b4b5 h6g6 b5b6
Finished game 29 (HiveChess vs SF_3000): 1-0 {White wins by adjudication}
Started game 34 of 1000 (SF_2700 vs HiveChess)
Warning; Bestmove does not match beginning of last PV - move g8f6 from SF_2600
Info; info depth 17 seldepth 30 multipv 1 score cp -143 nodes 664104 nps 727386 hashfull 256 tbhits 0 time 913 pv d8d1 c3d1 f7f6 e5f4 e6d7 f1e2 a6c5 d1c3 g8h6 h1d1 c5e6 f4e3 b7b6 f3e1 g7g5 e1d3 f8d6 h2h3 h6f7 c1d2
Position; fen rnbqkbnr/pp1ppppp/2p5/8/4P3/8/PPPP1PPP/RNBQKBNR w KQkq - 0 2
Moves; d2d4 d8c7 c2c4 e7e5 b1c3 e5d4 d1d4 d7d6 c1f4 b8a6 e1c1 c8e6 g1f3 c7a5 f4d6 e8c8 d4e5 a5e5 d6e5
Warning; Bestmove does not match beginning of last PV - move b3d1 from SF_3000
Info; info depth 17 seldepth 23 multipv 1 score cp -124 nodes 610006 nps 812258 hashfull 220 tbhits 0 time 751 pv e4e5 b7b5 f2f4 a7a5 e5f6 e7f6 b1b2 d8f7 g2g4 f6e7 b2c2 c8c2 b3c2 e6e5 f4e5 d7g4 e3d4 g4f5 d3e1 f5c2 e1c2 b5b4
Position; fen rnbqkbnr/pppppp1p/6p1/8/3P4/8/PPP1PPPP/RNBQKBNR w KQkq - 0 2
Moves; c2c4 g8f6 g1f3 f8g7 b1c3 d7d5 h2h3 e8g8 c4d5 f6d5 e2e4 d5c3 b2c3 c7c5 c1e3 d8a5 d1d2 c5d4 c3d4 a5d2 e1d2 f8d8 f1c4 b8c6 h1d1 g7d4 a1b1 d4e3 d2e3 g8f8 d1d5 d8d5 c4d5 c6d8 f3e5 f7f6 e5d3 e7e6 d5c4 c8d7 h3h4 a8c8 c4b3 f8e7
Warning; Bestmove does not match beginning of last PV - move d2d4 from SF_2700
Info; info depth 18 seldepth 34 multipv 1 score cp 41 nodes 1187791 nps 694614 hashfull 362 tbhits 0 time 1710 pv b1c3 e7e5 f1c4 f8e7 a2a4 b8c6 d2d3 h7h6 h2h3 c8e6
Position; fen rnbqkbnr/pp1ppppp/8/2p5/4P3/8/PPPP1PPP/RNBQKBNR w KQkq - 0 2
Moves; g1f3 d7d6
Warning; Bestmove does not match beginning of last PV - move d1d4 from SF_2700
Info; info depth 16 seldepth 33 multipv 1 score cp 38 nodes 671513 nps 712102 hashfull 210 tbhits 0 time 943 pv f3d4 b8c6 b1c3 e7e5 d4b3 c8e6 c3d5 f8e7 c1e3 g8f6 f2f3
Position; fen rnbqkbnr/pp1ppppp/8/2p5/4P3/8/PPPP1PPP/RNBQKBNR w KQkq - 0 2
Moves; g1f3 d7d6 d2d4 c5d4
Warning; Bestmove does not match beginning of last PV - move e4e5 from SF_3000
Info; info depth 16 seldepth 38 multipv 1 score cp -152 nodes 473807 nps 787054 hashfull 174 tbhits 0 time 602 pv f2f4 a7a5 g2g4 b5b4 e4e5 f6e5 d3e5 d7b5
Position; fen rnbqkbnr/pppppp1p/6p1/8/3P4/8/PPP1PPPP/RNBQKBNR w KQkq - 0 2
Moves; c2c4 g8f6 g1f3 f8g7 b1c3 d7d5 h2h3 e8g8 c4d5 f6d5 e2e4 d5c3 b2c3 c7c5 c1e3 d8a5 d1d2 c5d4 c3d4 a5d2 e1d2 f8d8 f1c4 b8c6 h1d1 g7d4 a1b1 d4e3 d2e3 g8f8 d1d5 d8d5 c4d5 c6d8 f3e5 f7f6 e5d3 e7e6 d5c4 c8d7 h3h4 a8c8 c4b3 f8e7 b3d1 b7b5
Warning; Bestmove does not match beginning of last PV - move f8b4 from SF_2600
Info; info depth 17 seldepth 26 multipv 1 score cp -157 nodes 562606 nps 776008 hashfull 217 tbhits 0 time 725 pv a6c5 f3d4 a7a5 h1d1 d8c8 f2f3 f6d7 e5f4 g7g6 b2b3 f7f6 c1b2 e6f7 a2a3 h7h5 b3b4 c5e6 d4e6 f7e6
Position; fen rnbqkbnr/pp1ppppp/2p5/8/4P3/8/PPPP1PPP/RNBQKBNR w KQkq - 0 2
Moves; d2d4 d8c7 c2c4 e7e5 b1c3 e5d4 d1d4 d7d6 c1f4 b8a6 e1c1 c8e6 g1f3 c7a5 f4d6 e8c8 d4e5 a5e5 d6e5 g8f6 d1d8 c8d8 f1e2
Warning; Bestmove does not match beginning of last PV - move f1d3 from SF_2600
Info; info depth 16 seldepth 29 multipv 1 score cp 44 nodes 558521 nps 648688 hashfull 191 tbhits 0 time 861 pv f3e5 g6h7 f1d3 h7d3 d1d3 b8d7 f2f4 f8b4 c2c3 b4e7 c1d2 g8f6 e1c1 c6c5 g3e2 h6h5 h1e1
Position; fen rnbqkbnr/pp1ppppp/2p5/8/4P3/8/PPPP1PPP/RNBQKBNR w KQkq - 0 2
Moves; b1c3 d7d5 d2d4 d5e4 c3e4 c8f5 e4g3 f5g6 g1f3 e7e6 h2h4 h7h6
Warning; Bestmove does not match beginning of last PV - move e5f6 from SF_3000
Info; info depth 15 seldepth 21 multipv 1 score cp -143 nodes 334469 nps 819776 hashfull 130 tbhits 0 time 408 pv a2a4 a7a6 e5f6 e7f6 g2g4 f7d6 a4b5 d7b5 f2f3 c8c3 b1b3 c3b3 d1b3 a6a5 d3b2 e6e5 f3f4 b5e8
Position; fen rnbqkbnr/pppppp1p/6p1/8/3P4/8/PPP1PPPP/RNBQKBNR w KQkq - 0 2
Moves; c2c4 g8f6 g1f3 f8g7 b1c3 d7d5 h2h3 e8g8 c4d5 f6d5 e2e4 d5c3 b2c3 c7c5 c1e3 d8a5 d1d2 c5d4 c3d4 a5d2 e1d2 f8d8 f1c4 b8c6 h1d1 g7d4 a1b1 d4e3 d2e3 g8f8 d1d5 d8d5 c4d5 c6d8 f3e5 f7f6 e5d3 e7e6 d5c4 c8d7 h3h4 a8c8 c4b3 f8e7 b3d1 b7b5 e4e5 d8f7
Warning; Bestmove does not match beginning of last PV - move b5c6 from SF_2700
Info; info depth 15 seldepth 20 multipv 1 score cp 21 nodes 323775 nps 699298 hashfull 107 tbhits 0 time 463 pv d4d3 g7g6 e1g1 f8g7 c2c4 g8f6 h2h3 e8g8 c1e3 a7a6 b5c6 d7c6 b1c3 b7b5 f1d1
Position; fen rnbqkbnr/pp1ppppp/8/2p5/4P3/8/PPPP1PPP/RNBQKBNR w KQkq - 0 2
Moves; g1f3 d7d6 d2d4 c5d4 d1d4 b8c6 f1b5 c8d7
Warning; Bestmove does not match beginning of last PV - move g2g4 from SF_3000
Info; info depth 14 seldepth 34 multipv 1 score cp -140 nodes 313542 nps 793777 hashfull 118 tbhits 0 time 395 pv f2f4 a7a5 g2g4 f6e7 b1c1 c8c1 d3c1 e6e5 c1b3 a5a4 b3c5 e5f4 e3f4 d7c6 d1c2 e7d6 c5e4 d6d5 e4f6 d5d4 f6h7 c6d5 a2a3 f7e5 h7f6 d5b3 c2b1 b5b4 a3b4 a4a3
Position; fen rnbqkbnr/pppppp1p/6p1/8/3P4/8/PPP1PPPP/RNBQKBNR w KQkq - 0 2
Moves; c2c4 g8f6 g1f3 f8g7 b1c3 d7d5 h2h3 e8g8 c4d5 f6d5 e2e4 d5c3 b2c3 c7c5 c1e3 d8a5 d1d2 c5d4 c3d4 a5d2 e1d2 f8d8 f1c4 b8c6 h1d1 g7d4 a1b1 d4e3 d2e3 g8f8 d1d5 d8d5 c4d5 c6d8 f3e5 f7f6 e5d3 e7e6 d5c4 c8d7 h3h4 a8c8 c4b3 f8e7 b3d1 b7b5 e4e5 d8f7 e5f6 e7f6
Warning; Bestmove does not match beginning of last PV - move b1c3 from SF_2700
Info; info depth 17 seldepth 30 multipv 1 score cp 15 nodes 1717750 nps 693200 hashfull 524 tbhits 0 time 2478 pv c2c4 g8f6 b1c3 g7g6 e1g1 f8g7 d4d3 e8g8 f1d1 f6d7 f3d4 d8b6 d3e3 d7c5 b2b3 c5e6 c3e2 b6c5 c1b2 a7a5 a1b1 a5a4 d4e6 f7e6
Position; fen rnbqkbnr/pp1ppppp/8/2p5/4P3/8/PPPP1PPP/RNBQKBNR w KQkq - 0 2
Moves; g1f3 d7d6 d2d4 c5d4 d1d4 b8c6 f1b5 c8d7 b5c6 d7c6
Warning; Bestmove does not match beginning of last PV - move b8a6 from SF_2700
Info; info depth 17 seldepth 36 multipv 1 score cp -82 nodes 504306 nps 741626 hashfull 180 tbhits 0 time 680 pv b7b5 a2a4 b5b4 c2c4 e8g8 h2h3 f8e8 b1d2 d7c7
Position; fen rnbqkbnr/pp1ppppp/8/2p5/4P3/8/PPPP1PPP/RNBQKBNR w KQkq - 0 2
Moves; g1f3 e7e6 d2d4 f8e7 d4d5 d7d6 f1b5 c8d7 b5d7 d8d7 e1g1 g8f6 f1e1 e6d5 e4d5
Warning; Bestmove does not match beginning of last PV - move d1e2 from SF_3000
Info; info depth 14 seldepth 25 multipv 1 score cp -131 nodes 200600 nps 783593 hashfull 66 tbhits 0 time 256 pv b1c1 c8c1 d3c1 e6e5 c1b3 a5a4 b3c5 d7c6 a2a3 f6e7 d1e2 e7d6 c5d3 c6d7 d3b4
Position; fen rnbqkbnr/pppppp1p/6p1/8/3P4/8/PPP1PPPP/RNBQKBNR w KQkq - 0 2
Moves; c2c4 g8f6 g1f3 f8g7 b1c3 d7d5 h2h3 e8g8 c4d5 f6d5 e2e4 d5c3 b2c3 c7c5 c1e3 d8a5 d1d2 c5d4 c3d4 a5d2 e1d2 f8d8 f1c4 b8c6 h1d1 g7d4 a1b1 d4e3 d2e3 g8f8 d1d5 d8d5 c4d5 c6d8 f3e5 f7f6 e5d3 e7e6 d5c4 c8d7 h3h4 a8c8 c4b3 f8e7 b3d1 b7b5 e4e5 d8f7 e5f6 e7f6 g2g4 a7a5
Warning; Bestmove does not match beginning of last PV - move d3e2 from SF_2600
Info; info depth 13 seldepth 22 multipv 1 score cp 16 nodes 177097 nps 675942 hashfull 56 tbhits 0 time 262 pv e1c1 f8e7 g3e4 f6e4 d3e4 d7f6 e4e2 d8d5 c2c4 d5h5 h1e1 a8d8 d2c3 e8g8 g2g3 f6d7 f3d2 h5e2
Position; fen rnbqkbnr/pp1ppppp/2p5/8/4P3/8/PPPP1PPP/RNBQKBNR w KQkq - 0 2
Moves; b1c3 d7d5 d2d4 d5e4 c3e4 c8f5 e4g3 f5g6 g1f3 e7e6 h2h4 h7h6 f1d3 g6d3 d1d3 g8f6 c1d2 b8d7
Warning; Bestmove does not match beginning of last PV - move h7h5 from SF_2600
Info; info depth 17 seldepth 34 multipv 1 score cp -148 nodes 785476 nps 816503 hashfull 279 tbhits 0 time 962 pv g4c8 e4e5 f6e7 c3e4 h7h6 g5f3 b4c5 e4c5 a6c5 f3d4 a7a5 c1d2 f7f6 d2e3 f6e5 f4e5 c5a4 b2b3 a4c3 d1d2
Position; fen rnbqkbnr/pp1ppppp/2p5/8/4P3/8/PPPP1PPP/RNBQKBNR w KQkq - 0 2
Moves; d2d4 d8c7 c2c4 e7e5 b1c3 e5d4 d1d4 d7d6 c1f4 b8a6 e1c1 c8e6 g1f3 c7a5 f4d6 e8c8 d4e5 a5e5 d6e5 g8f6 d1d8 c8d8 f1e2 f8b4 h1d1 d8e7 f3g5 e6g4 e5f6 e7f6 f2f4
Warning; Bestmove does not match beginning of last PV - move g4g5 from SF_3000
Info; info depth 15 seldepth 30 multipv 1 score cp -167 nodes 219809 nps 861996 hashfull 79 tbhits 0 time 255 pv f2f4 b5b4 h4h5 g6g5 f4g5 f7g5 d3e5 c8c2 e2c4 d7e8 b1e1 e7d6 e3d4 c2g2 e1c1
Position; fen rnbqkbnr/pppppp1p/6p1/8/3P4/8/PPP1PPPP/RNBQKBNR w KQkq - 0 2
Moves; c2c4 g8f6 g1f3 f8g7 b1c3 d7d5 h2h3 e8g8 c4d5 f6d5 e2e4 d5c3 b2c3 c7c5 c1e3 d8a5 d1d2 c5d4 c3d4 a5d2 e1d2 f8d8 f1c4 b8c6 h1d1 g7d4 a1b1 d4e3 d2e3 g8f8 d1d5 d8d5 c4d5 c6d8 f3e5 f7f6 e5d3 e7e6 d5c4 c8d7 h3h4 a8c8 c4b3 f8e7 b3d1 b7b5 e4e5 d8f7 e5f6 e7f6 g2g4 a7a5 d1e2 f6e7
Warning; Bestmove does not match beginning of last PV - move c2c4 from SF_2600
Info; info depth 17 seldepth 30 multipv 1 score cp 13 nodes 1259403 nps 649176 hashfull 421 tbhits 0 time 1940 pv e1g1 e8g8 c2c4 d8c7 a1d1 c6c5 d2c3 c5d4 f3d4 a8d8 b2b4 a7a6 d4f3
Position; fen rnbqkbnr/pp1ppppp/2p5/8/4P3/8/PPPP1PPP/RNBQKBNR w KQkq - 0 2
Moves; b1c3 d7d5 d2d4 d5e4 c3e4 c8f5 e4g3 f5g6 g1f3 e7e6 h2h4 h7h6 f1d3 g6d3 d1d3 g8f6 c1d2 b8d7 d3e2 f8e7
Warning; Bestmove does not match beginning of last PV - move f8e8 from SF_2700
Info; info depth 18 seldepth 29 multipv 1 score cp -94 nodes 740287 nps 701029 hashfull 279 tbhits 0 time 1056 pv h7h6 h2h3 f8e8 c1f4 e7f8 e1e8 a8e8 d1d3 g7g5 f4d2 f8g7 a1c1 b7b6 b2b3 a6b4
Position; fen rnbqkbnr/pp1ppppp/8/2p5/4P3/8/PPPP1PPP/RNBQKBNR w KQkq - 0 2
Moves; g1f3 e7e6 d2d4 f8e7 d4d5 d7d6 f1b5 c8d7 b5d7 d8d7 e1g1 g8f6 f1e1 e6d5 e4d5 b8a6 c2c4 e8g8 b1c3
Warning; Bestmove does not match beginning of last PV - move a2a4 from SF_2700
Info; info depth 14 seldepth 31 multipv 1 score cp 66 nodes 408609 nps 723201 hashfull 134 tbhits 0 time 565 pv c1g5 f8e7 f1d1 e8g8 a2a4 a8d8 b2b4 b7b6 g5f6 e7f6 f3d2 f6g5 d2c4 d7e6 b4b5 c6a8 a4a5 f7f5 a5b6 f5e4 c3e4 g5h4 a1a7 a8e4 d3e4 h4f2 g1h1 f2d4 d1d4
Position; fen rnbqkbnr/pp1ppppp/8/2p5/4P3/8/PPPP1PPP/RNBQKBNR w KQkq - 0 2
Moves; g1f3 d7d6 d2d4 c5d4 d1d4 b8c6 f1b5 c8d7 b5c6 d7c6 b1c3 e7e5 d4d3 d8d7 e1g1 g8f6
Warning; Bestmove does not match beginning of last PV - move b2b3 from SF_2600
Info; info depth 21 seldepth 12 multipv 1 score cp 0 nodes 938905 nps 697034 hashfull 300 tbhits 0 time 1347 pv e1g1 c6c5 a1d1 c5d4 f3d4 f8e8 d2c3 d8c7 d4b5 c7c6 b5d4
Position; fen rnbqkbnr/pp1ppppp/2p5/8/4P3/8/PPPP1PPP/RNBQKBNR w KQkq - 0 2
Moves; b1c3 d7d5 d2d4 d5e4 c3e4 c8f5 e4g3 f5g6 g1f3 e7e6 h2h4 h7h6 f1d3 g6d3 d1d3 g8f6 c1d2 b8d7 d3e2 f8e7 c2c4 e8g8
Warning; Bestmove does not match beginning of last PV - move e3f2 from SF_3000
Info; info depth 10 seldepth 24 multipv 1 score cp -246 nodes 28813 nps 873121 hashfull 10 tbhits 0 time 33 pv d3e5 d6f5 e3d3 e7d8 h4h5 b5b4 c1c5 g6h5 e2h5 b4b3 e5d7 d8d7 h5f7 d7e7
Position; fen rnbqkbnr/pppppp1p/6p1/8/3P4/8/PPP1PPPP/RNBQKBNR w KQkq - 0 2
Moves; c2c4 g8f6 g1f3 f8g7 b1c3 d7d5 h2h3 e8g8 c4d5 f6d5 e2e4 d5c3 b2c3 c7c5 c1e3 d8a5 d1d2 c5d4 c3d4 a5d2 e1d2 f8d8 f1c4 b8c6 h1d1 g7d4 a1b1 d4e3 d2e3 g8f8 d1d5 d8d5 c4d5 c6d8 f3e5 f7f6 e5d3 e7e6 d5c4 c8d7 h3h4 a8c8 c4b3 f8e7 b3d1 b7b5 e4e5 d8f7 e5f6 e7f6 g2g4 a7a5 d1e2 f6e7 g4g5 c8c2 b1c1 c2a2 f2f4 f7d6
Warning; Bestmove does not match beginning of last PV - move g3e4 from SF_2600
Info; info depth 12 seldepth 23 multipv 1 score cp -20 nodes 206301 nps 701704 hashfull 66 tbhits 0 time 294 pv e1g1 f8e8 a1d1 d6g3 f2g3 f6g4 d2f4 f7f5 f1e1 d7f6 f3e5 d8a5 e5g4 f6g4
Position; fen rnbqkbnr/pp1ppppp/2p5/8/4P3/8/PPPP1PPP/RNBQKBNR w KQkq - 0 2
Moves; b1c3 d7d5 d2d4 d5e4 c3e4 c8f5 e4g3 f5g6 g1f3 e7e6 h2h4 h7h6 f1d3 g6d3 d1d3 g8f6 c1d2 b8d7 d3e2 f8e7 c2c4 e8g8 b2b3 e7d6
Warning; Bestmove does not match beginning of last PV - move b4a5 from SF_2600
Info; info depth 17 seldepth 25 multipv 1 score cp -198 nodes 725863 nps 787270 hashfull 273 tbhits 0 time 922 pv b4c5 e4c5 a6c5 b2b4 c5d7 g5e6 f7e6 h3h4 a7a5 b4a5 d7c5 c1b2 g7g6 g2g3 h8a8 e2d3 e7f7 d3c2 a8a5 d1d8 c5a4 c2a4 a5a4
Position; fen rnbqkbnr/pp1ppppp/2p5/8/4P3/8/PPPP1PPP/RNBQKBNR w KQkq - 0 2
Moves; d2d4 d8c7 c2c4 e7e5 b1c3 e5d4 d1d4 d7d6 c1f4 b8a6 e1c1 c8e6 g1f3 c7a5 f4d6 e8c8 d4e5 a5e5 d6e5 g8f6 d1d8 c8d8 f1e2 f8b4 h1d1 d8e7 f3g5 e6g4 e5f6 e7f6 f2f4 h7h5 h2h3 g4e6 e4e5 f6e7 c3e4
Warning; Bestmove does not match beginning of last PV - move d7e8 from SF_2700
Info; info depth 17 seldepth 35 multipv 1 score cp -96 nodes 386200 nps 809643 hashfull 135 tbhits 0 time 477 pv a8e8 d1d3 g7g6 a2a3 a6c7 c1f4 a7a6 g2g4 b7b5 b2b3 f8g7 a1c1 b5b4 a3b4 c5b4 c3a4 f6e4 f3g5 e4g5 f4g5
Position; fen rnbqkbnr/pp1ppppp/8/2p5/4P3/8/PPPP1PPP/RNBQKBNR w KQkq - 0 2
Moves; g1f3 e7e6 d2d4 f8e7 d4d5 d7d6 f1b5 c8d7 b5d7 d8d7 e1g1 g8f6 f1e1 e6d5 e4d5 b8a6 c2c4 e8g8 b1c3 f8e8 h2h3 e7f8 e1e8
Warning; Bestmove does not match beginning of last PV - move c1e3 from SF_2700
Info; info depth 15 seldepth 25 multipv 1 score cp 89 nodes 587128 nps 687503 hashfull 199 tbhits 0 time 854 pv b4b5 c6b7 a4a5 b6a5 a1a5 f8e7 c1e3 e8g8 f1a1 d6d5 f3e5
Position; fen rnbqkbnr/pp1ppppp/8/2p5/4P3/8/PPPP1PPP/RNBQKBNR w KQkq - 0 2
Moves; g1f3 d7d6 d2d4 c5d4 d1d4 b8c6 f1b5 c8d7 b5c6 d7c6 b1c3 e7e5 d4d3 d8d7 e1g1 g8f6 a2a4 h7h6 b2b4 b7b6
Warning; Bestmove does not match beginning of last PV - move g7g6 from SF_2600
Info; info depth 15 seldepth 29 multipv 1 score cp -241 nodes 255777 nps 835872 hashfull 91 tbhits 0 time 306 pv a5b6 c1c2 b6e3 d1f1 f7f6 g5e6 e7e6 d6b7 h8b8 b7a5 a6b4 c2b1 b8d8 a2a3
Position; fen rnbqkbnr/pp1ppppp/2p5/8/4P3/8/PPPP1PPP/RNBQKBNR w KQkq - 0 2
Moves; d2d4 d8c7 c2c4 e7e5 b1c3 e5d4 d1d4 d7d6 c1f4 b8a6 e1c1 c8e6 g1f3 c7a5 f4d6 e8c8 d4e5 a5e5 d6e5 g8f6 d1d8 c8d8 f1e2 f8b4 h1d1 d8e7 f3g5 e6g4 e5f6 e7f6 f2f4 h7h5 h2h3 g4e6 e4e5 f6e7 c3e4 b4a5 e4d6
Warning; Bestmove does not match beginning of last PV - move e8d7 from SF_2700
Info; info depth 18 seldepth 31 multipv 1 score cp -110 nodes 1098070 nps 696744 hashfull 404 tbhits 0 time 1576 pv b7b6 c1g5 e8d8 g2g4 a6c7 g1g2 h7h6 g5h4 f8e7 h4g3 a8b8 a1e1 e7f8 b3c2 b6b5 b2b3 b5c4 b3c4 c7a8
Position; fen rnbqkbnr/pp1ppppp/8/2p5/4P3/8/PPPP1PPP/RNBQKBNR w KQkq - 0 2
Moves; g1f3 e7e6 d2d4 f8e7 d4d5 d7d6 f1b5 c8d7 b5d7 d8d7 e1g1 g8f6 f1e1 e6d5 e4d5 b8a6 c2c4 e8g8 b1c3 f8e8 h2h3 e7f8 e1e8 d7e8 d1b3
Warning; Bestmove does not match beginning of last PV - move e1f1 from SF_2600
Info; info depth 16 seldepth 28 multipv 1 score cp -17 nodes 877209 nps 767461 hashfull 274 tbhits 0 time 1143 pv a1d1 e6e5 d4e5 d7e5 e1f1 d6b4 f3e5 b4d2 g2g3 d8a5 e4c2 a8d8 e5f3 a5c3 d1d2
Position; fen rnbqkbnr/pp1ppppp/2p5/8/4P3/8/PPPP1PPP/RNBQKBNR w KQkq - 0 2
Moves; b1c3 d7d5 d2d4 d5e4 c3e4 c8f5 e4g3 f5g6 g1f3 e7e6 h2h4 h7h6 f1d3 g6d3 d1d3 g8f6 c1d2 b8d7 d3e2 f8e7 c2c4 e8g8 b2b3 e7d6 g3e4 f6e4 e2e4 f8e8
Warning; Bestmove does not match beginning of last PV - move c1c7 from SF_3000
Info; info depth 13 seldepth 14 multipv 1 score cp -395 nodes 57547 nps 1174428 hashfull 20 tbhits 0 time 49 pv h5h6 e4c3 e2f1 b5d3 f1d3 a2h2 c1c2 h2c2 d3c2 e7f7 e1d2 a5a4 c2d3
Position; fen rnbqkbnr/pppppp1p/6p1/8/3P4/8/PPP1PPPP/RNBQKBNR w KQkq - 0 2
Moves; c2c4 g8f6 g1f3 f8g7 b1c3 d7d5 h2h3 e8g8 c4d5 f6d5 e2e4 d5c3 b2c3 c7c5 c1e3 d8a5 d1d2 c5d4 c3d4 a5d2 e1d2 f8d8 f1c4 b8c6 h1d1 g7d4 a1b1 d4e3 d2e3 g8f8 d1d5 d8d5 c4d5 c6d8 f3e5 f7f6 e5d3 e7e6 d5c4 c8d7 h3h4 a8c8 c4b3 f8e7 b3d1 b7b5 e4e5 d8f7 e5f6 e7f6 g2g4 a7a5 d1e2 f6e7 g4g5 c8c2 b1c1 c2a2 f2f4 f7d6 e3f2 b5b4 h4h5 d7b5 f2e1 d6e4
Warning; Bestmove does not match beginning of last PV - move f8e7 from SF_2700
Info; info depth 18 seldepth 32 multipv 1 score cp -114 nodes 983874 nps 734234 hashfull 359 tbhits 0 time 1340 pv f6e8 g5h4 h7h6 a1e1 f7f5 h4g3 d7f7 g3h2 a8b8 b3a4 b8a8 f3h4 a6c7 a4c2 g7g6 g2g4 e8g7 g4f5 g7f5 h4f5 f7f5 c2f5
Position; fen rnbqkbnr/pp1ppppp/8/2p5/4P3/8/PPPP1PPP/RNBQKBNR w KQkq - 0 2
Moves; g1f3 e7e6 d2d4 f8e7 d4d5 d7d6 f1b5 c8d7 b5d7 d8d7 e1g1 g8f6 f1e1 e6d5 e4d5 b8a6 c2c4 e8g8 b1c3 f8e8 h2h3 e7f8 e1e8 d7e8 d1b3 e8d7 c1g5
Warning; Bestmove does not match beginning of last PV - move h1h3 from SF_2600
Info; info depth 14 seldepth 26 multipv 1 score cp -29 nodes 355607 nps 745507 hashfull 120 tbhits 0 time 477 pv d2c3 a5a4 g2g3 d7f6 e4e2 a4b3 a2b3 a8a1 c3a1 d8a5 a1b2 a5a2
Position; fen rnbqkbnr/pp1ppppp/2p5/8/4P3/8/PPPP1PPP/RNBQKBNR w KQkq - 0 2
Moves; b1c3 d7d5 d2d4 d5e4 c3e4 c8f5 e4g3 f5g6 g1f3 e7e6 h2h4 h7h6 f1d3 g6d3 d1d3 g8f6 c1d2 b8d7 d3e2 f8e7 c2c4 e8g8 b2b3 e7d6 g3e4 f6e4 e2e4 f8e8 e1f1 a7a5
Warning; Bestmove does not match beginning of last PV - move h5g6 from SF_3000
Info; info depth 12 seldepth 21 multipv 1 score cp -455 nodes 70223 nps 1560511 hashfull 23 tbhits 0 time 45 pv c7c8 b4b3 h5g6 a2a1 e2d1 h7g6 d3b2 e4c5
Position; fen rnbqkbnr/pppppp1p/6p1/8/3P4/8/PPP1PPPP/RNBQKBNR w KQkq - 0 2
Moves; c2c4 g8f6 g1f3 f8g7 b1c3 d7d5 h2h3 e8g8 c4d5 f6d5 e2e4 d5c3 b2c3 c7c5 c1e3 d8a5 d1d2 c5d4 c3d4 a5d2 e1d2 f8d8 f1c4 b8c6 h1d1 g7d4 a1b1 d4e3 d2e3 g8f8 d1d5 d8d5 c4d5 c6d8 f3e5 f7f6 e5d3 e7e6 d5c4 c8d7 h3h4 a8c8 c4b3 f8e7 b3d1 b7b5 e4e5 d8f7 e5f6 e7f6 g2g4 a7a5 d1e2 f6e7 g4g5 c8c2 b1c1 c2a2 f2f4 f7d6 e3f2 b5b4 h4h5 d7b5 f2e1 d6e4 c1c7 e7d6
Warning; Bestmove does not match beginning of last PV - move a8d8 from SF_2700
Info; info depth 15 seldepth 28 multipv 1 score cp -138 nodes 302363 nps 810624 hashfull 102 tbhits 0 time 373 pv h7h6 g5h4 g7g5 h4g3 f6h5 g3h2 h5g7 c3b5 e7f8 h3h4 g5g4 f3d2 f7f5 h2f4 g8h7 g2g3
Position; fen rnbqkbnr/pp1ppppp/8/2p5/4P3/8/PPPP1PPP/RNBQKBNR w KQkq - 0 2
Moves; g1f3 e7e6 d2d4 f8e7 d4d5 d7d6 f1b5 c8d7 b5d7 d8d7 e1g1 g8f6 f1e1 e6d5 e4d5 b8a6 c2c4 e8g8 b1c3 f8e8 h2h3 e7f8 e1e8 d7e8 d1b3 e8d7 c1g5 f8e7 a1e1
Warning; Bestmove does not match beginning of last PV - move a1e1 from SF_2600
Info; info depth 17 seldepth 35 multipv 1 score cp -55 nodes 945650 nps 730231 hashfull 336 tbhits 0 time 1295 pv a1d1 a4b3 a2b3 f7f5 e4c2 d8e7 f3e1 c6c5 d4c5 d7c5 d2b4 e8d8 f1g1 c5e4
Position; fen rnbqkbnr/pp1ppppp/2p5/8/4P3/8/PPPP1PPP/RNBQKBNR w KQkq - 0 2
Moves; b1c3 d7d5 d2d4 d5e4 c3e4 c8f5 e4g3 f5g6 g1f3 e7e6 h2h4 h7h6 f1d3 g6d3 d1d3 g8f6 c1d2 b8d7 d3e2 f8e7 c2c4 e8g8 b2b3 e7d6 g3e4 f6e4 e2e4 f8e8 e1f1 a7a5 h1h3 a5a4
Warning; Bestmove does not match beginning of last PV - move b7b6 from SF_2700
Info; info depth 17 seldepth 25 multipv 1 score cp -165 nodes 662130 nps 757585 hashfull 232 tbhits 0 time 874 pv h7h6 g5f6 e7f6 b5a7 g7g6 e1e2 g8g7 a7b5 a6c7 b5c3 d8a8 c3e4 c7e8 a2a3 a8b8 g2g4
Position; fen rnbqkbnr/pp1ppppp/8/2p5/4P3/8/PPPP1PPP/RNBQKBNR w KQkq - 0 2
Moves; g1f3 e7e6 d2d4 f8e7 d4d5 d7d6 f1b5 c8d7 b5d7 d8d7 e1g1 g8f6 f1e1 e6d5 e4d5 b8a6 c2c4 e8g8 b1c3 f8e8 h2h3 e7f8 e1e8 d7e8 d1b3 e8d7 c1g5 f8e7 a1e1 a8d8 c3b5
Warning; Bestmove does not match beginning of last PV - move b7b6 from SF_2600
Info; info depth 16 seldepth 40 multipv 1 score cp -253 nodes 553938 nps 911082 hashfull 200 tbhits 0 time 608 pv c7d6 e5d6 e7d7 c2c3 a6c5 b2b4 f7f6 b4c5 f6g5 f4g5 b7b6 c3d4 h8e8 h3h4 e6f5 e2f3 e8e6 d1d2 b6c5 d4c5 e6e5 c5d4 e5a5 c4c5 a5a4 d4e5 a4c4 d2d4 c4c5 e5f6 c5b5 g2g4 c6c5 d4a4 h5g4 f3g4
Position; fen rnbqkbnr/pp1ppppp/2p5/8/4P3/8/PPPP1PPP/RNBQKBNR w KQkq - 0 2
Moves; d2d4 d8c7 c2c4 e7e5 b1c3 e5d4 d1d4 d7d6 c1f4 b8a6 e1c1 c8e6 g1f3 c7a5 f4d6 e8c8 d4e5 a5e5 d6e5 g8f6 d1d8 c8d8 f1e2 f8b4 h1d1 d8e7 f3g5 e6g4 e5f6 e7f6 f2f4 h7h5 h2h3 g4e6 e4e5 f6e7 c3e4 b4a5 e4d6 g7g6 a2a3 a5b6 c1d2 b6c7 d2c2
Warning; Bestmove does not match beginning of last PV - move a6c7 from SF_2700
Info; info depth 18 seldepth 37 multipv 1 score cp -237 nodes 673162 nps 790096 hashfull 256 tbhits 0 time 852 pv a6b4 a3a7 d7a7 b5a7 g8f8 a2a3 d8d7 a7b5 b4d3 e1e2 h7h6 g5e3 f6e8 b2b3 e8c7 b5c7 d7c7 e3d2 c7a7 a3a4 e7f6 g1f1 h6h5 f3e1 d3e1 f1e1
Position; fen rnbqkbnr/pp1ppppp/8/2p5/4P3/8/PPPP1PPP/RNBQKBNR w KQkq - 0 2
Moves; g1f3 e7e6 d2d4 f8e7 d4d5 d7d6 f1b5 c8d7 b5d7 d8d7 e1g1 g8f6 f1e1 e6d5 e4d5 b8a6 c2c4 e8g8 b1c3 f8e8 h2h3 e7f8 e1e8 d7e8 d1b3 e8d7 c1g5 f8e7 a1e1 a8d8 c3b5 b7b6 b3a3
Warning; Bestmove does not match beginning of last PV - move f7f6 from SF_2600
Info; info depth 18 seldepth 33 multipv 1 score cp -228 nodes 442705 nps 883642 hashfull 160 tbhits 0 time 501 pv a6b8 g5e6 e7e6 d6e4 h5h4 f3g4 e6e7 d1d3 h8d8 b2b4 e7f8 d3d8 c7d8 c2d3 a7a5 b4b5 c6b5 c4b5
Position; fen rnbqkbnr/pp1ppppp/2p5/8/4P3/8/PPPP1PPP/RNBQKBNR w KQkq - 0 2
Moves; d2d4 d8c7 c2c4 e7e5 b1c3 e5d4 d1d4 d7d6 c1f4 b8a6 e1c1 c8e6 g1f3 c7a5 f4d6 e8c8 d4e5 a5e5 d6e5 g8f6 d1d8 c8d8 f1e2 f8b4 h1d1 d8e7 f3g5 e6g4 e5f6 e7f6 f2f4 h7h5 h2h3 g4e6 e4e5 f6e7 c3e4 b4a5 e4d6 g7g6 a2a3 a5b6 c1d2 b6c7 d2c2 b7b6 e2f3
Warning; Bestmove does not match beginning of last PV - move f4f5 from SF_3000
Info; info depth 14 seldepth 20 multipv 1 score cp -525 nodes 53661 nps 1490583 hashfull 16 tbhits 0 time 36 pv d3b2 a1b1 c8b8 d6c5 b2d3 b5d3 b8b3 c5d4 b3b1 d3b1 d1g4 b1a2 g4e6 a2e6 e1e2
Position; fen rnbqkbnr/pppppp1p/6p1/8/3P4/8/PPP1PPPP/RNBQKBNR w KQkq - 0 2
Moves; c2c4 g8f6 g1f3 f8g7 b1c3 d7d5 h2h3 e8g8 c4d5 f6d5 e2e4 d5c3 b2c3 c7c5 c1e3 d8a5 d1d2 c5d4 c3d4 a5d2 e1d2 f8d8 f1c4 b8c6 h1d1 g7d4 a1b1 d4e3 d2e3 g8f8 d1d5 d8d5 c4d5 c6d8 f3e5 f7f6 e5d3 e7e6 d5c4 c8d7 h3h4 a8c8 c4b3 f8e7 b3d1 b7b5 e4e5 d8f7 e5f6 e7f6 g2g4 a7a5 d1e2 f6e7 g4g5 c8c2 b1c1 c2a2 f2f4 f7d6 e3f2 b5b4 h4h5 d7b5 f2e1 d6e4 c1c7 e7d6 h5g6 h7g6 c7c8 b4b3 e2d1 a2a1
Warning; Bestmove does not match beginning of last PV - move e1e7 from SF_2600
Info; info depth 15 seldepth 20 multipv 1 score cp 0 nodes 271439 nps 822542 hashfull 103 tbhits 0 time 330 pv f3d4 e7e1 c3e1 d8f6 d4f5 a8a1 f5d6 f6d6 c2d3 d6d3 h3d3 d7e5 d3d8 g8h7 f1e2 a1a2 e2f1
Position; fen rnbqkbnr/pp1ppppp/2p5/8/4P3/8/PPPP1PPP/RNBQKBNR w KQkq - 0 2
Moves; b1c3 d7d5 d2d4 d5e4 c3e4 c8f5 e4g3 f5g6 g1f3 e7e6 h2h4 h7h6 f1d3 g6d3 d1d3 g8f6 c1d2 b8d7 d3e2 f8e7 c2c4 e8g8 b2b3 e7d6 g3e4 f6e4 e2e4 f8e8 e1f1 a7a5 h1h3 a5a4 a1e1 a4b3 a2b3 e8e7 e4c2 e6e5 d2c3 e5d4
Warning; Bestmove does not match beginning of last PV - move g8f8 from SF_2700
Info; info depth 15 seldepth 20 multipv 1 score cp -281 nodes 296966 nps 1087787 hashfull 103 tbhits 0 time 273 pv f6f5 b2b3 c5c4 b3c4 e7f6 e1e8 g8g7 g2g3 a7a4 e8c8 a4a1 g1g2 a1a2 c8c6 a2c2 c6b6 c2c4 b6d6 c4c5
Position; fen rnbqkbnr/pp1ppppp/8/2p5/4P3/8/PPPP1PPP/RNBQKBNR w KQkq - 0 2
Moves; g1f3 e7e6 d2d4 f8e7 d4d5 d7d6 f1b5 c8d7 b5d7 d8d7 e1g1 g8f6 f1e1 e6d5 e4d5 b8a6 c2c4 e8g8 b1c3 f8e8 h2h3 e7f8 e1e8 d7e8 d1b3 e8d7 c1g5 f8e7 a1e1 a8d8 c3b5 b7b6 b3a3 a6c7 a3a7 c7b5 a7d7 d8d7 g5f6 g7f6 c4b5 d7a7 a2a4
Warning; Bestmove does not match beginning of last PV - move f5e4 from SF_2600
Info; info depth 16 seldepth 34 multipv 1 score cp -385 nodes 266480 nps 951714 hashfull 90 tbhits 0 time 280 pv f6e7 d6f5 g6f5 d1d7 e7e6 e4c3 c7b8 d7b7 a6c7 b2b4 h5h4 c2b3 h8d8 c6f3 d8f8
Position; fen rnbqkbnr/pp1ppppp/2p5/8/4P3/8/PPPP1PPP/RNBQKBNR w KQkq - 0 2
Moves; d2d4 d8c7 c2c4 e7e5 b1c3 e5d4 d1d4 d7d6 c1f4 b8a6 e1c1 c8e6 g1f3 c7a5 f4d6 e8c8 d4e5 a5e5 d6e5 g8f6 d1d8 c8d8 f1e2 f8b4 h1d1 d8e7 f3g5 e6g4 e5f6 e7f6 f2f4 h7h5 h2h3 g4e6 e4e5 f6e7 c3e4 b4a5 e4d6 g7g6 a2a3 a5b6 c1d2 b6c7 d2c2 b7b6 e2f3 f7f6 e5f6 e7f6 f3c6 e6f5 g5e4
Warning; Bestmove does not match beginning of last PV - move e1e2 from SF_3000
Info; info depth 14 seldepth 22 multipv 1 score cp -624 nodes 63965 nps 1881323 hashfull 23 tbhits 0 time 34 pv d3c5 e4c5 c8b8 b5c6 e1d2 c5e4 d2e1 a1d1 e1d1
Position; fen rnbqkbnr/pppppp1p/6p1/8/3P4/8/PPP1PPPP/RNBQKBNR w KQkq - 0 2
Moves; c2c4 g8f6 g1f3 f8g7 b1c3 d7d5 h2h3 e8g8 c4d5 f6d5 e2e4 d5c3 b2c3 c7c5 c1e3 d8a5 d1d2 c5d4 c3d4 a5d2 e1d2 f8d8 f1c4 b8c6 h1d1 g7d4 a1b1 d4e3 d2e3 g8f8 d1d5 d8d5 c4d5 c6d8 f3e5 f7f6 e5d3 e7e6 d5c4 c8d7 h3h4 a8c8 c4b3 f8e7 b3d1 b7b5 e4e5 d8f7 e5f6 e7f6 g2g4 a7a5 d1e2 f6e7 g4g5 c8c2 b1c1 c2a2 f2f4 f7d6 e3f2 b5b4 h4h5 d7b5 f2e1 d6e4 c1c7 e7d6 h5g6 h7g6 c7c8 b4b3 e2d1 a2a1 f4f5 e6f5
Warning; Bestmove does not match beginning of last PV - move a7a8 from SF_2700
Info; info depth 16 seldepth 30 multipv 1 score cp -387 nodes 458261 nps 1148523 hashfull 149 tbhits 0 time 399 pv f6f5 f3d4 e7f6 d4f5 f6c3 e1e4 c3b4 h3h4 b4c5 g2g4 a7a4 e4f4 a4a1 g1g2 a1a2 g4g5 f8g8 f5h6 g8g7
Position; fen rnbqkbnr/pp1ppppp/8/2p5/4P3/8/PPPP1PPP/RNBQKBNR w KQkq - 0 2
Moves; g1f3 e7e6 d2d4 f8e7 d4d5 d7d6 f1b5 c8d7 b5d7 d8d7 e1g1 g8f6 f1e1 e6d5 e4d5 b8a6 c2c4 e8g8 b1c3 f8e8 h2h3 e7f8 e1e8 d7e8 d1b3 e8d7 c1g5 f8e7 a1e1 a8d8 c3b5 b7b6 b3a3 a6c7 a3a7 c7b5 a7d7 d8d7 g5f6 g7f6 c4b5 d7a7 a2a4 g8f8 b2b3 c5c4 b3c4
Warning; Bestmove does not match beginning of last PV - move e4e1 from SF_2600
Info; info depth 11 seldepth 27 multipv 1 score cp 13 nodes 136072 nps 944944 hashfull 45 tbhits 0 time 144 pv h3e3 e5d4 e4d4 d7f6 c3e1 a3a1 d4a1 a8a1
Position; fen rnbqkbnr/pp1ppppp/2p5/8/4P3/8/PPPP1PPP/RNBQKBNR w KQkq - 0 2
Moves; b1c3 d7d5 d2d4 d5e4 c3e4 c8f5 e4g3 f5g6 g1f3 e7e6 h2h4 h7h6 f1d3 g6d3 d1d3 g8f6 c1d2 b8d7 d3e2 f8e7 c2c4 e8g8 b2b3 e7d6 g3e4 f6e4 e2e4 f8e8 e1f1 a7a5 h1h3 a5a4 a1e1 a4b3 a2b3 e8e7 e4c2 e6e5 d2c3 e5d4 e1e7 d8e7 f3d4 d6e5 c2e4 e7a3
Warning; Bestmove does not match beginning of last PV - move h2h4 from SF_2700
Info; info depth 15 seldepth 30 multipv 1 score cp 125 nodes 344564 nps 916393 hashfull 114 tbhits 0 time 376 pv f3d2 a8a7 a1a7 h8c8 h2h3 f7f5 f2f4 e5f4 e3f4 c8a8 a7a8 b7a8 f4e3 e7g5 e3g5 h6g5 c2c4 c7c5 g1h1 a8b7
Position; fen rnbqkbnr/pp1ppppp/8/2p5/4P3/8/PPPP1PPP/RNBQKBNR w KQkq - 0 2
Moves; g1f3 d7d6 d2d4 c5d4 d1d4 b8c6 f1b5 c8d7 b5c6 d7c6 b1c3 e7e5 d4d3 d8d7 e1g1 g8f6 a2a4 h7h6 b2b4 b7b6 c1e3 a8c8 b4b5 c6b7 a4a5 d7c7 a5b6 a7b6 a1a7 f8e7 f3h4 g7g6 f1a1 e8f8 h4f3 f8g7 c3d5 f6d5 e4d5 c8a8
Warning; Bestmove does not match beginning of last PV - move h7h5 from SF_2700
Info; info depth 17 seldepth 24 multipv 1 score cp -433 nodes 349033 nps 1097588 hashfull 119 tbhits 0 time 318 pv e7d8 e1a1 f6f5 d4f5 f8e8 g1f1 d8f6 a1a2 e8d7 g2g4 f6c3
Position; fen rnbqkbnr/pp1ppppp/8/2p5/4P3/8/PPPP1PPP/RNBQKBNR w KQkq - 0 2
Moves; g1f3 e7e6 d2d4 f8e7 d4d5 d7d6 f1b5 c8d7 b5d7 d8d7 e1g1 g8f6 f1e1 e6d5 e4d5 b8a6 c2c4 e8g8 b1c3 f8e8 h2h3 e7f8 e1e8 d7e8 d1b3 e8d7 c1g5 f8e7 a1e1 a8d8 c3b5 b7b6 b3a3 a6c7 a3a7 c7b5 a7d7 d8d7 g5f6 g7f6 c4b5 d7a7 a2a4 g8f8 b2b3 c5c4 b3c4 a7a8 f3d4
Warning; Bestmove does not match beginning of last PV - move a8a7 from SF_2700
Info; info depth 16 seldepth 38 multipv 1 score cp -460 nodes 339221 nps 1413420 hashfull 120 tbhits 0 time 240 pv e7d8 g2g3 a8a4 g1g2 d8c7 e1e4 f8g8 f5e3 g8g7 e4e7 a4a7 e3f5 g7g6 f5d6 c7d6 e7a7 f6f5 g2f1 g6f6 a7d7 d6c5
Position; fen rnbqkbnr/pp1ppppp/8/2p5/4P3/8/PPPP1PPP/RNBQKBNR w KQkq - 0 2
Moves; g1f3 e7e6 d2d4 f8e7 d4d5 d7d6 f1b5 c8d7 b5d7 d8d7 e1g1 g8f6 f1e1 e6d5 e4d5 b8a6 c2c4 e8g8 b1c3 f8e8 h2h3 e7f8 e1e8 d7e8 d1b3 e8d7 c1g5 f8e7 a1e1 a8d8 c3b5 b7b6 b3a3 a6c7 a3a7 c7b5 a7d7 d8d7 g5f6 g7f6 c4b5 d7a7 a2a4 g8f8 b2b3 c5c4 b3c4 a7a8 f3d4 h7h5 d4f5
Warning; Bestmove does not match beginning of last PV - move h8c8 from SF_2600
Info; info depth 14 seldepth 22 multipv 1 score cp -397 nodes 61502 nps 917940 hashfull 26 tbhits 0 time 67 pv g6g5 b7b6 e6e5 g2g3 g5g4 g3f4 e5f4 h3g4 h5g4 e4c3 h8h2 c2b3 c7e6 c3d5 f4g5
Position; fen rnbqkbnr/pp1ppppp/2p5/8/4P3/8/PPPP1PPP/RNBQKBNR w KQkq - 0 2
Moves; d2d4 d8c7 c2c4 e7e5 b1c3 e5d4 d1d4 d7d6 c1f4 b8a6 e1c1 c8e6 g1f3 c7a5 f4d6 e8c8 d4e5 a5e5 d6e5 g8f6 d1d8 c8d8 f1e2 f8b4 h1d1 d8e7 f3g5 e6g4 e5f6 e7f6 f2f4 h7h5 h2h3 g4e6 e4e5 f6e7 c3e4 b4a5 e4d6 g7g6 a2a3 a5b6 c1d2 b6c7 d2c2 b7b6 e2f3 f7f6 e5f6 e7f6 f3c6 e6f5 g5e4 f5e4 d6e4 f6e6 d1d7 c7f4 d7a7 a6c7 a7b7
Warning; Bestmove does not match beginning of last PV - move e6e5 from SF_2600
Info; info depth 13 seldepth 18 multipv 1 score cp -462 nodes 47581 nps 991270 hashfull 17 tbhits 0 time 48 pv c8d8 e4c5 e6e5 c5d3 d8d3 c2d3 c7e6 b6b5 e5d6
Position; fen rnbqkbnr/pp1ppppp/2p5/8/4P3/8/PPPP1PPP/RNBQKBNR w KQkq - 0 2
Moves; d2d4 d8c7 c2c4 e7e5 b1c3 e5d4 d1d4 d7d6 c1f4 b8a6 e1c1 c8e6 g1f3 c7a5 f4d6 e8c8 d4e5 a5e5 d6e5 g8f6 d1d8 c8d8 f1e2 f8b4 h1d1 d8e7 f3g5 e6g4 e5f6 e7f6 f2f4 h7h5 h2h3 g4e6 e4e5 f6e7 c3e4 b4a5 e4d6 g7g6 a2a3 a5b6 c1d2 b6c7 d2c2 b7b6 e2f3 f7f6 e5f6 e7f6 f3c6 e6f5 g5e4 f5e4 d6e4 f6e6 d1d7 c7f4 d7a7 a6c7 a7b7 h8c8 b7b6
Finished game 30 (SF_3000 vs HiveChess): 0-1 {Black wins by adjudication}
Started game 35 of 1000 (HiveChess vs SF_2800)
Warning; Bestmove does not match beginning of last PV - move c2c4 from SF_2700
Info; info depth 16 seldepth 23 multipv 1 score cp 133 nodes 310050 nps 922767 hashfull 99 tbhits 0 time 336 pv h4h5 f6d8 f3d2 f7f5 c2c4 a8b7 f2f4 b7c8 f4e5 d6e5 d3c3 g6g5 c4c5 b6c5 d2c4 c8b7
Position; fen rnbqkbnr/pp1ppppp/8/2p5/4P3/8/PPPP1PPP/RNBQKBNR w KQkq - 0 2
Moves; g1f3 d7d6 d2d4 c5d4 d1d4 b8c6 f1b5 c8d7 b5c6 d7c6 b1c3 e7e5 d4d3 d8d7 e1g1 g8f6 a2a4 h7h6 b2b4 b7b6 c1e3 a8c8 b4b5 c6b7 a4a5 d7c7 a5b6 a7b6 a1a7 f8e7 f3h4 g7g6 f1a1 e8f8 h4f3 f8g7 c3d5 f6d5 e4d5 c8a8 h2h4 e7f6 a7a8 h8a8 a1a8 b7a8
Warning; Bestmove does not match beginning of last PV - move c8d8 from SF_2600
Info; info depth 14 seldepth 18 multipv 1 score cp -434 nodes 59374 nps 1023689 hashfull 27 tbhits 0 time 58 pv e5d4 c6d7 c8d8 b6c6 g6g5 b2b4 d4e3 c6h6 e3f2 h6h5
Position; fen rnbqkbnr/pp1ppppp/2p5/8/4P3/8/PPPP1PPP/RNBQKBNR w KQkq - 0 2
Moves; d2d4 d8c7 c2c4 e7e5 b1c3 e5d4 d1d4 d7d6 c1f4 b8a6 e1c1 c8e6 g1f3 c7a5 f4d6 e8c8 d4e5 a5e5 d6e5 g8f6 d1d8 c8d8 f1e2 f8b4 h1d1 d8e7 f3g5 e6g4 e5f6 e7f6 f2f4 h7h5 h2h3 g4e6 e4e5 f6e7 c3e4 b4a5 e4d6 g7g6 a2a3 a5b6 c1d2 b6c7 d2c2 b7b6 e2f3 f7f6 e5f6 e7f6 f3c6 e6f5 g5e4 f5e4 d6e4 f6e6 d1d7 c7f4 d7a7 a6c7 a7b7 h8c8 b7b6 e6e5 e4c5
Warning; Bestmove does not match beginning of last PV - move f8g7 from SF_2700
Info; info depth 15 seldepth 20 multipv 1 score cp -521 nodes 97861 nps 1505553 hashfull 40 tbhits 0 time 65 pv d8e7 d6c8 a7b7 e1e7 b7e7 c8e7 f8e7 f1e2 e7d6 g2g4 h5h4 e2e3
Position; fen rnbqkbnr/pp1ppppp/8/2p5/4P3/8/PPPP1PPP/RNBQKBNR w KQkq - 0 2
Moves; g1f3 e7e6 d2d4 f8e7 d4d5 d7d6 f1b5 c8d7 b5d7 d8d7 e1g1 g8f6 f1e1 e6d5 e4d5 b8a6 c2c4 e8g8 b1c3 f8e8 h2h3 e7f8 e1e8 d7e8 d1b3 e8d7 c1g5 f8e7 a1e1 a8d8 c3b5 b7b6 b3a3 a6c7 a3a7 c7b5 a7d7 d8d7 g5f6 g7f6 c4b5 d7a7 a2a4 g8f8 b2b3 c5c4 b3c4 a7a8 f3d4 h7h5 d4f5 a8a7 g1f1 e7d8 f5d6
Warning; Bestmove does not match beginning of last PV - move f8e7 from SF_2800
Info; info depth 22 seldepth 43 multipv 1 score cp -20 nodes 2131936 nps 779216 hashfull 601 tbhits 0 time 2736 pv f8c5 c2c3 g8f6 b2b4 c5b6 d2d3 d7d6 e1g1 c6e7 a2a4 a7a5 b4b5 e7g6 b1d2 e8g8 d3d4 f8e8 f1e1 c8g4 d1b3 d8d7 h2h3 g4f3 d2f3 e5d4
Position; fen rnbqkbnr/pppp1ppp/8/4p3/4P3/8/PPPP1PPP/RNBQKBNR w KQkq - 0 2
Moves; g1f3 b8c6 f1c4
Warning; Bestmove does not match beginning of last PV - move d8d3 from SF_2600
Info; info depth 14 seldepth 20 multipv 1 score cp -521 nodes 79335 nps 1469166 hashfull 21 tbhits 0 time 54 pv e5f5 a3a4 c7e6 c6e4 f5e4 b6e6 e4f5 e6e2 f4c7 b2b4
Position; fen rnbqkbnr/pp1ppppp/2p5/8/4P3/8/PPPP1PPP/RNBQKBNR w KQkq - 0 2
Moves; d2d4 d8c7 c2c4 e7e5 b1c3 e5d4 d1d4 d7d6 c1f4 b8a6 e1c1 c8e6 g1f3 c7a5 f4d6 e8c8 d4e5 a5e5 d6e5 g8f6 d1d8 c8d8 f1e2 f8b4 h1d1 d8e7 f3g5 e6g4 e5f6 e7f6 f2f4 h7h5 h2h3 g4e6 e4e5 f6e7 c3e4 b4a5 e4d6 g7g6 a2a3 a5b6 c1d2 b6c7 d2c2 b7b6 e2f3 f7f6 e5f6 e7f6 f3c6 e6f5 g5e4 f5e4 d6e4 f6e6 d1d7 c7f4 d7a7 a6c7 a7b7 h8c8 b7b6 e6e5 e4c5 c8d8 c5d3
Warning; Bestmove does not match beginning of last PV - move d7d6 from SF_2800
Info; info depth 15 seldepth 21 multipv 1 score cp -58 nodes 463426 nps 773666 hashfull 158 tbhits 0 time 599 pv e5d4 f3d4 g8f6 d4c6 d7c6 d1d8 e7d8 b1c3 h7h5 h2h4 a7a5 a2a4 f6d7 c1g5 d8e7 e1c1 e7d6
Position; fen rnbqkbnr/pppp1ppp/8/4p3/4P3/8/PPPP1PPP/RNBQKBNR w KQkq - 0 2
Moves; g1f3 b8c6 f1c4 f8e7 d2d4
Warning; Bestmove does not match beginning of last PV - move d8c7 from SF_2700
Info; info depth 14 seldepth 22 multipv 1 score cp -561 nodes 73323 nps 1145671 hashfull 23 tbhits 0 time 64 pv f6f5 d5d6 f5f4 f1e2 f7f5 e2f3 g7f7 e8e2 f7g6 f3f4 d8g5 f4f3
Position; fen rnbqkbnr/pp1ppppp/8/2p5/4P3/8/PPPP1PPP/RNBQKBNR w KQkq - 0 2
Moves; g1f3 e7e6 d2d4 f8e7 d4d5 d7d6 f1b5 c8d7 b5d7 d8d7 e1g1 g8f6 f1e1 e6d5 e4d5 b8a6 c2c4 e8g8 b1c3 f8e8 h2h3 e7f8 e1e8 d7e8 d1b3 e8d7 c1g5 f8e7 a1e1 a8d8 c3b5 b7b6 b3a3 a6c7 a3a7 c7b5 a7d7 d8d7 g5f6 g7f6 c4b5 d7a7 a2a4 g8f8 b2b3 c5c4 b3c4 a7a8 f3d4 h7h5 d4f5 a8a7 g1f1 e7d8 f5d6 f8g7 e1e8 a7d7 d6c8
Warning; Bestmove does not match beginning of last PV - move c8e6 from SF_2800
Info; info depth 17 seldepth 24 multipv 1 score cp -63 nodes 606447 nps 729779 hashfull 213 tbhits 0 time 831 pv d6e5 d1d8 e7d8 b1c3 g8f6 c1e3 d8e7 e1c1 a7a6 c3d5 e7d6 d5f6 g7f6 f3h4 h7h5 c4d5 c6e7 d5b3 c8e6
Position; fen rnbqkbnr/pppp1ppp/8/4p3/4P3/8/PPPP1PPP/RNBQKBNR w KQkq - 0 2
Moves; g1f3 b8c6 f1c4 f8e7 d2d4 d7d6 d4e5
Warning; Bestmove does not match beginning of last PV - move e5f6 from SF_2600
Info; info depth 13 seldepth 19 multipv 1 score cp -582 nodes 88598 nps 2271743 hashfull 37 tbhits 0 time 39 pv e5d6 c6d5 e6c5 d3c2 h5h4 b2b4 c5d7 a3a4 d7e5 a4a5 g6g5 b5b6 d6c7 b6b7 c7c8
Position; fen rnbqkbnr/pp1ppppp/2p5/8/4P3/8/PPPP1PPP/RNBQKBNR w KQkq - 0 2
Moves; d2d4 d8c7 c2c4 e7e5 b1c3 e5d4 d1d4 d7d6 c1f4 b8a6 e1c1 c8e6 g1f3 c7a5 f4d6 e8c8 d4e5 a5e5 d6e5 g8f6 d1d8 c8d8 f1e2 f8b4 h1d1 d8e7 f3g5 e6g4 e5f6 e7f6 f2f4 h7h5 h2h3 g4e6 e4e5 f6e7 c3e4 b4a5 e4d6 g7g6 a2a3 a5b6 c1d2 b6c7 d2c2 b7b6 e2f3 f7f6 e5f6 e7f6 f3c6 e6f5 g5e4 f5e4 d6e4 f6e6 d1d7 c7f4 d7a7 a6c7 a7b7 h8c8 b7b6 e6e5 e4c5 c8d8 c5d3 d8d3 c2d3 c7e6 b6b5
Warning; Bestmove does not match beginning of last PV - move g1h1 from SF_2700
Info; info depth 15 seldepth 43 multipv 1 score cp 165 nodes 327843 nps 1138343 hashfull 102 tbhits 0 time 288 pv g5e4 b7c8 a7c7 d8c7 e4c3 g8f8 c3a4 c8f5 e3b6 c7b6 a4b6 f8e7 b6a4 e7d8 f2f3 f7f6 g1f2 d8c7 f2e2 g6g5 g2g3 g5g4 f3g4 f5g4 e2e3 g4h3 c4c5 d6c5 a4c5 c7b6 c5e4 f6f5 e4f6 b6b5 f6h5
Position; fen rnbqkbnr/pp1ppppp/8/2p5/4P3/8/PPPP1PPP/RNBQKBNR w KQkq - 0 2
Moves; g1f3 d7d6 d2d4 c5d4 d1d4 b8c6 f1b5 c8d7 b5c6 d7c6 b1c3 e7e5 d4d3 d8d7 e1g1 g8f6 a2a4 h7h6 b2b4 b7b6 c1e3 a8c8 b4b5 c6b7 a4a5 d7c7 a5b6 a7b6 a1a7 f8e7 f3h4 g7g6 f1a1 e8f8 h4f3 f8g7 c3d5 f6d5 e4d5 c8a8 h2h4 e7f6 a7a8 h8a8 a1a8 b7a8 c2c4 h6h5 d3a3 a8b7 a3a7 f6d8 f3g5 g7g8
Warning; Bestmove does not match beginning of last PV - move e7d6 from SF_2800
Info; info depth 20 seldepth 40 multipv 1 score cp -150 nodes 1631190 nps 686816 hashfull 597 tbhits 0 time 2375 pv c7d6 f3g5 d8c8 d1h5 g7g6 h5d1 g8f6 b1c3 e8g8 e1g1 c6e5 a2a4 h7h6 g5f3 g6g5 a4a5 f8f7 c1e3 e5f3 d1f3 c8c6 e3d4 a8f8
Position; fen rnbqkbnr/pppp1ppp/8/4p3/4P3/8/PPPP1PPP/RNBQKBNR w KQkq - 0 2
Moves; g1f3 b8c6 f1c4 f8e7 d2d4 d7d6 d4e5 c8e6 c4e6 f7e6 e5d6
Warning; Bestmove does not match beginning of last PV - move g8e7 from SF_2800
Info; info depth 16 seldepth 30 multipv 1 score cp -158 nodes 411827 nps 712503 hashfull 152 tbhits 0 time 578 pv d8f6 b1c3 a7a6 e1g1 h7h6 e4e5 d6e5 f3e5 f6e5 e2e5 c6e5 f1e1 e5c6 e1e6 e8f7
Position; fen rnbqkbnr/pppp1ppp/8/4p3/4P3/8/PPPP1PPP/RNBQKBNR w KQkq - 0 2
Moves; g1f3 b8c6 f1c4 f8e7 d2d4 d7d6 d4e5 c8e6 c4e6 f7e6 e5d6 e7d6 d1e2
Warning; Bestmove does not match beginning of last PV - move e6g7 from SF_2600
Info; info depth 14 seldepth 17 multipv 1 score cp -575 nodes 62537 nps 1690189 hashfull 21 tbhits 0 time 37 pv e6d8 a3a4 f4c7 b2b4 d8f7 a4a5 f7e5 b5e5 f6e5 d7a4
Position; fen rnbqkbnr/pp1ppppp/2p5/8/4P3/8/PPPP1PPP/RNBQKBNR w KQkq - 0 2
Moves; d2d4 d8c7 c2c4 e7e5 b1c3 e5d4 d1d4 d7d6 c1f4 b8a6 e1c1 c8e6 g1f3 c7a5 f4d6 e8c8 d4e5 a5e5 d6e5 g8f6 d1d8 c8d8 f1e2 f8b4 h1d1 d8e7 f3g5 e6g4 e5f6 e7f6 f2f4 h7h5 h2h3 g4e6 e4e5 f6e7 c3e4 b4a5 e4d6 g7g6 a2a3 a5b6 c1d2 b6c7 d2c2 b7b6 e2f3 f7f6 e5f6 e7f6 f3c6 e6f5 g5e4 f5e4 d6e4 f6e6 d1d7 c7f4 d7a7 a6c7 a7b7 h8c8 b7b6 e6e5 e4c5 c8d8 c5d3 d8d3 c2d3 c7e6 b6b5 e5f6 c6d7
Warning; Bestmove does not match beginning of last PV - move a7c7 from SF_2700
Info; info depth 11 seldepth 22 multipv 1 score cp 165 nodes 44259 nps 1264542 hashfull 11 tbhits 0 time 35 pv a7a8 c8b7 a8a7 b7c8 a7c7 d8c7 e4c3 g8f8 c3a4 c8f5 e3b6 c7b6 a4b6 f8e7 b6a4 e7d8 f2f3 d8c7 g1f2 f7f6 f2e2
Position; fen rnbqkbnr/pp1ppppp/8/2p5/4P3/8/PPPP1PPP/RNBQKBNR w KQkq - 0 2
Moves; g1f3 d7d6 d2d4 c5d4 d1d4 b8c6 f1b5 c8d7 b5c6 d7c6 b1c3 e7e5 d4d3 d8d7 e1g1 g8f6 a2a4 h7h6 b2b4 b7b6 c1e3 a8c8 b4b5 c6b7 a4a5 d7c7 a5b6 a7b6 a1a7 f8e7 f3h4 g7g6 f1a1 e8f8 h4f3 f8g7 c3d5 f6d5 e4d5 c8a8 h2h4 e7f6 a7a8 h8a8 a1a8 b7a8 c2c4 h6h5 d3a3 a8b7 a3a7 f6d8 f3g5 g7g8 g1h1 g8g7 h1g1 g7g8 g5e4 b7c8
Warning; Bestmove does not match beginning of last PV - move c7e5 from SF_2700
Info; info depth 13 seldepth 17 multipv 1 score cp -592 nodes 82972 nps 1659440 hashfull 19 tbhits 0 time 50 pv f8e8 h3h4 c7f4 g2g4 h5g4 h4h5 e8f8 d5d6 f8e8 h5h6 f4h6 f5h6 e8d7 h6g4 d7d6 g4e3
Position; fen rnbqkbnr/pp1ppppp/8/2p5/4P3/8/PPPP1PPP/RNBQKBNR w KQkq - 0 2
Moves; g1f3 e7e6 d2d4 f8e7 d4d5 d7d6 f1b5 c8d7 b5d7 d8d7 e1g1 g8f6 f1e1 e6d5 e4d5 b8a6 c2c4 e8g8 b1c3 f8e8 h2h3 e7f8 e1e8 d7e8 d1b3 e8d7 c1g5 f8e7 a1e1 a8d8 c3b5 b7b6 b3a3 a6c7 a3a7 c7b5 a7d7 d8d7 g5f6 g7f6 c4b5 d7a7 a2a4 g8f8 b2b3 c5c4 b3c4 a7a8 f3d4 h7h5 d4f5 a8a7 g1f1 e7d8 f5d6 f8g7 e1e8 a7d7 d6c8 d8c7 e8e7 d7e7 c8e7 g7f8 e7f5
Warning; Bestmove does not match beginning of last PV - move f4g3 from SF_2600
Info; info depth 14 seldepth 22 multipv 1 score cp -605 nodes 71374 nps 1740829 hashfull 21 tbhits 0 time 41 pv g6g5 a3a4 g5g4 h3g4 f6g5 g4h5 g5h4 d7c6 g7e6
Position; fen rnbqkbnr/pp1ppppp/2p5/8/4P3/8/PPPP1PPP/RNBQKBNR w KQkq - 0 2
Moves; d2d4 d8c7 c2c4 e7e5 b1c3 e5d4 d1d4 d7d6 c1f4 b8a6 e1c1 c8e6 g1f3 c7a5 f4d6 e8c8 d4e5 a5e5 d6e5 g8f6 d1d8 c8d8 f1e2 f8b4 h1d1 d8e7 f3g5 e6g4 e5f6 e7f6 f2f4 h7h5 h2h3 g4e6 e4e5 f6e7 c3e4 b4a5 e4d6 g7g6 a2a3 a5b6 c1d2 b6c7 d2c2 b7b6 e2f3 f7f6 e5f6 e7f6 f3c6 e6f5 g5e4 f5e4 d6e4 f6e6 d1d7 c7f4 d7a7 a6c7 a7b7 h8c8 b7b6 e6e5 e4c5 c8d8 c5d3 d8d3 c2d3 c7e6 b6b5 e5f6 c6d7 e6g7 c4c5
Warning; Bestmove does not match beginning of last PV - move h7h6 from SF_2800
Info; info depth 18 seldepth 32 multipv 1 score cp -180 nodes 993538 nps 729469 hashfull 354 tbhits 0 time 1362 pv d8e7 b1d2 d6c5 e3c5 e7c5 d2b3 c5b6 f3g5 b6b4 c2c3 b4e7 g5f3 e8c8 e1g1 g6e5 f3e5 c6e5 f2f4 e5d7 e4e5 d7b6 h2h4 d8d5 c3c4 d5d7 a1d1
Position; fen rnbqkbnr/pppp1ppp/8/4p3/4P3/8/PPPP1PPP/RNBQKBNR w KQkq - 0 2
Moves; g1f3 b8c6 f1c4 f8e7 d2d4 d7d6 d4e5 c8e6 c4e6 f7e6 e5d6 e7d6 d1e2 g8e7 c1e3 e7g6 g2g3
Warning; Bestmove does not match beginning of last PV - move h5h4 from SF_2700
Info; info depth 13 seldepth 30 multipv 1 score cp -628 nodes 93251 nps 1865020 hashfull 22 tbhits 0 time 50 pv e5f4 h3h4 f8e8 e2f3 f4c1 g2g4 h5g4 f3g3 e8f8 h4h5
Position; fen rnbqkbnr/pp1ppppp/8/2p5/4P3/8/PPPP1PPP/RNBQKBNR w KQkq - 0 2
Moves; g1f3 e7e6 d2d4 f8e7 d4d5 d7d6 f1b5 c8d7 b5d7 d8d7 e1g1 g8f6 f1e1 e6d5 e4d5 b8a6 c2c4 e8g8 b1c3 f8e8 h2h3 e7f8 e1e8 d7e8 d1b3 e8d7 c1g5 f8e7 a1e1 a8d8 c3b5 b7b6 b3a3 a6c7 a3a7 c7b5 a7d7 d8d7 g5f6 g7f6 c4b5 d7a7 a2a4 g8f8 b2b3 c5c4 b3c4 a7a8 f3d4 h7h5 d4f5 a8a7 g1f1 e7d8 f5d6 f8g7 e1e8 a7d7 d6c8 d8c7 e8e7 d7e7 c8e7 g7f8 e7f5 c7e5 f1e2
Warning; Bestmove does not match beginning of last PV - move h5h4 from SF_2600
Info; info depth 14 seldepth 25 multipv 1 score cp -606 nodes 71513 nps 1833666 hashfull 25 tbhits 0 time 39 pv f6e7 b2b4 e7d6 a3a4 g6g5 b5b7 g3e5 d3e4
Position; fen rnbqkbnr/pp1ppppp/2p5/8/4P3/8/PPPP1PPP/RNBQKBNR w KQkq - 0 2
Moves; d2d4 d8c7 c2c4 e7e5 b1c3 e5d4 d1d4 d7d6 c1f4 b8a6 e1c1 c8e6 g1f3 c7a5 f4d6 e8c8 d4e5 a5e5 d6e5 g8f6 d1d8 c8d8 f1e2 f8b4 h1d1 d8e7 f3g5 e6g4 e5f6 e7f6 f2f4 h7h5 h2h3 g4e6 e4e5 f6e7 c3e4 b4a5 e4d6 g7g6 a2a3 a5b6 c1d2 b6c7 d2c2 b7b6 e2f3 f7f6 e5f6 e7f6 f3c6 e6f5 g5e4 f5e4 d6e4 f6e6 d1d7 c7f4 d7a7 a6c7 a7b7 h8c8 b7b6 e6e5 e4c5 c8d8 c5d3 d8d3 c2d3 c7e6 b6b5 e5f6 c6d7 e6g7 c4c5 f4g3 c5c6
Warning; Bestmove does not match beginning of last PV - move e1c1 from SF_2600
Info; info depth 9 seldepth 14 multipv 1 score cp -9 nodes 33187 nps 1276423 hashfull 10 tbhits 0 time 26 pv e2f3 g4f6 g2g3 e5e4 f3e2 f6g4 e1d2 g4e3 d2e3
Position; fen rnbqkbnr/pp1ppppp/2p5/8/4P3/8/PPPP1PPP/RNBQKBNR w KQkq - 0 2
Moves; b1c3 d7d5 d2d4 d5e4 c3e4 c8f5 e4g3 f5g6 g1f3 e7e6 h2h4 h7h6 f1d3 g6d3 d1d3 g8f6 c1d2 b8d7 d3e2 f8e7 c2c4 e8g8 b2b3 e7d6 g3e4 f6e4 e2e4 f8e8 e1f1 a7a5 h1h3 a5a4 a1e1 a4b3 a2b3 e8e7 e4c2 e6e5 d2c3 e5d4 e1e7 d8e7 f3d4 d6e5 c2e4 e7a3 e4e1 a3d6 d4f5 d6f6 c3e5 d7e5 h3e3 e5g4 e3e8 a8e8 e1e8 g8h7 e8e4 f6a1 e4e1 g4h2 f1e2 a1e5 f5e3 h2g4
Warning; Bestmove does not match beginning of last PV - move f2f3 from SF_2700
Info; info depth 12 seldepth 24 multipv 1 score cp 164 nodes 40787 nps 1456678 hashfull 8 tbhits 0 time 28 pv c3a4 c8f5 e3b6 c7b6 a4b6 f8e7 b6a4 e7d8 f2f3 d8c7 g1f2 f7f6 f2e2 g6g5 g2g3 g5g4 f3g4 f5g4 e2e3 g4h3 c4c5
Position; fen rnbqkbnr/pp1ppppp/8/2p5/4P3/8/PPPP1PPP/RNBQKBNR w KQkq - 0 2
Moves; g1f3 d7d6 d2d4 c5d4 d1d4 b8c6 f1b5 c8d7 b5c6 d7c6 b1c3 e7e5 d4d3 d8d7 e1g1 g8f6 a2a4 h7h6 b2b4 b7b6 c1e3 a8c8 b4b5 c6b7 a4a5 d7c7 a5b6 a7b6 a1a7 f8e7 f3h4 g7g6 f1a1 e8f8 h4f3 f8g7 c3d5 f6d5 e4d5 c8a8 h2h4 e7f6 a7a8 h8a8 a1a8 b7a8 c2c4 h6h5 d3a3 a8b7 a3a7 f6d8 f3g5 g7g8 g1h1 g8g7 h1g1 g7g8 g5e4 b7c8 a7c7 d8c7 e4c3 g8f8
Warning; Bestmove does not match beginning of last PV - move d8e7 from SF_2800
Info; info depth 18 seldepth 35 multipv 1 score cp -193 nodes 1125527 nps 682551 hashfull 422 tbhits 0 time 1649 pv e8g8 e1c1 a7a5 a2a4 d8e8 c1b1 a8b8 h2h4 b7b6 f3e1 g6e5 f2f4 e5d7 e1f3
Position; fen rnbqkbnr/pppp1ppp/8/4p3/4P3/8/PPPP1PPP/RNBQKBNR w KQkq - 0 2
Moves; g1f3 b8c6 f1c4 f8e7 d2d4 d7d6 d4e5 c8e6 c4e6 f7e6 e5d6 e7d6 d1e2 g8e7 c1e3 e7g6 g2g3 h7h6 b1d2
Warning; Bestmove does not match beginning of last PV - move g3e5 from SF_2600
Info; info depth 13 seldepth 14 multipv 1 score cp -603 nodes 42417 nps 1368290 hashfull 13 tbhits 0 time 31 pv g7e8 c6c7 e8c7 b5c5 g3d6 c5c4 f6g5 a3a4
Position; fen rnbqkbnr/pp1ppppp/2p5/8/4P3/8/PPPP1PPP/RNBQKBNR w KQkq - 0 2
Moves; d2d4 d8c7 c2c4 e7e5 b1c3 e5d4 d1d4 d7d6 c1f4 b8a6 e1c1 c8e6 g1f3 c7a5 f4d6 e8c8 d4e5 a5e5 d6e5 g8f6 d1d8 c8d8 f1e2 f8b4 h1d1 d8e7 f3g5 e6g4 e5f6 e7f6 f2f4 h7h5 h2h3 g4e6 e4e5 f6e7 c3e4 b4a5 e4d6 g7g6 a2a3 a5b6 c1d2 b6c7 d2c2 b7b6 e2f3 f7f6 e5f6 e7f6 f3c6 e6f5 g5e4 f5e4 d6e4 f6e6 d1d7 c7f4 d7a7 a6c7 a7b7 h8c8 b7b6 e6e5 e4c5 c8d8 c5d3 d8d3 c2d3 c7e6 b6b5 e5f6 c6d7 e6g7 c4c5 f4g3 c5c6 h5h4 d7g4
Finished game 31 (HiveChess vs SF_2600): 1-0 {White wins by adjudication}
Started game 36 of 1000 (SF_2800 vs HiveChess)
Warning; Bestmove does not match beginning of last PV - move c3d1 from SF_2700
Info; info depth 12 seldepth 21 multipv 1 score cp 52 nodes 43755 nps 1458500 hashfull 9 tbhits 0 time 30 pv c3a4 f8e8 g1f2 f5d3 a4b2 d3b1 f2e2 c7d8 b2a4 b1a2
Position; fen rnbqkbnr/pp1ppppp/8/2p5/4P3/8/PPPP1PPP/RNBQKBNR w KQkq - 0 2
Moves; g1f3 d7d6 d2d4 c5d4 d1d4 b8c6 f1b5 c8d7 b5c6 d7c6 b1c3 e7e5 d4d3 d8d7 e1g1 g8f6 a2a4 h7h6 b2b4 b7b6 c1e3 a8c8 b4b5 c6b7 a4a5 d7c7 a5b6 a7b6 a1a7 f8e7 f3h4 g7g6 f1a1 e8f8 h4f3 f8g7 c3d5 f6d5 e4d5 c8a8 h2h4 e7f6 a7a8 h8a8 a1a8 b7a8 c2c4 h6h5 d3a3 a8b7 a3a7 f6d8 f3g5 g7g8 g1h1 g8g7 h1g1 g7g8 g5e4 b7c8 a7c7 d8c7 e4c3 g8f8 f2f3 c8f5
Warning; Bestmove does not match beginning of last PV - move e5c7 from SF_2700
Info; info depth 14 seldepth 22 multipv 1 score cp -686 nodes 78839 nps 1677425 hashfull 28 tbhits 0 time 47 pv f8e8 c5b6 e8d7 e2d3 e5h2 d5d6 h2g1 d3e2 d7c8 e2f1 g1h2 g2g4 c8b7 f1g2
Position; fen rnbqkbnr/pp1ppppp/8/2p5/4P3/8/PPPP1PPP/RNBQKBNR w KQkq - 0 2
Moves; g1f3 e7e6 d2d4 f8e7 d4d5 d7d6 f1b5 c8d7 b5d7 d8d7 e1g1 g8f6 f1e1 e6d5 e4d5 b8a6 c2c4 e8g8 b1c3 f8e8 h2h3 e7f8 e1e8 d7e8 d1b3 e8d7 c1g5 f8e7 a1e1 a8d8 c3b5 b7b6 b3a3 a6c7 a3a7 c7b5 a7d7 d8d7 g5f6 g7f6 c4b5 d7a7 a2a4 g8f8 b2b3 c5c4 b3c4 a7a8 f3d4 h7h5 d4f5 a8a7 g1f1 e7d8 f5d6 f8g7 e1e8 a7d7 d6c8 d8c7 e8e7 d7e7 c8e7 g7f8 e7f5 c7e5 f1e2 h5h4 c4c5
Warning; Bestmove does not match beginning of last PV - move d2d4 from SF_2800
Info; info depth 17 seldepth 31 multipv 1 score cp 42 nodes 1200918 nps 811979 hashfull 376 tbhits 0 time 1479 pv f1b5 a7a6 b5a4 g8f6 e1g1 b7b5 a4b3 c8b7 f1e1 f8c5 c2c3 d7d6 d2d4 c5b6 a2a4
Position; fen rnbqkbnr/pppp1ppp/8/4p3/4P3/8/PPPP1PPP/RNBQKBNR w KQkq - 0 2
Moves; g1f3 b8c6
Warning; Bestmove does not match beginning of last PV - move c7b8 from SF_2700
Info; info depth 15 seldepth 22 multipv 1 score cp -794 nodes 107657 nps 2446750 hashfull 37 tbhits 0 time 44 pv c7d6 f5d6 f8e7 d6c8 e7e6 c8b6 e6e5 c5c6 e5d6 e2d3 d6c7
Position; fen rnbqkbnr/pp1ppppp/8/2p5/4P3/8/PPPP1PPP/RNBQKBNR w KQkq - 0 2
Moves; g1f3 e7e6 d2d4 f8e7 d4d5 d7d6 f1b5 c8d7 b5d7 d8d7 e1g1 g8f6 f1e1 e6d5 e4d5 b8a6 c2c4 e8g8 b1c3 f8e8 h2h3 e7f8 e1e8 d7e8 d1b3 e8d7 c1g5 f8e7 a1e1 a8d8 c3b5 b7b6 b3a3 a6c7 a3a7 c7b5 a7d7 d8d7 g5f6 g7f6 c4b5 d7a7 a2a4 g8f8 b2b3 c5c4 b3c4 a7a8 f3d4 h7h5 d4f5 a8a7 g1f1 e7d8 f5d6 f8g7 e1e8 a7d7 d6c8 d8c7 e8e7 d7e7 c8e7 g7f8 e7f5 c7e5 f1e2 h5h4 c4c5 e5c7 d5d6
Finished game 33 (HiveChess vs SF_2700): 1-0 {White wins by adjudication}
Started game 37 of 1000 (HiveChess vs SF_2900)
Warning; Bestmove does not match beginning of last PV - move f1b5 from SF_2800
Info; info depth 17 seldepth 30 multipv 1 score cp 12 nodes 1335193 nps 782645 hashfull 410 tbhits 0 time 1706 pv f3d4 g8f6 d4c6 b7c6 b1c3 f8b4 f1d3 d7d5 e4d5 e8g8 e1g1 c6d5 d1f3 b4d6 h2h3 c7c6 f1e1 a7a5 c1g5 c8e6
Position; fen rnbqkbnr/pppp1ppp/8/4p3/4P3/8/PPPP1PPP/RNBQKBNR w KQkq - 0 2
Moves; g1f3 b8c6 d2d4 e5d4
Warning; Bestmove does not match beginning of last PV - move d2d3 from SF_2600
Info; info depth 10 seldepth 11 multipv 1 score cp -16 nodes 51765 nps 1056428 hashfull 15 tbhits 0 time 49 pv e2f3 e5h2 d2d4 h2h4 e3g4 h5g4 d4g4 h4d8 f3e2 d8a5
Position; fen rnbqkbnr/pp1ppppp/2p5/8/4P3/8/PPPP1PPP/RNBQKBNR w KQkq - 0 2
Moves; b1c3 d7d5 d2d4 d5e4 c3e4 c8f5 e4g3 f5g6 g1f3 e7e6 h2h4 h7h6 f1d3 g6d3 d1d3 g8f6 c1d2 b8d7 d3e2 f8e7 c2c4 e8g8 b2b3 e7d6 g3e4 f6e4 e2e4 f8e8 e1f1 a7a5 h1h3 a5a4 a1e1 a4b3 a2b3 e8e7 e4c2 e6e5 d2c3 e5d4 e1e7 d8e7 f3d4 d6e5 c2e4 e7a3 e4e1 a3d6 d4f5 d6f6 c3e5 d7e5 h3e3 e5g4 e3e8 a8e8 e1e8 g8h7 e8e4 f6a1 e4e1 g4h2 f1e2 a1e5 f5e3 h2g4 e1c1 g7g6 c1d2 h6h5
Warning; Bestmove does not match beginning of last PV - move b5a4 from SF_2800
Info; info depth 18 seldepth 25 multipv 1 score cp -27 nodes 1094360 nps 801728 hashfull 355 tbhits 0 time 1365 pv b5c4 g8f6 e1g1 f6e4 f1e1 d7d5 c4d5 d8d5 b1c3 d5a5 c3e4 c8e6 e4g5 f8e7 g5e6 f7e6 e1e6 e8c8 d1e2
Position; fen rnbqkbnr/pppp1ppp/8/4p3/4P3/8/PPPP1PPP/RNBQKBNR w KQkq - 0 2
Moves; g1f3 b8c6 d2d4 e5d4 f1b5 a7a6
Warning; Bestmove does not match beginning of last PV - move e3d1 from SF_2600
Info; info depth 11 seldepth 18 multipv 1 score cp -28 nodes 46979 nps 1067704 hashfull 10 tbhits 0 time 44 pv g2g3 g4e3 f2e3 d4d6 e2f2 c6c5 f2f3 h7g7 f3g2 g7f6 c2e4
Position; fen rnbqkbnr/pp1ppppp/2p5/8/4P3/8/PPPP1PPP/RNBQKBNR w KQkq - 0 2
Moves; b1c3 d7d5 d2d4 d5e4 c3e4 c8f5 e4g3 f5g6 g1f3 e7e6 h2h4 h7h6 f1d3 g6d3 d1d3 g8f6 c1d2 b8d7 d3e2 f8e7 c2c4 e8g8 b2b3 e7d6 g3e4 f6e4 e2e4 f8e8 e1f1 a7a5 h1h3 a5a4 a1e1 a4b3 a2b3 e8e7 e4c2 e6e5 d2c3 e5d4 e1e7 d8e7 f3d4 d6e5 c2e4 e7a3 e4e1 a3d6 d4f5 d6f6 c3e5 d7e5 h3e3 e5g4 e3e8 a8e8 e1e8 g8h7 e8e4 f6a1 e4e1 g4h2 f1e2 a1e5 f5e3 h2g4 e1c1 g7g6 c1d2 h6h5 d2d3 e5b2 d3c2 b2d4
Warning; Bestmove does not match beginning of last PV - move c5h5 from SF_2800
Info; info depth 18 seldepth 29 multipv 1 score cp -180 nodes 917463 nps 805498 hashfull 351 tbhits 0 time 1139 pv c5b6 f3d2 c8b8 f2f4 g6e7 c2c3 c6a5 b3a5 b6a5 c1b1 a5b6 h1e1 a7a5 a2a4 e7c8 d2f3
Position; fen rnbqkbnr/pppp1ppp/8/4p3/4P3/8/PPPP1PPP/RNBQKBNR w KQkq - 0 2
Moves; g1f3 b8c6 f1c4 f8e7 d2d4 d7d6 d4e5 c8e6 c4e6 f7e6 e5d6 e7d6 d1e2 g8e7 c1e3 e7g6 g2g3 h7h6 b1d2 d8e7 h2h4 e8c8 e1c1 d6c5 e3c5 e7c5 d2b3
Warning; Bestmove does not match beginning of last PV - move a7a6 from SF_2900
Info; info depth 16 seldepth 29 multipv 1 score cp -76 nodes 606867 nps 708129 hashfull 218 tbhits 0 time 857 pv d7d6 b1c3 g8f6 c1e3 e8g8 d1d2 d6d5 e4d5 f6d5 e3h6 d5c3 h6g7 g8g7 d2c3 d8d6 e1c1
Position; fen rnbqkbnr/pppppp1p/6p1/8/4P3/8/PPPP1PPP/RNBQKBNR w KQkq - 0 2
Moves; d2d4 f8g7 g1f3
Warning; Bestmove does not match beginning of last PV - move d1e3 from SF_2600
Info; info depth 10 seldepth 15 multipv 1 score cp -48 nodes 32158 nps 1071933 hashfull 9 tbhits 0 time 30 pv e2f1 e5f6 g2g3 g4e5
Position; fen rnbqkbnr/pp1ppppp/2p5/8/4P3/8/PPPP1PPP/RNBQKBNR w KQkq - 0 2
Moves; b1c3 d7d5 d2d4 d5e4 c3e4 c8f5 e4g3 f5g6 g1f3 e7e6 h2h4 h7h6 f1d3 g6d3 d1d3 g8f6 c1d2 b8d7 d3e2 f8e7 c2c4 e8g8 b2b3 e7d6 g3e4 f6e4 e2e4 f8e8 e1f1 a7a5 h1h3 a5a4 a1e1 a4b3 a2b3 e8e7 e4c2 e6e5 d2c3 e5d4 e1e7 d8e7 f3d4 d6e5 c2e4 e7a3 e4e1 a3d6 d4f5 d6f6 c3e5 d7e5 h3e3 e5g4 e3e8 a8e8 e1e8 g8h7 e8e4 f6a1 e4e1 g4h2 f1e2 a1e5 f5e3 h2g4 e1c1 g7g6 c1d2 h6h5 d2d3 e5b2 d3c2 b2d4 e3d1 d4e5
Warning; Bestmove does not match beginning of last PV - move g5c1 from SF_2700
Info; info depth 10 seldepth 21 multipv 1 score cp -23 nodes 53360 nps 1270476 hashfull 11 tbhits 0 time 42 pv g5e3 g6g5 g1f2 g5h4 f2e2 f6f5 e2d2 c2b1 b2a4 e5e4 f3f4
Position; fen rnbqkbnr/pp1ppppp/8/2p5/4P3/8/PPPP1PPP/RNBQKBNR w KQkq - 0 2
Moves; g1f3 d7d6 d2d4 c5d4 d1d4 b8c6 f1b5 c8d7 b5c6 d7c6 b1c3 e7e5 d4d3 d8d7 e1g1 g8f6 a2a4 h7h6 b2b4 b7b6 c1e3 a8c8 b4b5 c6b7 a4a5 d7c7 a5b6 a7b6 a1a7 f8e7 f3h4 g7g6 f1a1 e8f8 h4f3 f8g7 c3d5 f6d5 e4d5 c8a8 h2h4 e7f6 a7a8 h8a8 a1a8 b7a8 c2c4 h6h5 d3a3 a8b7 a3a7 f6d8 f3g5 g7g8 g1h1 g8g7 h1g1 g7g8 g5e4 b7c8 a7c7 d8c7 e4c3 g8f8 f2f3 c8f5 c3d1 f5c2 d1b2 c7d8 e3h6 f8e8 h6g5 f7f6
Warning; Bestmove does not match beginning of last PV - move e1g1 from SF_2800
Info; info depth 16 seldepth 31 multipv 1 score cp -47 nodes 793695 nps 820780 hashfull 273 tbhits 0 time 967 pv b1c3 d7d6 c3d5 b7b5 a4b3 g8e7 e1g1 e8g8 c1g5 h7h6 d5f6 g8h8 g5h6 e7g6 h6c1 g7f6 b3d5 c8d7 f3h4 g6h4
Position; fen rnbqkbnr/pppp1ppp/8/4p3/4P3/8/PPPP1PPP/RNBQKBNR w KQkq - 0 2
Moves; g1f3 b8c6 d2d4 e5d4 f1b5 a7a6 b5a4 f8c5 c2c3 d4c3
Warning; Bestmove does not match beginning of last PV - move d8d6 from SF_2800
Info; info depth 19 seldepth 32 multipv 1 score cp -171 nodes 752337 nps 875828 hashfull 285 tbhits 0 time 859 pv g6e5 f3e5 h5e2 d4e2 c6e5 d1d8 h8d8 h1d1 d8e8 f2f4 e5g4 e4e5 g4f2 d1d4 c7c5 d4c4 b7b6 c1d2 e8d8 d2e1
Position; fen rnbqkbnr/pppp1ppp/8/4p3/4P3/8/PPPP1PPP/RNBQKBNR w KQkq - 0 2
Moves; g1f3 b8c6 f1c4 f8e7 d2d4 d7d6 d4e5 c8e6 c4e6 f7e6 e5d6 e7d6 d1e2 g8e7 c1e3 e7g6 g2g3 h7h6 b1d2 d8e7 h2h4 e8c8 e1c1 d6c5 e3c5 e7c5 d2b3 c5h5 b3d4
Warning; Bestmove does not match beginning of last PV - move b8c6 from SF_2900
Info; info depth 15 seldepth 24 multipv 1 score cp -69 nodes 551947 nps 719617 hashfull 198 tbhits 0 time 767 pv d7d6 c1e3 c7c5 c2c3 b8d7 h2h3 g8f6 e1g1 e8g8 f1e1 b7b5 b1d2 c8b7
Position; fen rnbqkbnr/pppppp1p/6p1/8/4P3/8/PPPP1PPP/RNBQKBNR w KQkq - 0 2
Moves; d2d4 f8g7 g1f3 a7a6 f1d3
Warning; Bestmove does not match beginning of last PV - move c1e3 from SF_2700
Info; info depth 10 seldepth 10 multipv 1 score cp -57 nodes 33769 nps 1206035 hashfull 10 tbhits 0 time 28 pv g2g3 g5h4 g3h4 e8f7 c1e3 f6f5 e3g5 d8g5 h4g5
Position; fen rnbqkbnr/pp1ppppp/8/2p5/4P3/8/PPPP1PPP/RNBQKBNR w KQkq - 0 2
Moves; g1f3 d7d6 d2d4 c5d4 d1d4 b8c6 f1b5 c8d7 b5c6 d7c6 b1c3 e7e5 d4d3 d8d7 e1g1 g8f6 a2a4 h7h6 b2b4 b7b6 c1e3 a8c8 b4b5 c6b7 a4a5 d7c7 a5b6 a7b6 a1a7 f8e7 f3h4 g7g6 f1a1 e8f8 h4f3 f8g7 c3d5 f6d5 e4d5 c8a8 h2h4 e7f6 a7a8 h8a8 a1a8 b7a8 c2c4 h6h5 d3a3 a8b7 a3a7 f6d8 f3g5 g7g8 g1h1 g8g7 h1g1 g7g8 g5e4 b7c8 a7c7 d8c7 e4c3 g8f8 f2f3 c8f5 c3d1 f5c2 d1b2 c7d8 e3h6 f8e8 h6g5 f7f6 g5c1 g6g5
Warning; Bestmove does not match beginning of last PV - move g2g3 from SF_2600
Info; info depth 12 seldepth 24 multipv 1 score cp -266 nodes 36845 nps 1083676 hashfull 12 tbhits 0 time 34 pv e2d3 g4e3 f2e3 e5e4 d3c3 e4e3 c3b4 e3e7 c4c5 e7h4 b4a5 h4h2
Position; fen rnbqkbnr/pp1ppppp/2p5/8/4P3/8/PPPP1PPP/RNBQKBNR w KQkq - 0 2
Moves; b1c3 d7d5 d2d4 d5e4 c3e4 c8f5 e4g3 f5g6 g1f3 e7e6 h2h4 h7h6 f1d3 g6d3 d1d3 g8f6 c1d2 b8d7 d3e2 f8e7 c2c4 e8g8 b2b3 e7d6 g3e4 f6e4 e2e4 f8e8 e1f1 a7a5 h1h3 a5a4 a1e1 a4b3 a2b3 e8e7 e4c2 e6e5 d2c3 e5d4 e1e7 d8e7 f3d4 d6e5 c2e4 e7a3 e4e1 a3d6 d4f5 d6f6 c3e5 d7e5 h3e3 e5g4 e3e8 a8e8 e1e8 g8h7 e8e4 f6a1 e4e1 g4h2 f1e2 a1e5 f5e3 h2g4 e1c1 g7g6 c1d2 h6h5 d2d3 e5b2 d3c2 b2d4 e3d1 d4e5 d1e3 f7f5
Warning; Bestmove does not match beginning of last PV - move f3g5 from SF_2800
Info; info depth 18 seldepth 41 multipv 1 score cp -72 nodes 1638507 nps 779870 hashfull 535 tbhits 0 time 2101 pv b1c3 d7d6 c3d5 e8g8 c1g5 f7f6 g5e3 g8h8 a1c1 c5e3 d5e3 b7b5 a4b3 c6e5 f3d4 c7c5 d4e6 c8e6 b3e6 e5c6 e3f5 e7f5 e4f5 c6d4 f1e1 d8a5 e1e4
Position; fen rnbqkbnr/pppp1ppp/8/4p3/4P3/8/PPPP1PPP/RNBQKBNR w KQkq - 0 2
Moves; g1f3 b8c6 d2d4 e5d4 f1b5 a7a6 b5a4 f8c5 c2c3 d4c3 e1g1 g8e7
Warning; Bestmove does not match beginning of last PV - move d1h5 from SF_2800
Info; info depth 16 seldepth 33 multipv 1 score cp -32 nodes 732470 nps 824853 hashfull 237 tbhits 0 time 888 pv b1c3 h7h6 d1h5 g7g6 h5h4 e7c6 c3d5 b7b5 a4d1 d7d6 g1h1 c5d4 h4g3 h6g5 c1g5
Position; fen rnbqkbnr/pppp1ppp/8/4p3/4P3/8/PPPP1PPP/RNBQKBNR w KQkq - 0 2
Moves; g1f3 b8c6 d2d4 e5d4 f1b5 a7a6 b5a4 f8c5 c2c3 d4c3 e1g1 g8e7 f3g5 c6e5
Warning; Bestmove does not match beginning of last PV - move e6e5 from SF_2800
Info; info depth 16 seldepth 30 multipv 1 score cp -207 nodes 330539 nps 830500 hashfull 114 tbhits 0 time 398 pv h8f8 f3d4 h5e2 e1e2 c6a6 a2a3 c7c5 d4b5 g6e5 f2f4 e5c4 d1d3 a6b6 d3c3 b6b5 c3c4 g7g5 a3a4 b5a5 f4g5 h6g5 b2b4 a5a4
Position; fen rnbqkbnr/pppp1ppp/8/4p3/4P3/8/PPPP1PPP/RNBQKBNR w KQkq - 0 2
Moves; g1f3 b8c6 f1c4 f8e7 d2d4 d7d6 d4e5 c8e6 c4e6 f7e6 e5d6 e7d6 d1e2 g8e7 c1e3 e7g6 g2g3 h7h6 b1d2 d8e7 h2h4 e8c8 e1c1 d6c5 e3c5 e7c5 d2b3 c5h5 b3d4 d8d6 d4c6 d6c6 h1e1
Warning; Bestmove does not match beginning of last PV - move f3f4 from SF_2700
Info; info depth 11 seldepth 20 multipv 1 score cp -78 nodes 55765 nps 1093431 hashfull 16 tbhits 0 time 51 pv g1f1 f6f5 f1e2 f5f4 e3f2 e8d7 e2d2 c2f5
Position; fen rnbqkbnr/pp1ppppp/8/2p5/4P3/8/PPPP1PPP/RNBQKBNR w KQkq - 0 2
Moves; g1f3 d7d6 d2d4 c5d4 d1d4 b8c6 f1b5 c8d7 b5c6 d7c6 b1c3 e7e5 d4d3 d8d7 e1g1 g8f6 a2a4 h7h6 b2b4 b7b6 c1e3 a8c8 b4b5 c6b7 a4a5 d7c7 a5b6 a7b6 a1a7 f8e7 f3h4 g7g6 f1a1 e8f8 h4f3 f8g7 c3d5 f6d5 e4d5 c8a8 h2h4 e7f6 a7a8 h8a8 a1a8 b7a8 c2c4 h6h5 d3a3 a8b7 a3a7 f6d8 f3g5 g7g8 g1h1 g8g7 h1g1 g7g8 g5e4 b7c8 a7c7 d8c7 e4c3 g8f8 f2f3 c8f5 c3d1 f5c2 d1b2 c7d8 e3h6 f8e8 h6g5 f7f6 g5c1 g6g5 c1e3 g5h4
Warning; Bestmove does not match beginning of last PV - move c6a6 from SF_2800
Info; info depth 16 seldepth 41 multipv 1 score cp -226 nodes 792639 nps 843232 hashfull 305 tbhits 0 time 940 pv c6e6 e1d1 g6e7 d5d7 e7c6 d7g7 e6f6 g3g4 h5e8 f3e1 h8g8 g4g5 h6g5 e2g4 c8b8 g4d7 e8c8 h4h5 g8g7 d7g7 c8f8 d1d7 f6f2 g7f8 f2f8
Position; fen rnbqkbnr/pppp1ppp/8/4p3/4P3/8/PPPP1PPP/RNBQKBNR w KQkq - 0 2
Moves; g1f3 b8c6 f1c4 f8e7 d2d4 d7d6 d4e5 c8e6 c4e6 f7e6 e5d6 e7d6 d1e2 g8e7 c1e3 e7g6 g2g3 h7h6 b1d2 d8e7 h2h4 e8c8 e1c1 d6c5 e3c5 e7c5 d2b3 c5h5 b3d4 d8d6 d4c6 d6c6 h1e1 e6e5 d1d5
Warning; Bestmove does not match beginning of last PV - move g5f7 from SF_2800
Info; info depth 16 seldepth 38 multipv 1 score cp -68 nodes 1598273 nps 798338 hashfull 498 tbhits 0 time 2002 pv g5f3 e5f3 h5f3 e8g8 c1e3 d7d6 f3g3 b7b5 a4b3 c5e3 g3e3 a6a5 f2f4 b5b4 c3d5 a5a4 b3c2 c8a6
Position; fen rnbqkbnr/pppp1ppp/8/4p3/4P3/8/PPPP1PPP/RNBQKBNR w KQkq - 0 2
Moves; g1f3 b8c6 d2d4 e5d4 f1b5 a7a6 b5a4 f8c5 c2c3 d4c3 e1g1 g8e7 f3g5 c6e5 d1h5 e7g6 b1c3 h7h6
Warning; Bestmove does not match beginning of last PV - move g8f6 from SF_2900
Info; info depth 19 seldepth 29 multipv 1 score cp -89 nodes 1218867 nps 650756 hashfull 417 tbhits 0 time 1873 pv c7c6 b1c3 d7d6 c1g5 g8f6 e1g1 e8g8 a2a3 f8e8 d1d2 f6d7 a1c1 a6a5 d3c2 d8b6 c3a4
Position; fen rnbqkbnr/pppppp1p/6p1/8/4P3/8/PPPP1PPP/RNBQKBNR w KQkq - 0 2
Moves; d2d4 f8g7 g1f3 a7a6 f1d3 b8c6 d4d5 c6e5 f3e5 g7e5 h2h3 e5g7 c2c4
Warning; Bestmove does not match beginning of last PV - move c2d2 from SF_2600
Info; info depth 20 seldepth 64 multipv 1 score cp -425 nodes 6280280 nps 1197384 hashfull 936 tbhits 0 time 5245 pv c2c3 g3h4 c3b4 h4h2 e2f3 h2c7 e3e4 f5e4 f3e4 c7d7 b4f8 h5h4 f8f6 h4h3 e4f3 d7d1 f3f2
Position; fen rnbqkbnr/pp1ppppp/2p5/8/4P3/8/PPPP1PPP/RNBQKBNR w KQkq - 0 2
Moves; b1c3 d7d5 d2d4 d5e4 c3e4 c8f5 e4g3 f5g6 g1f3 e7e6 h2h4 h7h6 f1d3 g6d3 d1d3 g8f6 c1d2 b8d7 d3e2 f8e7 c2c4 e8g8 b2b3 e7d6 g3e4 f6e4 e2e4 f8e8 e1f1 a7a5 h1h3 a5a4 a1e1 a4b3 a2b3 e8e7 e4c2 e6e5 d2c3 e5d4 e1e7 d8e7 f3d4 d6e5 c2e4 e7a3 e4e1 a3d6 d4f5 d6f6 c3e5 d7e5 h3e3 e5g4 e3e8 a8e8 e1e8 g8h7 e8e4 f6a1 e4e1 g4h2 f1e2 a1e5 f5e3 h2g4 e1c1 g7g6 c1d2 h6h5 d2d3 e5b2 d3c2 b2d4 e3d1 d4e5 d1e3 f7f5 g2g3 g4e3 f2e3 e5g3
Warning; Bestmove does not match beginning of last PV - move e3d2 from SF_2700
Info; info depth 20 seldepth 46 multipv 1 score cp -124 nodes 1241587 nps 1086252 hashfull 333 tbhits 0 time 1143 pv h2h3 g6f5 h3h4 e5f4 e3d4 f5g6 h4h3 g6h6 d4c3 h6g5 c3b4 c2f5 h3h2 d8c7 b4c3 f5e4 c3d4 e4c2 h2h3 g5f5 d4g1
Position; fen rnbqkbnr/pp1ppppp/8/2p5/4P3/8/PPPP1PPP/RNBQKBNR w KQkq - 0 2
Moves; g1f3 d7d6 d2d4 c5d4 d1d4 b8c6 f1b5 c8d7 b5c6 d7c6 b1c3 e7e5 d4d3 d8d7 e1g1 g8f6 a2a4 h7h6 b2b4 b7b6 c1e3 a8c8 b4b5 c6b7 a4a5 d7c7 a5b6 a7b6 a1a7 f8e7 f3h4 g7g6 f1a1 e8f8 h4f3 f8g7 c3d5 f6d5 e4d5 c8a8 h2h4 e7f6 a7a8 h8a8 a1a8 b7a8 c2c4 h6h5 d3a3 a8b7 a3a7 f6d8 f3g5 g7g8 g1h1 g8g7 h1g1 g7g8 g5e4 b7c8 a7c7 d8c7 e4c3 g8f8 f2f3 c8f5 c3d1 f5c2 d1b2 c7d8 e3h6 f8e8 h6g5 f7f6 g5c1 g6g5 c1e3 g5h4 f3f4 e8f7 g1h2 f7g6
Warning; Bestmove does not match beginning of last PV - move a6a5 from SF_2800
Info; info depth 15 seldepth 30 multipv 1 score cp -258 nodes 196115 nps 820564 hashfull 79 tbhits 0 time 239 pv a6a2 c2c3 a2a6 c1c2 a6e6 f2f4 h8e8 e5f3 c7c5 f3e5 g7g5 e2f2 g5f4 g3f4
Position; fen rnbqkbnr/pppp1ppp/8/4p3/4P3/8/PPPP1PPP/RNBQKBNR w KQkq - 0 2
Moves; g1f3 b8c6 f1c4 f8e7 d2d4 d7d6 d4e5 c8e6 c4e6 f7e6 e5d6 e7d6 d1e2 g8e7 c1e3 e7g6 g2g3 h7h6 b1d2 d8e7 h2h4 e8c8 e1c1 d6c5 e3c5 e7c5 d2b3 c5h5 b3d4 d8d6 d4c6 d6c6 h1e1 e6e5 d1d5 c6a6 f3e5 h5e2 e1e2 g6e7 d5d1
Warning; Bestmove does not match beginning of last PV - move f7f6 from SF_2900
Info; info depth 16 seldepth 31 multipv 1 score cp -77 nodes 463740 nps 646778 hashfull 156 tbhits 0 time 717 pv d7d6 e5d6 c7d6 b1c3 g8f6 e1g1 e8g8 f1e1 e7e6 d5e6 c8e6 d1f3 d8b6 b2b3 e6d7 a1d1 d7c6 c3e4 f6h5 f4d6 f7f5 d6f8 a8f8 f3e3 g7d4 c4c5 d4e3 c5b6 f5e4
Position; fen rnbqkbnr/pppppp1p/6p1/8/4P3/8/PPPP1PPP/RNBQKBNR w KQkq - 0 2
Moves; d2d4 f8g7 g1f3 a7a6 f1d3 b8c6 d4d5 c6e5 f3e5 g7e5 h2h3 e5g7 c2c4 g8f6 e4e5 f6g8 c1f4
Warning; Bestmove does not match beginning of last PV - move e8f7 from SF_2900
Info; info depth 16 seldepth 25 multipv 1 score cp -98 nodes 444780 nps 637220 hashfull 167 tbhits 0 time 698 pv f6e5 f4e5 g7e5 e2e5 g8f6 e5e3 e8g8 b1c3 d7d6 e1g1 f8f7 f2f4 c7c6 f4f5 g6f5 d3f5 c6d5 c4d5 f7g7 c3e4
Position; fen rnbqkbnr/pppppp1p/6p1/8/4P3/8/PPPP1PPP/RNBQKBNR w KQkq - 0 2
Moves; d2d4 f8g7 g1f3 a7a6 f1d3 b8c6 d4d5 c6e5 f3e5 g7e5 h2h3 e5g7 c2c4 g8f6 e4e5 f6g8 c1f4 f7f6 d1e2
Warning; Bestmove does not match beginning of last PV - move d3c3 from SF_2600
Info; info depth 18 seldepth 40 multipv 1 score cp -461 nodes 2418400 nps 1133270 hashfull 629 tbhits 0 time 2134 pv d3c2 h4e7 b3b4 e7e6 c2c3 h5h4 b4b5 c6b5 d2d5 e6e7 c4c5 h4h3 d5d6 e7e3 c3b4 f5f4 d6d7 h7h6 d7g4 h3h2 g4h4 h6g7
Position; fen rnbqkbnr/pp1ppppp/2p5/8/4P3/8/PPPP1PPP/RNBQKBNR w KQkq - 0 2
Moves; b1c3 d7d5 d2d4 d5e4 c3e4 c8f5 e4g3 f5g6 g1f3 e7e6 h2h4 h7h6 f1d3 g6d3 d1d3 g8f6 c1d2 b8d7 d3e2 f8e7 c2c4 e8g8 b2b3 e7d6 g3e4 f6e4 e2e4 f8e8 e1f1 a7a5 h1h3 a5a4 a1e1 a4b3 a2b3 e8e7 e4c2 e6e5 d2c3 e5d4 e1e7 d8e7 f3d4 d6e5 c2e4 e7a3 e4e1 a3d6 d4f5 d6f6 c3e5 d7e5 h3e3 e5g4 e3e8 a8e8 e1e8 g8h7 e8e4 f6a1 e4e1 g4h2 f1e2 a1e5 f5e3 h2g4 e1c1 g7g6 c1d2 h6h5 d2d3 e5b2 d3c2 b2d4 e3d1 d4e5 d1e3 f7f5 g2g3 g4e3 f2e3 e5g3 c2d2 g3h2 e2d3 h2h4
Warning; Bestmove does not match beginning of last PV - move a2a6 from SF_2800
Info; info depth 15 seldepth 23 multipv 1 score cp -256 nodes 207292 nps 800355 hashfull 83 tbhits 0 time 259 pv a2a1 c1d2 a1a2 d2c3 a2a6 b2b3 h8e8 g3g4 e7g6 e5g6 a6g6
Position; fen rnbqkbnr/pppp1ppp/8/4p3/4P3/8/PPPP1PPP/RNBQKBNR w KQkq - 0 2
Moves; g1f3 b8c6 f1c4 f8e7 d2d4 d7d6 d4e5 c8e6 c4e6 f7e6 e5d6 e7d6 d1e2 g8e7 c1e3 e7g6 g2g3 h7h6 b1d2 d8e7 h2h4 e8c8 e1c1 d6c5 e3c5 e7c5 d2b3 c5h5 b3d4 d8d6 d4c6 d6c6 h1e1 e6e5 d1d5 c6a6 f3e5 h5e2 e1e2 g6e7 d5d1 a6a5 f2f4 a5a2 d1e1
Warning; Bestmove does not match beginning of last PV - move h8e8 from SF_2800
Info; info depth 16 seldepth 29 multipv 1 score cp -269 nodes 350008 nps 829402 hashfull 147 tbhits 0 time 422 pv h6h5 d2e3 a6a2 e1b1 a7a5 e2d2 h8e8 d2d4 b7b6 e3f3 a5a4
Position; fen rnbqkbnr/pppp1ppp/8/4p3/4P3/8/PPPP1PPP/RNBQKBNR w KQkq - 0 2
Moves; g1f3 b8c6 f1c4 f8e7 d2d4 d7d6 d4e5 c8e6 c4e6 f7e6 e5d6 e7d6 d1e2 g8e7 c1e3 e7g6 g2g3 h7h6 b1d2 d8e7 h2h4 e8c8 e1c1 d6c5 e3c5 e7c5 d2b3 c5h5 b3d4 d8d6 d4c6 d6c6 h1e1 e6e5 d1d5 c6a6 f3e5 h5e2 e1e2 g6e7 d5d1 a6a5 f2f4 a5a2 d1e1 a2a6 c1d2
Warning; Bestmove does not match beginning of last PV - move h3h4 from SF_2700
Info; info depth 20 seldepth 46 multipv 1 score cp -220 nodes 3222287 nps 1032784 hashfull 747 tbhits 0 time 3120 pv b4c3 e5e4 h3h4 e4e3 c3b4 d8c7 h4h5 c2e4 b2d1 e3d4 h5g4 d4c4 g4f4 e4g6 b4e1 c4b5 e1c3 c7d8 c3a1 b5c5
Position; fen rnbqkbnr/pp1ppppp/8/2p5/4P3/8/PPPP1PPP/RNBQKBNR w KQkq - 0 2
Moves; g1f3 d7d6 d2d4 c5d4 d1d4 b8c6 f1b5 c8d7 b5c6 d7c6 b1c3 e7e5 d4d3 d8d7 e1g1 g8f6 a2a4 h7h6 b2b4 b7b6 c1e3 a8c8 b4b5 c6b7 a4a5 d7c7 a5b6 a7b6 a1a7 f8e7 f3h4 g7g6 f1a1 e8f8 h4f3 f8g7 c3d5 f6d5 e4d5 c8a8 h2h4 e7f6 a7a8 h8a8 a1a8 b7a8 c2c4 h6h5 d3a3 a8b7 a3a7 f6d8 f3g5 g7g8 g1h1 g8g7 h1g1 g7g8 g5e4 b7c8 a7c7 d8c7 e4c3 g8f8 f2f3 c8f5 c3d1 f5c2 d1b2 c7d8 e3h6 f8e8 h6g5 f7f6 g5c1 g6g5 c1e3 g5h4 f3f4 e8f7 g1h2 f7g6 e3d2 g6f5 h2h3 e5f4 d2b4 f5e5
Warning; Bestmove does not match beginning of last PV - move c3b3 from SF_2600
Info; info depth 20 seldepth 39 multipv 1 score cp -505 nodes 3100022 nps 1240505 hashfull 687 tbhits 0 time 2499 pv d2e1 e7e5 c3d2 g6g5 e1h1 e5b2 d2d3 b2b3 d3d4 b3b4 e3e4 b4d6 d4c3 d6e5 c3b3 e5e4 h1d1
Position; fen rnbqkbnr/pp1ppppp/2p5/8/4P3/8/PPPP1PPP/RNBQKBNR w KQkq - 0 2
Moves; b1c3 d7d5 d2d4 d5e4 c3e4 c8f5 e4g3 f5g6 g1f3 e7e6 h2h4 h7h6 f1d3 g6d3 d1d3 g8f6 c1d2 b8d7 d3e2 f8e7 c2c4 e8g8 b2b3 e7d6 g3e4 f6e4 e2e4 f8e8 e1f1 a7a5 h1h3 a5a4 a1e1 a4b3 a2b3 e8e7 e4c2 e6e5 d2c3 e5d4 e1e7 d8e7 f3d4 d6e5 c2e4 e7a3 e4e1 a3d6 d4f5 d6f6 c3e5 d7e5 h3e3 e5g4 e3e8 a8e8 e1e8 g8h7 e8e4 f6a1 e4e1 g4h2 f1e2 a1e5 f5e3 h2g4 e1c1 g7g6 c1d2 h6h5 d2d3 e5b2 d3c2 b2d4 e3d1 d4e5 d1e3 f7f5 g2g3 g4e3 f2e3 e5g3 c2d2 g3h2 e2d3 h2h4 d3c3 h4e7 b3b4 h5h4
Warning; Bestmove does not match beginning of last PV - move h8f8 from SF_2900
Info; info depth 15 seldepth 28 multipv 1 score cp -132 nodes 361745 nps 645973 hashfull 127 tbhits 0 time 560 pv h8e8 f4g5 f7g8 a1e1 c8d7 f2f4 e8f8 f4f5 g6f5 d3f5 d7f5 f1f5 d8e8 e2e6 e8f7
Position; fen rnbqkbnr/pppppp1p/6p1/8/4P3/8/PPPP1PPP/RNBQKBNR w KQkq - 0 2
Moves; d2d4 f8g7 g1f3 a7a6 f1d3 b8c6 d4d5 c6e5 f3e5 g7e5 h2h3 e5g7 c2c4 g8f6 e4e5 f6g8 c1f4 f7f6 d1e2 e8f7 b1c3 f6e5 f4e5 g8f6 e1g1 d7d6 e5f4
Warning; Bestmove does not match beginning of last PV - move h4h5 from SF_2700
Info; info depth 18 seldepth 40 multipv 1 score cp -196 nodes 509212 nps 1016391 hashfull 155 tbhits 0 time 501 pv b4c3 e5f5 h4h5 e4g2 c3d4 g2f1 h5h6 f5e4 d4f2 e4f3 f2d4 f3e2 b2a4 f4f3 a4b6 f3f2 h6g6 f1h3 d4f2 e2f2 c4c5 d6c5 b6a4 c5c4 d5d6 f2e3 b5b6 h3c8 d6d7 c8d7 b6b7 d8c7 a4b6 d7c6
Position; fen rnbqkbnr/pp1ppppp/8/2p5/4P3/8/PPPP1PPP/RNBQKBNR w KQkq - 0 2
Moves; g1f3 d7d6 d2d4 c5d4 d1d4 b8c6 f1b5 c8d7 b5c6 d7c6 b1c3 e7e5 d4d3 d8d7 e1g1 g8f6 a2a4 h7h6 b2b4 b7b6 c1e3 a8c8 b4b5 c6b7 a4a5 d7c7 a5b6 a7b6 a1a7 f8e7 f3h4 g7g6 f1a1 e8f8 h4f3 f8g7 c3d5 f6d5 e4d5 c8a8 h2h4 e7f6 a7a8 h8a8 a1a8 b7a8 c2c4 h6h5 d3a3 a8b7 a3a7 f6d8 f3g5 g7g8 g1h1 g8g7 h1g1 g7g8 g5e4 b7c8 a7c7 d8c7 e4c3 g8f8 f2f3 c8f5 c3d1 f5c2 d1b2 c7d8 e3h6 f8e8 h6g5 f7f6 g5c1 g6g5 c1e3 g5h4 f3f4 e8f7 g1h2 f7g6 e3d2 g6f5 h2h3 e5f4 d2b4 f5e5 h3h4 c2e4
Warning; Bestmove does not match beginning of last PV - move a7a5 from SF_2800
Info; info depth 14 seldepth 23 multipv 1 score cp -263 nodes 79774 nps 906522 hashfull 23 tbhits 0 time 88 pv b7b6 h4h5 a7a5 e5g6 e7c6 e4e5 a5a4 e3e4 c6a5 e4f5 a5c4 e5e6 c4d6 f5g4
Position; fen rnbqkbnr/pppp1ppp/8/4p3/4P3/8/PPPP1PPP/RNBQKBNR w KQkq - 0 2
Moves; g1f3 b8c6 f1c4 f8e7 d2d4 d7d6 d4e5 c8e6 c4e6 f7e6 e5d6 e7d6 d1e2 g8e7 c1e3 e7g6 g2g3 h7h6 b1d2 d8e7 h2h4 e8c8 e1c1 d6c5 e3c5 e7c5 d2b3 c5h5 b3d4 d8d6 d4c6 d6c6 h1e1 e6e5 d1d5 c6a6 f3e5 h5e2 e1e2 g6e7 d5d1 a6a5 f2f4 a5a2 d1e1 a2a6 c1d2 h8e8 d2e3 a6a2 c2c3
Warning; Bestmove does not match beginning of last PV - move f8e8 from SF_2900
Info; info depth 16 seldepth 24 multipv 1 score cp -117 nodes 559051 nps 621167 hashfull 217 tbhits 0 time 900 pv f7g8 e2e3 f8f7 f4g5 d8f8 c4c5 c8d7 a1d1 a8e8 c5c6 b7c6
Position; fen rnbqkbnr/pppppp1p/6p1/8/4P3/8/PPPP1PPP/RNBQKBNR w KQkq - 0 2
Moves; d2d4 f8g7 g1f3 a7a6 f1d3 b8c6 d4d5 c6e5 f3e5 g7e5 h2h3 e5g7 c2c4 g8f6 e4e5 f6g8 c1f4 f7f6 d1e2 e8f7 b1c3 f6e5 f4e5 g8f6 e1g1 d7d6 e5f4 h8f8 f1e1
Warning; Bestmove does not match beginning of last PV - move b7b5 from SF_2800
Info; info depth 16 seldepth 31 multipv 1 score cp -270 nodes 269791 nps 890399 hashfull 100 tbhits 0 time 303 pv a5a4 g3g4 b7b5 f4f5 e8d8 g4g5 h6g5 h4g5 c7c5 e1h1 d8e8 f5f6 g7f6 g5f6 e8f8 f6f7 c8c7 h1h6 a4a3 b2a3 a2a3 e2d2 a3c3 f3f4
Position; fen rnbqkbnr/pppp1ppp/8/4p3/4P3/8/PPPP1PPP/RNBQKBNR w KQkq - 0 2
Moves; g1f3 b8c6 f1c4 f8e7 d2d4 d7d6 d4e5 c8e6 c4e6 f7e6 e5d6 e7d6 d1e2 g8e7 c1e3 e7g6 g2g3 h7h6 b1d2 d8e7 h2h4 e8c8 e1c1 d6c5 e3c5 e7c5 d2b3 c5h5 b3d4 d8d6 d4c6 d6c6 h1e1 e6e5 d1d5 c6a6 f3e5 h5e2 e1e2 g6e7 d5d1 a6a5 f2f4 a5a2 d1e1 a2a6 c1d2 h8e8 d2e3 a6a2 c2c3 a7a5 e3f3
Warning; Bestmove does not match beginning of last PV - move d2h2 from SF_2600
Info; info depth 16 seldepth 34 multipv 1 score cp -523 nodes 1498806 nps 1310145 hashfull 400 tbhits 0 time 1144 pv b3a4 h4h3 d2b2 e7e8 e3e4 f5e4 b2h2 e8e6 h2c2 e6e5 c2b1 h3h2 a4a5 e5c7 a5a4 c7e7 b4b5 g6h6 b1h1 e7e5 a4a5 e4e3 a5b6
Position; fen rnbqkbnr/pp1ppppp/2p5/8/4P3/8/PPPP1PPP/RNBQKBNR w KQkq - 0 2
Moves; b1c3 d7d5 d2d4 d5e4 c3e4 c8f5 e4g3 f5g6 g1f3 e7e6 h2h4 h7h6 f1d3 g6d3 d1d3 g8f6 c1d2 b8d7 d3e2 f8e7 c2c4 e8g8 b2b3 e7d6 g3e4 f6e4 e2e4 f8e8 e1f1 a7a5 h1h3 a5a4 a1e1 a4b3 a2b3 e8e7 e4c2 e6e5 d2c3 e5d4 e1e7 d8e7 f3d4 d6e5 c2e4 e7a3 e4e1 a3d6 d4f5 d6f6 c3e5 d7e5 h3e3 e5g4 e3e8 a8e8 e1e8 g8h7 e8e4 f6a1 e4e1 g4h2 f1e2 a1e5 f5e3 h2g4 e1c1 g7g6 c1d2 h6h5 d2d3 e5b2 d3c2 b2d4 e3d1 d4e5 d1e3 f7f5 g2g3 g4e3 f2e3 e5g3 c2d2 g3h2 e2d3 h2h4 d3c3 h4e7 b3b4 h5h4 c3b3 g6g5 c4c5 h7g6
Warning; Bestmove does not match beginning of last PV - move d8d6 from SF_2800
Info; info depth 13 seldepth 22 multipv 1 score cp -256 nodes 31807 nps 837026 hashfull 11 tbhits 0 time 38 pv a5a4 h4h5 d8d6 f3g4 a4a3 b2a3 a2a3 e1b1 a3c3 b1b5 d6c6
Position; fen rnbqkbnr/pppp1ppp/8/4p3/4P3/8/PPPP1PPP/RNBQKBNR w KQkq - 0 2
Moves; g1f3 b8c6 f1c4 f8e7 d2d4 d7d6 d4e5 c8e6 c4e6 f7e6 e5d6 e7d6 d1e2 g8e7 c1e3 e7g6 g2g3 h7h6 b1d2 d8e7 h2h4 e8c8 e1c1 d6c5 e3c5 e7c5 d2b3 c5h5 b3d4 d8d6 d4c6 d6c6 h1e1 e6e5 d1d5 c6a6 f3e5 h5e2 e1e2 g6e7 d5d1 a6a5 f2f4 a5a2 d1e1 a2a6 c1d2 h8e8 d2e3 a6a2 c2c3 a7a5 e3f3 b7b5 e5d3 e8d8 d3c5
Warning; Bestmove does not match beginning of last PV - move b4c3 from SF_2700
Info; info depth 17 seldepth 47 multipv 1 score cp -261 nodes 1675377 nps 1128200 hashfull 445 tbhits 0 time 1485 pv b4e1 f6f5 e1g3 e5e4 g3f2 g2f1 g6f7 f5f4 f7e6 f1e2 b2a4 e2c4 a4b6 c4b5 b6c8 e4d3 c8d6 d3e2 f2d4 b5d3 d6f7 d8h4 f7e5 f3f2 d4f2 h4f2 d5d6 f4f3
Position; fen rnbqkbnr/pp1ppppp/8/2p5/4P3/8/PPPP1PPP/RNBQKBNR w KQkq - 0 2
Moves; g1f3 d7d6 d2d4 c5d4 d1d4 b8c6 f1b5 c8d7 b5c6 d7c6 b1c3 e7e5 d4d3 d8d7 e1g1 g8f6 a2a4 h7h6 b2b4 b7b6 c1e3 a8c8 b4b5 c6b7 a4a5 d7c7 a5b6 a7b6 a1a7 f8e7 f3h4 g7g6 f1a1 e8f8 h4f3 f8g7 c3d5 f6d5 e4d5 c8a8 h2h4 e7f6 a7a8 h8a8 a1a8 b7a8 c2c4 h6h5 d3a3 a8b7 a3a7 f6d8 f3g5 g7g8 g1h1 g8g7 h1g1 g7g8 g5e4 b7c8 a7c7 d8c7 e4c3 g8f8 f2f3 c8f5 c3d1 f5c2 d1b2 c7d8 e3h6 f8e8 h6g5 f7f6 g5c1 g6g5 c1e3 g5h4 f3f4 e8f7 g1h2 f7g6 e3d2 g6f5 h2h3 e5f4 d2b4 f5e5 h3h4 c2e4 h4h5 e4g2 h5g6 f4f3
Warning; Bestmove does not match beginning of last PV - move d5d2 from SF_2800
Info; info depth 15 seldepth 36 multipv 1 score cp -35 nodes 296823 nps 808782 hashfull 97 tbhits 0 time 367 pv d5c5 d7c6 c3d5 e5d7 c5c4 e8e5 c4d4 c6d5 b3d5 f8e7 g2g3 d7f6 d5b7 h8b8 b7a6 b8b2 g3h4 b2a2 a6d3 c7c5 d4c4 a2a3
Position; fen rnbqkbnr/pppp1ppp/8/4p3/4P3/8/PPPP1PPP/RNBQKBNR w KQkq - 0 2
Moves; g1f3 b8c6 d2d4 e5d4 f1b5 a7a6 b5a4 f8c5 c2c3 d4c3 e1g1 g8e7 f3g5 c6e5 d1h5 e7g6 b1c3 h7h6 g5f7 e8f7 a4b3 f7f8 c1e3 d7d6 h2h3 d8h4 h5h4 g6h4 e3c5 d6c5 f2f4 e5f7 f4f5 f7e5 a1d1 c8d7 d1d5 a8e8
Warning; Bestmove does not match beginning of last PV - move a8b8 from SF_2900
Info; info depth 18 seldepth 30 multipv 1 score cp -149 nodes 726677 nps 568160 hashfull 298 tbhits 0 time 1279 pv c8d7 b2b4 e7e5 d5e6 e8e6 e2f3 d7c6 c3d5 e6e1 d1e1 c6d5 c4d5 d8f8 e1e6 f6d7 f3e3
Position; fen rnbqkbnr/pppppp1p/6p1/8/4P3/8/PPPP1PPP/RNBQKBNR w KQkq - 0 2
Moves; d2d4 f8g7 g1f3 a7a6 f1d3 b8c6 d4d5 c6e5 f3e5 g7e5 h2h3 e5g7 c2c4 g8f6 e4e5 f6g8 c1f4 f7f6 d1e2 e8f7 b1c3 f6e5 f4e5 g8f6 e1g1 d7d6 e5f4 h8f8 f1e1 f8e8 f4g5 f7g8 a1d1
Warning; Bestmove does not match beginning of last PV - move h4h3 from HiveChess
Info; info depth 16 score cp 1162 nodes 9223168 pv e3d3 h2d6 d3d6 c5d6 g6f7 a4a5 f7e8 a5b6 e8d7 b6c5 d7d8 c5b6 h4h3 b4b5
Position; fen rnbqkbnr/pp1ppppp/2p5/8/4P3/8/PPPP1PPP/RNBQKBNR w KQkq - 0 2
Moves; b1c3 d7d5 d2d4 d5e4 c3e4 c8f5 e4g3 f5g6 g1f3 e7e6 h2h4 h7h6 f1d3 g6d3 d1d3 g8f6 c1d2 b8d7 d3e2 f8e7 c2c4 e8g8 b2b3 e7d6 g3e4 f6e4 e2e4 f8e8 e1f1 a7a5 h1h3 a5a4 a1e1 a4b3 a2b3 e8e7 e4c2 e6e5 d2c3 e5d4 e1e7 d8e7 f3d4 d6e5 c2e4 e7a3 e4e1 a3d6 d4f5 d6f6 c3e5 d7e5 h3e3 e5g4 e3e8 a8e8 e1e8 g8h7 e8e4 f6a1 e4e1 g4h2 f1e2 a1e5 f5e3 h2g4 e1c1 g7g6 c1d2 h6h5 d2d3 e5b2 d3c2 b2d4 e3d1 d4e5 d1e3 f7f5 g2g3 g4e3 f2e3 e5g3 c2d2 g3h2 e2d3 h2h4 d3c3 h4e7 b3b4 h5h4 c3b3 g6g5 c4c5 h7g6 d2h2 e7e3 b3a4
Warning; Bestmove does not match beginning of last PV - move h2c7 from SF_2600
Info; info depth 16 seldepth 36 multipv 1 score cp -603 nodes 1809819 nps 1418353 hashfull 474 tbhits 0 time 1276 pv h2d6 g6h5 b4b5 e3e2 b5c6 b7c6 d6c6 e2d1 a4b5 h3h2 c6e6 d1f1 b5b6
Position; fen rnbqkbnr/pp1ppppp/2p5/8/4P3/8/PPPP1PPP/RNBQKBNR w KQkq - 0 2
Moves; b1c3 d7d5 d2d4 d5e4 c3e4 c8f5 e4g3 f5g6 g1f3 e7e6 h2h4 h7h6 f1d3 g6d3 d1d3 g8f6 c1d2 b8d7 d3e2 f8e7 c2c4 e8g8 b2b3 e7d6 g3e4 f6e4 e2e4 f8e8 e1f1 a7a5 h1h3 a5a4 a1e1 a4b3 a2b3 e8e7 e4c2 e6e5 d2c3 e5d4 e1e7 d8e7 f3d4 d6e5 c2e4 e7a3 e4e1 a3d6 d4f5 d6f6 c3e5 d7e5 h3e3 e5g4 e3e8 a8e8 e1e8 g8h7 e8e4 f6a1 e4e1 g4h2 f1e2 a1e5 f5e3 h2g4 e1c1 g7g6 c1d2 h6h5 d2d3 e5b2 d3c2 b2d4 e3d1 d4e5 d1e3 f7f5 g2g3 g4e3 f2e3 e5g3 c2d2 g3h2 e2d3 h2h4 d3c3 h4e7 b3b4 h5h4 c3b3 g6g5 c4c5 h7g6 d2h2 e7e3 b3a4 h4h3
Warning; Bestmove does not match beginning of last PV - move g1h2 from SF_2800
Info; info depth 12 seldepth 15 multipv 1 score cp -109 nodes 190703 nps 775215 hashfull 66 tbhits 0 time 246 pv f1f4 h4g2 d2g2 e8d8 f4f1 c5c4 b3c2 d7c6 c3e2 d8d2 e2f4 d2g2 g1g2 f8e7
Position; fen rnbqkbnr/pppp1ppp/8/4p3/4P3/8/PPPP1PPP/RNBQKBNR w KQkq - 0 2
Moves; g1f3 b8c6 d2d4 e5d4 f1b5 a7a6 b5a4 f8c5 c2c3 d4c3 e1g1 g8e7 f3g5 c6e5 d1h5 e7g6 b1c3 h7h6 g5f7 e8f7 a4b3 f7f8 c1e3 d7d6 h2h3 d8h4 h5h4 g6h4 e3c5 d6c5 f2f4 e5f7 f4f5 f7e5 a1d1 c8d7 d1d5 a8e8 d5d2 b7b5
Warning; Bestmove does not match beginning of last PV - move a5b4 from SF_2800
Info; info depth 11 seldepth 14 multipv 1 score cp -298 nodes 32452 nps 811300 hashfull 13 tbhits 0 time 40 pv a5a4 f3g4 d6b6 c5d3 b6d6 d3f4
Position; fen rnbqkbnr/pppp1ppp/8/4p3/4P3/8/PPPP1PPP/RNBQKBNR w KQkq - 0 2
Moves; g1f3 b8c6 f1c4 f8e7 d2d4 d7d6 d4e5 c8e6 c4e6 f7e6 e5d6 e7d6 d1e2 g8e7 c1e3 e7g6 g2g3 h7h6 b1d2 d8e7 h2h4 e8c8 e1c1 d6c5 e3c5 e7c5 d2b3 c5h5 b3d4 d8d6 d4c6 d6c6 h1e1 e6e5 d1d5 c6a6 f3e5 h5e2 e1e2 g6e7 d5d1 a6a5 f2f4 a5a2 d1e1 a2a6 c1d2 h8e8 d2e3 a6a2 c2c3 a7a5 e3f3 b7b5 e5d3 e8d8 d3c5 d8d6 f4f5 b5b4 c3b4
Warning; Bestmove does not match beginning of last PV - move g7g6 from SF_2800
Info; info depth 11 seldepth 17 multipv 1 score cp -310 nodes 29787 nps 827416 hashfull 11 tbhits 0 time 36 pv e7c6 f3f4 a2a5 e1c1 g7g6 g3g4 c6e5 e2e3
Position; fen rnbqkbnr/pppp1ppp/8/4p3/4P3/8/PPPP1PPP/RNBQKBNR w KQkq - 0 2
Moves; g1f3 b8c6 f1c4 f8e7 d2d4 d7d6 d4e5 c8e6 c4e6 f7e6 e5d6 e7d6 d1e2 g8e7 c1e3 e7g6 g2g3 h7h6 b1d2 d8e7 h2h4 e8c8 e1c1 d6c5 e3c5 e7c5 d2b3 c5h5 b3d4 d8d6 d4c6 d6c6 h1e1 e6e5 d1d5 c6a6 f3e5 h5e2 e1e2 g6e7 d5d1 a6a5 f2f4 a5a2 d1e1 a2a6 c1d2 h8e8 d2e3 a6a2 c2c3 a7a5 e3f3 b7b5 e5d3 e8d8 d3c5 d8d6 f4f5 b5b4 c3b4 a5b4 c5e6
Warning; Bestmove does not match beginning of last PV - move e7e5 from SF_2900
Info; info depth 16 seldepth 38 multipv 1 score cp -157 nodes 567639 nps 604514 hashfull 229 tbhits 0 time 939 pv e7e6 d5e6 e8e6 e2f3 d8f8 c4c5 e6e1 d1e1 c8d7 c3d5 f6d5 f3d5 g8h8 e1e7 d7c6 d5e6 f8c8
Position; fen rnbqkbnr/pppppp1p/6p1/8/4P3/8/PPPP1PPP/RNBQKBNR w KQkq - 0 2
Moves; d2d4 f8g7 g1f3 a7a6 f1d3 b8c6 d4d5 c6e5 f3e5 g7e5 h2h3 e5g7 c2c4 g8f6 e4e5 f6g8 c1f4 f7f6 d1e2 e8f7 b1c3 f6e5 f4e5 g8f6 e1g1 d7d6 e5f4 h8f8 f1e1 f8e8 f4g5 f7g8 a1d1 a8b8 b2b3
Warning; Bestmove does not match beginning of last PV - move e1h4 from SF_2700
Info; info depth 17 seldepth 20 multipv 1 score cp -414 nodes 3223139 nps 1510374 hashfull 741 tbhits 0 time 2134 pv e1g3 e3e2 g6f5 g2h3 f5e4 h3d7 b2a4 f6f5 e4f4 f3f2 a4c3 e2d3
Position; fen rnbqkbnr/pp1ppppp/8/2p5/4P3/8/PPPP1PPP/RNBQKBNR w KQkq - 0 2
Moves; g1f3 d7d6 d2d4 c5d4 d1d4 b8c6 f1b5 c8d7 b5c6 d7c6 b1c3 e7e5 d4d3 d8d7 e1g1 g8f6 a2a4 h7h6 b2b4 b7b6 c1e3 a8c8 b4b5 c6b7 a4a5 d7c7 a5b6 a7b6 a1a7 f8e7 f3h4 g7g6 f1a1 e8f8 h4f3 f8g7 c3d5 f6d5 e4d5 c8a8 h2h4 e7f6 a7a8 h8a8 a1a8 b7a8 c2c4 h6h5 d3a3 a8b7 a3a7 f6d8 f3g5 g7g8 g1h1 g8g7 h1g1 g7g8 g5e4 b7c8 a7c7 d8c7 e4c3 g8f8 f2f3 c8f5 c3d1 f5c2 d1b2 c7d8 e3h6 f8e8 h6g5 f7f6 g5c1 g6g5 c1e3 g5h4 f3f4 e8f7 g1h2 f7g6 e3d2 g6f5 h2h3 e5f4 d2b4 f5e5 h3h4 c2e4 h4h5 e4g2 h5g6 f4f3 b4c3 e5e4 c3e1 e4e3
Warning; Bestmove does not match beginning of last PV - move c3e2 from SF_2800
Info; info depth 14 seldepth 22 multipv 1 score cp -213 nodes 296050 nps 848280 hashfull 107 tbhits 0 time 349 pv c3d5 d7b5 d1e2 e8d8 f1d1 c7c6 d5b4 f8e7 h2g3 d8d2 d1d2 g7g5 b4c2 e5d3
Position; fen rnbqkbnr/pppp1ppp/8/4p3/4P3/8/PPPP1PPP/RNBQKBNR w KQkq - 0 2
Moves; g1f3 b8c6 d2d4 e5d4 f1b5 a7a6 b5a4 f8c5 c2c3 d4c3 e1g1 g8e7 f3g5 c6e5 d1h5 e7g6 b1c3 h7h6 g5f7 e8f7 a4b3 f7f8 c1e3 d7d6 h2h3 d8h4 h5h4 g6h4 e3c5 d6c5 f2f4 e5f7 f4f5 f7e5 a1d1 c8d7 d1d5 a8e8 d5d2 b7b5 g1h2 c5c4 b3d1 b5b4
Warning; Bestmove does not match beginning of last PV - move c8e6 from SF_2900
Info; info depth 17 seldepth 31 multipv 1 score cp -153 nodes 528608 nps 746621 hashfull 180 tbhits 0 time 708 pv e8e6 e2f3 d8f8 c4c5 e6e1 d1e1 c8d7 c3d5 f6d5 f3d5 g8h8 g5e7 d7c6 d5g5 f8f7 c5d6 c7d6 e7d6 b8e8 e1e8 f7e8 d6b4 e8d7 g5g3 d7d5 g3b8 d5g8
Position; fen rnbqkbnr/pppppp1p/6p1/8/4P3/8/PPPP1PPP/RNBQKBNR w KQkq - 0 2
Moves; d2d4 f8g7 g1f3 a7a6 f1d3 b8c6 d4d5 c6e5 f3e5 g7e5 h2h3 e5g7 c2c4 g8f6 e4e5 f6g8 c1f4 f7f6 d1e2 e8f7 b1c3 f6e5 f4e5 g8f6 e1g1 d7d6 e5f4 h8f8 f1e1 f8e8 f4g5 f7g8 a1d1 a8b8 b2b3 e7e5 d5e6
Finished game 32 (SF_2600 vs HiveChess): 0-1 {Black wins by adjudication}
Started game 38 of 1000 (SF_2900 vs HiveChess)
Warning; Bestmove does not match beginning of last PV - move b2b3 from SF_2800
Info; info depth 12 seldepth 26 multipv 1 score cp -217 nodes 120134 nps 822835 hashfull 46 tbhits 0 time 146 pv e2f4 d7c6 f4d5 c6d5 d2d5 e5d3 b2b3 c7c6 d5a5 e7d6 g2g3 e8e4 g3h4 d3e5 b3c4
Position; fen rnbqkbnr/pppp1ppp/8/4p3/4P3/8/PPPP1PPP/RNBQKBNR w KQkq - 0 2
Moves; g1f3 b8c6 d2d4 e5d4 f1b5 a7a6 b5a4 f8c5 c2c3 d4c3 e1g1 g8e7 f3g5 c6e5 d1h5 e7g6 b1c3 h7h6 g5f7 e8f7 a4b3 f7f8 c1e3 d7d6 h2h3 d8h4 h5h4 g6h4 e3c5 d6c5 f2f4 e5f7 f4f5 f7e5 a1d1 c8d7 d1d5 a8e8 d5d2 b7b5 g1h2 c5c4 b3d1 b5b4 c3e2 f8e7
Warning; Bestmove does not match beginning of last PV - move g1f3 from SF_2900
Info; info depth 17 seldepth 24 multipv 1 score cp 67 nodes 924888 nps 695404 hashfull 303 tbhits 0 time 1330 pv d2d4 d7d6 b1c3 g8f6 g1f3 f8g7 f1e2 c7c5 d4d5 e8g8 e1g1 e7e6 f1e1 e6d5 e4d5 c8g4 c1f4
Position; fen rnbqkbnr/pppppp1p/6p1/8/4P3/8/PPPP1PPP/RNBQKBNR w KQkq - 0 2
Moves; 
Warning; Bestmove does not match beginning of last PV - move g6h7 from SF_2700
Info; info depth 16 seldepth 43 multipv 1 score cp -388 nodes 2782831 nps 1739269 hashfull 713 tbhits 0 time 1600 pv b2a4 f3f2 h4f2 e2f2 g6f7 g2h3 c4c5 b6c5 f7e8 d8c7 b5b6 c7b8 b6b7 c5c4 e8f7 f6f5 a4b2
Position; fen rnbqkbnr/pp1ppppp/8/2p5/4P3/8/PPPP1PPP/RNBQKBNR w KQkq - 0 2
Moves; g1f3 d7d6 d2d4 c5d4 d1d4 b8c6 f1b5 c8d7 b5c6 d7c6 b1c3 e7e5 d4d3 d8d7 e1g1 g8f6 a2a4 h7h6 b2b4 b7b6 c1e3 a8c8 b4b5 c6b7 a4a5 d7c7 a5b6 a7b6 a1a7 f8e7 f3h4 g7g6 f1a1 e8f8 h4f3 f8g7 c3d5 f6d5 e4d5 c8a8 h2h4 e7f6 a7a8 h8a8 a1a8 b7a8 c2c4 h6h5 d3a3 a8b7 a3a7 f6d8 f3g5 g7g8 g1h1 g8g7 h1g1 g7g8 g5e4 b7c8 a7c7 d8c7 e4c3 g8f8 f2f3 c8f5 c3d1 f5c2 d1b2 c7d8 e3h6 f8e8 h6g5 f7f6 g5c1 g6g5 c1e3 g5h4 f3f4 e8f7 g1h2 f7g6 e3d2 g6f5 h2h3 e5f4 d2b4 f5e5 h3h4 c2e4 h4h5 e4g2 h5g6 f4f3 b4c3 e5e4 c3e1 e4e3 e1h4 e3e2
Warning; Bestmove does not match beginning of last PV - move b7b6 from SF_2900
Info; info depth 16 seldepth 28 multipv 1 score cp -169 nodes 356312 nps 689191 hashfull 126 tbhits 0 time 517 pv g8h8 e2f3 e8f8 e4c5 e6c8 c5e6 c8e6 e1e6 f8f7 f3f4 d8f8 f4h4 h8g8 d1e1 b8a8 e1e3 a8e8 e6e8 f6e8 h4e4 g7e5 f2f4
Position; fen rnbqkbnr/pppppp1p/6p1/8/4P3/8/PPPP1PPP/RNBQKBNR w KQkq - 0 2
Moves; d2d4 f8g7 g1f3 a7a6 f1d3 b8c6 d4d5 c6e5 f3e5 g7e5 h2h3 e5g7 c2c4 g8f6 e4e5 f6g8 c1f4 f7f6 d1e2 e8f7 b1c3 f6e5 f4e5 g8f6 e1g1 d7d6 e5f4 h8f8 f1e1 f8e8 f4g5 f7g8 a1d1 a8b8 b2b3 e7e5 d5e6 c8e6 c3e4
Warning; Bestmove does not match beginning of last PV - move d3d8 from SF_2800
Info; info depth 12 seldepth 18 multipv 1 score cp -388 nodes 56482 nps 1045962 hashfull 22 tbhits 0 time 54 pv d3d7 f5f6 e7f5 e4f3 a2a5 f3f2 d7f7 e2c2 a5a6 e6c5
Position; fen rnbqkbnr/pppp1ppp/8/4p3/4P3/8/PPPP1PPP/RNBQKBNR w KQkq - 0 2
Moves; g1f3 b8c6 f1c4 f8e7 d2d4 d7d6 d4e5 c8e6 c4e6 f7e6 e5d6 e7d6 d1e2 g8e7 c1e3 e7g6 g2g3 h7h6 b1d2 d8e7 h2h4 e8c8 e1c1 d6c5 e3c5 e7c5 d2b3 c5h5 b3d4 d8d6 d4c6 d6c6 h1e1 e6e5 d1d5 c6a6 f3e5 h5e2 e1e2 g6e7 d5d1 a6a5 f2f4 a5a2 d1e1 a2a6 c1d2 h8e8 d2e3 a6a2 c2c3 a7a5 e3f3 b7b5 e5d3 e8d8 d3c5 d8d6 f4f5 b5b4 c3b4 a5b4 c5e6 g7g6 e4e5 d6d3 f3e4
Warning; Bestmove does not match beginning of last PV - move d2d4 from SF_2900
Info; info depth 17 seldepth 32 multipv 1 score cp 55 nodes 869526 nps 724605 hashfull 264 tbhits 0 time 1200 pv c2c3 b8c6 d2d4 d7d5 e4d5 d8d5 b1a3 c8g4 d4c5 d5d1 e1d1 g8f6 d1c2 e8c8 b2b4 g4f5 c2b3 f8g7 f1c4
Position; fen rnbqkbnr/pppppp1p/6p1/8/4P3/8/PPPP1PPP/RNBQKBNR w KQkq - 0 2
Moves; g1f3 c7c5
Warning; Bestmove does not match beginning of last PV - move c4c5 from SF_2700
Info; info depth 16 seldepth 35 multipv 1 score cp -583 nodes 1385290 nps 2263545 hashfull 417 tbhits 0 time 612 pv h4d8 f3f2 d8b6 f2f1q h7g8 f5f4 b6d4 g2d5 g8f8 f1h3 f8e7 h3e6 e7d8 f4f3 b2a4 e6g8 d8c7
Position; fen rnbqkbnr/pp1ppppp/8/2p5/4P3/8/PPPP1PPP/RNBQKBNR w KQkq - 0 2
Moves; g1f3 d7d6 d2d4 c5d4 d1d4 b8c6 f1b5 c8d7 b5c6 d7c6 b1c3 e7e5 d4d3 d8d7 e1g1 g8f6 a2a4 h7h6 b2b4 b7b6 c1e3 a8c8 b4b5 c6b7 a4a5 d7c7 a5b6 a7b6 a1a7 f8e7 f3h4 g7g6 f1a1 e8f8 h4f3 f8g7 c3d5 f6d5 e4d5 c8a8 h2h4 e7f6 a7a8 h8a8 a1a8 b7a8 c2c4 h6h5 d3a3 a8b7 a3a7 f6d8 f3g5 g7g8 g1h1 g8g7 h1g1 g7g8 g5e4 b7c8 a7c7 d8c7 e4c3 g8f8 f2f3 c8f5 c3d1 f5c2 d1b2 c7d8 e3h6 f8e8 h6g5 f7f6 g5c1 g6g5 c1e3 g5h4 f3f4 e8f7 g1h2 f7g6 e3d2 g6f5 h2h3 e5f4 d2b4 f5e5 h3h4 c2e4 h4h5 e4g2 h5g6 f4f3 b4c3 e5e4 c3e1 e4e3 e1h4 e3e2 g6h7 f6f5
Warning; Bestmove does not match beginning of last PV - move a2a4 from SF_2800
Info; info depth 14 seldepth 18 multipv 1 score cp -538 nodes 60598 nps 1211960 hashfull 26 tbhits 0 time 50 pv e7f5 e6d8 f5g3 e4d3 g3e2 d8e6 c8d7 f6f7 a2a5 f7f8q a5d5 d3e2 d5e5 e2d1
Position; fen rnbqkbnr/pppp1ppp/8/4p3/4P3/8/PPPP1PPP/RNBQKBNR w KQkq - 0 2
Moves; g1f3 b8c6 f1c4 f8e7 d2d4 d7d6 d4e5 c8e6 c4e6 f7e6 e5d6 e7d6 d1e2 g8e7 c1e3 e7g6 g2g3 h7h6 b1d2 d8e7 h2h4 e8c8 e1c1 d6c5 e3c5 e7c5 d2b3 c5h5 b3d4 d8d6 d4c6 d6c6 h1e1 e6e5 d1d5 c6a6 f3e5 h5e2 e1e2 g6e7 d5d1 a6a5 f2f4 a5a2 d1e1 a2a6 c1d2 h8e8 d2e3 a6a2 c2c3 a7a5 e3f3 b7b5 e5d3 e8d8 d3c5 d8d6 f4f5 b5b4 c3b4 a5b4 c5e6 g7g6 e4e5 d6d3 f3e4 d3d8 f5f6
Warning; Bestmove does not match beginning of last PV - move d2c2 from SF_2800
Info; info depth 15 seldepth 27 multipv 1 score cp -387 nodes 318342 nps 1124883 hashfull 109 tbhits 0 time 283 pv d2d4 c4e3 g2f2 e3f1 e2f4 e7f6 f4g6 e8e4 d4e4 c6e4 g6h8 e4f5 f2f1 f5h3 f1f2 h3f5 f2e3
Position; fen rnbqkbnr/pppp1ppp/8/4p3/4P3/8/PPPP1PPP/RNBQKBNR w KQkq - 0 2
Moves; g1f3 b8c6 d2d4 e5d4 f1b5 a7a6 b5a4 f8c5 c2c3 d4c3 e1g1 g8e7 f3g5 c6e5 d1h5 e7g6 b1c3 h7h6 g5f7 e8f7 a4b3 f7f8 c1e3 d7d6 h2h3 d8h4 h5h4 g6h4 e3c5 d6c5 f2f4 e5f7 f4f5 f7e5 a1d1 c8d7 d1d5 a8e8 d5d2 b7b5 g1h2 c5c4 b3d1 b5b4 c3e2 f8e7 b2b3 d7c6 b3c4 h4g2 h2g2 e5c4
Warning; Bestmove does not match beginning of last PV - move b2c4 from SF_2700
Info; info depth 16 seldepth 22 multipv 1 score cp -559 nodes 1875434 nps 2284328 hashfull 513 tbhits 0 time 821 pv b5b6 d8b6 b2a4 b6d8 h4g3 f3f2 a4c3 e2d3 g3f2 d3c3 f2g3 c3c4 h7g6 g2e4 g3d6 f5f4 g6g7
Position; fen rnbqkbnr/pp1ppppp/8/2p5/4P3/8/PPPP1PPP/RNBQKBNR w KQkq - 0 2
Moves; g1f3 d7d6 d2d4 c5d4 d1d4 b8c6 f1b5 c8d7 b5c6 d7c6 b1c3 e7e5 d4d3 d8d7 e1g1 g8f6 a2a4 h7h6 b2b4 b7b6 c1e3 a8c8 b4b5 c6b7 a4a5 d7c7 a5b6 a7b6 a1a7 f8e7 f3h4 g7g6 f1a1 e8f8 h4f3 f8g7 c3d5 f6d5 e4d5 c8a8 h2h4 e7f6 a7a8 h8a8 a1a8 b7a8 c2c4 h6h5 d3a3 a8b7 a3a7 f6d8 f3g5 g7g8 g1h1 g8g7 h1g1 g7g8 g5e4 b7c8 a7c7 d8c7 e4c3 g8f8 f2f3 c8f5 c3d1 f5c2 d1b2 c7d8 e3h6 f8e8 h6g5 f7f6 g5c1 g6g5 c1e3 g5h4 f3f4 e8f7 g1h2 f7g6 e3d2 g6f5 h2h3 e5f4 d2b4 f5e5 h3h4 c2e4 h4h5 e4g2 h5g6 f4f3 b4c3 e5e4 c3e1 e4e3 e1h4 e3e2 g6h7 f6f5 c4c5 b6c5
Warning; Bestmove does not match beginning of last PV - move b4b3 from SF_2800
Info; info depth 13 seldepth 17 multipv 1 score cp -605 nodes 98621 nps 2143934 hashfull 33 tbhits 0 time 46 pv c8d8 f6f7 d8d7 e5e6 d7e6 e4f3 e6f7 e2e7 f7f6 e7c7
Position; fen rnbqkbnr/pppp1ppp/8/4p3/4P3/8/PPPP1PPP/RNBQKBNR w KQkq - 0 2
Moves; g1f3 b8c6 f1c4 f8e7 d2d4 d7d6 d4e5 c8e6 c4e6 f7e6 e5d6 e7d6 d1e2 g8e7 c1e3 e7g6 g2g3 h7h6 b1d2 d8e7 h2h4 e8c8 e1c1 d6c5 e3c5 e7c5 d2b3 c5h5 b3d4 d8d6 d4c6 d6c6 h1e1 e6e5 d1d5 c6a6 f3e5 h5e2 e1e2 g6e7 d5d1 a6a5 f2f4 a5a2 d1e1 a2a6 c1d2 h8e8 d2e3 a6a2 c2c3 a7a5 e3f3 b7b5 e5d3 e8d8 d3c5 d8d6 f4f5 b5b4 c3b4 a5b4 c5e6 g7g6 e4e5 d6d3 f3e4 d3d8 f5f6 a2a4 e6d8
Warning; Bestmove does not match beginning of last PV - move f1e2 from SF_2900
Info; info depth 15 seldepth 20 multipv 1 score cp 64 nodes 509634 nps 756133 hashfull 169 tbhits 0 time 674 pv c2c4 b8c6 c1e3 g8f6 b1c3 e8g8 f1e2 d7d6 d1d2 f6g4 e2g4 c8g4 b2b3 g7d4 e3d4 c6d4 d2d4 g4d7 e1g1
Position; fen rnbqkbnr/pppppp1p/6p1/8/4P3/8/PPPP1PPP/RNBQKBNR w KQkq - 0 2
Moves; g1f3 c7c5 d2d4 c5d4 f3d4 f8g7
Warning; Bestmove does not match beginning of last PV - move f3f2 from HiveChess
Info; info depth 19 score cp 1201 nodes 8392704 pv d8h4 b5b6 h4d8 b6b7 d8c7 h7g6 f3f2 g6h6 f2f1q c4a5 f1f4 h6g7 g2d5 g7g6 d5f7 g6f7
Position; fen rnbqkbnr/pp1ppppp/8/2p5/4P3/8/PPPP1PPP/RNBQKBNR w KQkq - 0 2
Moves; g1f3 d7d6 d2d4 c5d4 d1d4 b8c6 f1b5 c8d7 b5c6 d7c6 b1c3 e7e5 d4d3 d8d7 e1g1 g8f6 a2a4 h7h6 b2b4 b7b6 c1e3 a8c8 b4b5 c6b7 a4a5 d7c7 a5b6 a7b6 a1a7 f8e7 f3h4 g7g6 f1a1 e8f8 h4f3 f8g7 c3d5 f6d5 e4d5 c8a8 h2h4 e7f6 a7a8 h8a8 a1a8 b7a8 c2c4 h6h5 d3a3 a8b7 a3a7 f6d8 f3g5 g7g8 g1h1 g8g7 h1g1 g7g8 g5e4 b7c8 a7c7 d8c7 e4c3 g8f8 f2f3 c8f5 c3d1 f5c2 d1b2 c7d8 e3h6 f8e8 h6g5 f7f6 g5c1 g6g5 c1e3 g5h4 f3f4 e8f7 g1h2 f7g6 e3d2 g6f5 h2h3 e5f4 d2b4 f5e5 h3h4 c2e4 h4h5 e4g2 h5g6 f4f3 b4c3 e5e4 c3e1 e4e3 e1h4 e3e2 g6h7 f6f5 c4c5 b6c5 b2c4
Warning; Bestmove does not match beginning of last PV - move c8d8 from SF_2800
Info; info depth 12 seldepth 21 multipv 1 score cp -770 nodes 105454 nps 2452418 hashfull 33 tbhits 0 time 43 pv g6g5 f6e7 c8d7 e2e4 a4a2 d8c6 d7e8 e1c1 a2b2
Position; fen rnbqkbnr/pppp1ppp/8/4p3/4P3/8/PPPP1PPP/RNBQKBNR w KQkq - 0 2
Moves; g1f3 b8c6 f1c4 f8e7 d2d4 d7d6 d4e5 c8e6 c4e6 f7e6 e5d6 e7d6 d1e2 g8e7 c1e3 e7g6 g2g3 h7h6 b1d2 d8e7 h2h4 e8c8 e1c1 d6c5 e3c5 e7c5 d2b3 c5h5 b3d4 d8d6 d4c6 d6c6 h1e1 e6e5 d1d5 c6a6 f3e5 h5e2 e1e2 g6e7 d5d1 a6a5 f2f4 a5a2 d1e1 a2a6 c1d2 h8e8 d2e3 a6a2 c2c3 a7a5 e3f3 b7b5 e5d3 e8d8 d3c5 d8d6 f4f5 b5b4 c3b4 a5b4 c5e6 g7g6 e4e5 d6d3 f3e4 d3d8 f5f6 a2a4 e6d8 b4b3 e4f3
Warning; Bestmove does not match beginning of last PV - move b6b4 from SF_2900
Info; info depth 14 seldepth 24 multipv 1 score cp -238 nodes 211877 nps 854342 hashfull 68 tbhits 0 time 248 pv c7c5 d1c1 e6d7 c1c5 e8a8 a6d3 d5d4 d3c4 d7e6 c4e6 b6e6 e2c4 e7f7 c5c6 e6e4 c6f6 f7c4 b3c4 d4e3 e1e3 e4e3 f2e3
Position; fen rnbqkbnr/pppppp1p/6p1/8/4P3/8/PPPP1PPP/RNBQKBNR w KQkq - 0 2
Moves; d2d4 f8g7 g1f3 a7a6 f1d3 b8c6 d4d5 c6e5 f3e5 g7e5 h2h3 e5g7 c2c4 g8f6 e4e5 f6g8 c1f4 f7f6 d1e2 e8f7 b1c3 f6e5 f4e5 g8f6 e1g1 d7d6 e5f4 h8f8 f1e1 f8e8 f4g5 f7g8 a1d1 a8b8 b2b3 e7e5 d5e6 c8e6 c3e4 b7b6 c4c5 d6d5 d3a6 d8e7 e4f6 g7f6 c5b6 b8b6 g5e3
Warning; Bestmove does not match beginning of last PV - move d4c6 from SF_2900
Info; info depth 17 seldepth 33 multipv 1 score cp 18 nodes 716850 nps 710455 hashfull 228 tbhits 0 time 1009 pv c1e3 g8f6 b1c3 e8g8 e1g1 d7d5 e4d5 f6d5 c3d5 c6d4 e3d4 d8d5 d4g7 d5d1 a1d1 g8g7 e2c4 a8b8 f2f3
Position; fen rnbqkbnr/pppppp1p/6p1/8/4P3/8/PPPP1PPP/RNBQKBNR w KQkq - 0 2
Moves; g1f3 c7c5 d2d4 c5d4 f3d4 f8g7 f1e2 b8c6
Warning; Bestmove does not match beginning of last PV - move f2h4 from SF_2700
Info; info depth 16 seldepth 28 multipv 1 score cp -576 nodes 1629498 nps 2121742 hashfull 432 tbhits 0 time 768 pv c4d6 e2f2 h7g6 d5e4 g6h5 f2e3 d6c4 e3d4 c4d6 d8c7 d6e8 c7b8 e8f6 c5c4 f6d7 c4c3 d7b8
Position; fen rnbqkbnr/pp1ppppp/8/2p5/4P3/8/PPPP1PPP/RNBQKBNR w KQkq - 0 2
Moves; g1f3 d7d6 d2d4 c5d4 d1d4 b8c6 f1b5 c8d7 b5c6 d7c6 b1c3 e7e5 d4d3 d8d7 e1g1 g8f6 a2a4 h7h6 b2b4 b7b6 c1e3 a8c8 b4b5 c6b7 a4a5 d7c7 a5b6 a7b6 a1a7 f8e7 f3h4 g7g6 f1a1 e8f8 h4f3 f8g7 c3d5 f6d5 e4d5 c8a8 h2h4 e7f6 a7a8 h8a8 a1a8 b7a8 c2c4 h6h5 d3a3 a8b7 a3a7 f6d8 f3g5 g7g8 g1h1 g8g7 h1g1 g7g8 g5e4 b7c8 a7c7 d8c7 e4c3 g8f8 f2f3 c8f5 c3d1 f5c2 d1b2 c7d8 e3h6 f8e8 h6g5 f7f6 g5c1 g6g5 c1e3 g5h4 f3f4 e8f7 g1h2 f7g6 e3d2 g6f5 h2h3 e5f4 d2b4 f5e5 h3h4 c2e4 h4h5 e4g2 h5g6 f4f3 b4c3 e5e4 c3e1 e4e3 e1h4 e3e2 g6h7 f6f5 c4c5 b6c5 b2c4 f3f2 h4f2 g2d5
Warning; Bestmove does not match beginning of last PV - move e6d7 from SF_2900
Info; info depth 15 seldepth 25 multipv 1 score cp -251 nodes 285668 nps 921509 hashfull 111 tbhits 0 time 310 pv e8d8 b5d3 f6c3 e3d2 c3d2 e2d2 c7c5 d3c4 e7d6 e1e6 d6e6 c4d5 d8d5 d2d5 e6d5 d1d5 c5c4 d5d8 g8f7
Position; fen rnbqkbnr/pppppp1p/6p1/8/4P3/8/PPPP1PPP/RNBQKBNR w KQkq - 0 2
Moves; d2d4 f8g7 g1f3 a7a6 f1d3 b8c6 d4d5 c6e5 f3e5 g7e5 h2h3 e5g7 c2c4 g8f6 e4e5 f6g8 c1f4 f7f6 d1e2 e8f7 b1c3 f6e5 f4e5 g8f6 e1g1 d7d6 e5f4 h8f8 f1e1 f8e8 f4g5 f7g8 a1d1 a8b8 b2b3 e7e5 d5e6 c8e6 c3e4 b7b6 c4c5 d6d5 d3a6 d8e7 e4f6 g7f6 c5b6 b8b6 g5e3 b6b4 a6b5
Warning; Bestmove does not match beginning of last PV - move b1c3 from SF_2900
Info; info depth 16 seldepth 21 multipv 1 score cp 8 nodes 665543 nps 726575 hashfull 208 tbhits 0 time 916 pv c2c4 d7d6 b1c3 g8f6 e1g1 a8b8 d1c2 e8g8 a1b1 c6c5 c1e3 f6d7 c2d2 d8a5 e3h6 g7h6
Position; fen rnbqkbnr/pppppp1p/6p1/8/4P3/8/PPPP1PPP/RNBQKBNR w KQkq - 0 2
Moves; g1f3 c7c5 d2d4 c5d4 f3d4 f8g7 f1e2 b8c6 d4c6 b7c6
Finished game 35 (HiveChess vs SF_2800): 1-0 {White wins by adjudication}
Started game 39 of 1000 (HiveChess vs SF_3000)
Warning; Bestmove does not match beginning of last PV - move h7h6 from SF_3000
Info; info depth 14 seldepth 28 multipv 1 score cp -35 nodes 463131 nps 731644 hashfull 156 tbhits 0 time 633 pv d5e4 c3e4 b8d7 e4f6 d7f6 g1f3 c7c5 f1b5 c8d7 b5d7 d8d7 d1e2 f8e7 d4c5 e8g8 e1g1 e7c5 f3e5 d7c7 g5f6
Position; fen rnbqkbnr/pppp1ppp/4p3/8/3PP3/8/PPP2PPP/RNBQKBNR b KQkq - 0 2
Moves; d7d5 b1c3 g8f6 c1g5
Warning; Bestmove does not match beginning of last PV - move h7g6 from SF_2700
Info; info depth 15 seldepth 34 multipv 1 score cp -725 nodes 908161 nps 2794341 hashfull 237 tbhits 0 time 325 pv b5b6 h4d8 h7g7 f4f3 b6b7 d8c7 d6e8 c7e5 g7g6 f3f2 g6f5
Position; fen rnbqkbnr/pp1ppppp/8/2p5/4P3/8/PPPP1PPP/RNBQKBNR w KQkq - 0 2
Moves; g1f3 d7d6 d2d4 c5d4 d1d4 b8c6 f1b5 c8d7 b5c6 d7c6 b1c3 e7e5 d4d3 d8d7 e1g1 g8f6 a2a4 h7h6 b2b4 b7b6 c1e3 a8c8 b4b5 c6b7 a4a5 d7c7 a5b6 a7b6 a1a7 f8e7 f3h4 g7g6 f1a1 e8f8 h4f3 f8g7 c3d5 f6d5 e4d5 c8a8 h2h4 e7f6 a7a8 h8a8 a1a8 b7a8 c2c4 h6h5 d3a3 a8b7 a3a7 f6d8 f3g5 g7g8 g1h1 g8g7 h1g1 g7g8 g5e4 b7c8 a7c7 d8c7 e4c3 g8f8 f2f3 c8f5 c3d1 f5c2 d1b2 c7d8 e3h6 f8e8 h6g5 f7f6 g5c1 g6g5 c1e3 g5h4 f3f4 e8f7 g1h2 f7g6 e3d2 g6f5 h2h3 e5f4 d2b4 f5e5 h3h4 c2e4 h4h5 e4g2 h5g6 f4f3 b4c3 e5e4 c3e1 e4e3 e1h4 e3e2 g6h7 f6f5 c4c5 b6c5 b2c4 f3f2 h4f2 g2d5 f2h4 d8h4 c4d6 f5f4
Warning; Bestmove does not match beginning of last PV - move h2h3 from SF_2900
Info; info depth 15 seldepth 26 multipv 1 score cp 18 nodes 802689 nps 658481 hashfull 281 tbhits 0 time 1219 pv d1e1 g8f6 a1b1 e8g8 b2b3 e7e5 f2f3 f6h5 c1a3 b8b7 b1d1 b7d7
Position; fen rnbqkbnr/pppppp1p/6p1/8/4P3/8/PPPP1PPP/RNBQKBNR w KQkq - 0 2
Moves; g1f3 c7c5 d2d4 c5d4 f3d4 f8g7 f1e2 b8c6 d4c6 b7c6 b1c3 a8b8 e1g1 d7d6
Warning; Bestmove does not match beginning of last PV - move g6f5 from SF_2700
Info; info depth 15 seldepth 28 multipv 1 score cp -907 nodes 994971 nps 2834675 hashfull 261 tbhits 0 time 351 pv g6h5 f3f2 h5h4 f2f1q h4g5 f1f2 d6f5 e2d3 f5h6 f2g2 g5h4 c5c4 b5b6 g2g1
Position; fen rnbqkbnr/pp1ppppp/8/2p5/4P3/8/PPPP1PPP/RNBQKBNR w KQkq - 0 2
Moves; g1f3 d7d6 d2d4 c5d4 d1d4 b8c6 f1b5 c8d7 b5c6 d7c6 b1c3 e7e5 d4d3 d8d7 e1g1 g8f6 a2a4 h7h6 b2b4 b7b6 c1e3 a8c8 b4b5 c6b7 a4a5 d7c7 a5b6 a7b6 a1a7 f8e7 f3h4 g7g6 f1a1 e8f8 h4f3 f8g7 c3d5 f6d5 e4d5 c8a8 h2h4 e7f6 a7a8 h8a8 a1a8 b7a8 c2c4 h6h5 d3a3 a8b7 a3a7 f6d8 f3g5 g7g8 g1h1 g8g7 h1g1 g7g8 g5e4 b7c8 a7c7 d8c7 e4c3 g8f8 f2f3 c8f5 c3d1 f5c2 d1b2 c7d8 e3h6 f8e8 h6g5 f7f6 g5c1 g6g5 c1e3 g5h4 f3f4 e8f7 g1h2 f7g6 e3d2 g6f5 h2h3 e5f4 d2b4 f5e5 h3h4 c2e4 h4h5 e4g2 h5g6 f4f3 b4c3 e5e4 c3e1 e4e3 e1h4 e3e2 g6h7 f6f5 c4c5 b6c5 b2c4 f3f2 h4f2 g2d5 f2h4 d8h4 c4d6 f5f4 h7g6 f4f3
Finished game 34 (SF_2700 vs HiveChess): 0-1 {Black wins by adjudication}
Started game 40 of 1000 (SF_3000 vs HiveChess)
Warning; Bestmove does not match beginning of last PV - move a2a3 from SF_2900
Info; info depth 13 seldepth 21 multipv 1 score cp 25 nodes 222725 nps 716157 hashfull 81 tbhits 0 time 311 pv d1e1 g8f6 a1b1 a5c7 f2f4 e8g8 f4f5 b8b4
Position; fen rnbqkbnr/pppppp1p/6p1/8/4P3/8/PPPP1PPP/RNBQKBNR w KQkq - 0 2
Moves; g1f3 c7c5 d2d4 c5d4 f3d4 f8g7 f1e2 b8c6 d4c6 b7c6 b1c3 a8b8 e1g1 d7d6 h2h3 d8a5
Warning; Bestmove does not match beginning of last PV - move c8d7 from SF_3000
Info; info depth 17 seldepth 25 multipv 1 score cp -37 nodes 663248 nps 687303 hashfull 225 tbhits 0 time 965 pv f8b4 f1c4 e8g8 g1e2 e6d5 c4d5 f8d8 e1g1 b4c3 e2c3 b8c6 d5c6 b7c6 f1e1 d8d4 c3e4 f6e5 d1f3 c8e6 c2c3 d4d8 f3e3
Position; fen rnbqkbnr/pppp1ppp/4p3/8/3PP3/8/PPP2PPP/RNBQKBNR b KQkq - 0 2
Moves; d7d5 b1c3 g8f6 c1g5 h7h6 g5f6 d8f6 e4d5
Warning; Bestmove does not match beginning of last PV - move b1c3 from SF_3000
Info; info depth 18 seldepth 37 multipv 1 score cp 41 nodes 1060073 nps 695129 hashfull 359 tbhits 0 time 1525 pv e4e5 c7c5 c2c3 b8c6 g1f3 g8e7 f1d3 c5d4 c3d4 e7f5 d3f5 e6f5 b1c3 h7h6 c3e2 f8e7 h2h4 c8e6 e1f1 d8b6 f1g1
Position; fen rnbqkbnr/pppp1ppp/4p3/8/3PP3/8/PPP2PPP/RNBQKBNR b KQkq - 0 2
Moves; d7d5
Warning; Bestmove does not match beginning of last PV - move f2g3 from SF_2800
Info; info depth 13 seldepth 18 multipv 1 score cp -461 nodes 38382 nps 984153 hashfull 17 tbhits 0 time 39 pv c2a4 c4b6 a4b3 c7c6 e6c5 f7a7
Position; fen rnbqkbnr/pppp1ppp/8/4p3/4P3/8/PPPP1PPP/RNBQKBNR w KQkq - 0 2
Moves; g1f3 b8c6 d2d4 e5d4 f1b5 a7a6 b5a4 f8c5 c2c3 d4c3 e1g1 g8e7 f3g5 c6e5 d1h5 e7g6 b1c3 h7h6 g5f7 e8f7 a4b3 f7f8 c1e3 d7d6 h2h3 d8h4 h5h4 g6h4 e3c5 d6c5 f2f4 e5f7 f4f5 f7e5 a1d1 c8d7 d1d5 a8e8 d5d2 b7b5 g1h2 c5c4 b3d1 b5b4 c3e2 f8e7 b2b3 d7c6 b3c4 h4g2 h2g2 e5c4 d2c2 c6e4 g2f2 e4c2 d1c2 h8f8 f1d1 e8d8 d1d4 d8d4 e2d4 e7f6 d4e6 f8f7
Warning; Bestmove does not match beginning of last PV - move c3e2 from SF_3000
Info; info depth 17 seldepth 39 multipv 1 score cp 41 nodes 902793 nps 706963 hashfull 272 tbhits 0 time 1277 pv f2f4 c7c5 g1f3 b8c6 c1e3 c5d4 f3d4 d8b6 d1d2 b6b2 a1b1 b2a3 f1b5 c6d4 e3d4 a7a6 b5d7 c8d7 b1b3 a3e7 b3b7 e7h4 d2f2 f8e7 f2h4 e7h4 e1d2 d7c6
Position; fen rnbqkbnr/pppp1ppp/4p3/8/3PP3/8/PPP2PPP/RNBQKBNR b KQkq - 0 2
Moves; d7d5 b1c3 g8f6 e4e5 f6d7
Warning; Bestmove does not match beginning of last PV - move g3f4 from SF_2800
Info; info depth 14 seldepth 17 multipv 1 score cp -540 nodes 69399 nps 1309415 hashfull 26 tbhits 0 time 53 pv g3g4 f7d7 h3h4 h6h5 g4f4 f5h4 e6c5 g7g5 f4e4 d7e7 e4d5
Position; fen rnbqkbnr/pppp1ppp/8/4p3/4P3/8/PPPP1PPP/RNBQKBNR w KQkq - 0 2
Moves; g1f3 b8c6 d2d4 e5d4 f1b5 a7a6 b5a4 f8c5 c2c3 d4c3 e1g1 g8e7 f3g5 c6e5 d1h5 e7g6 b1c3 h7h6 g5f7 e8f7 a4b3 f7f8 c1e3 d7d6 h2h3 d8h4 h5h4 g6h4 e3c5 d6c5 f2f4 e5f7 f4f5 f7e5 a1d1 c8d7 d1d5 a8e8 d5d2 b7b5 g1h2 c5c4 b3d1 b5b4 c3e2 f8e7 b2b3 d7c6 b3c4 h4g2 h2g2 e5c4 d2c2 c6e4 g2f2 e4c2 d1c2 h8f8 f1d1 e8d8 d1d4 d8d4 e2d4 e7f6 d4e6 f8f7 f2g3 c4e3 c2b3 e3f5
Warning; Bestmove does not match beginning of last PV - move c7c6 from SF_2900
Info; info depth 12 seldepth 24 multipv 1 score cp -371 nodes 61944 nps 1049898 hashfull 21 tbhits 0 time 59 pv d7d5 f6c3 d5d1 g1h2 d1d6 g2g3 g8f7 c3c4 f7e7 c4e4 e7d8 h2g2 d6b6 e4c4 b6b7
Position; fen rnbqkbnr/pppppp1p/6p1/8/4P3/8/PPPP1PPP/RNBQKBNR w KQkq - 0 2
Moves; d2d4 f8g7 g1f3 a7a6 f1d3 b8c6 d4d5 c6e5 f3e5 g7e5 h2h3 e5g7 c2c4 g8f6 e4e5 f6g8 c1f4 f7f6 d1e2 e8f7 b1c3 f6e5 f4e5 g8f6 e1g1 d7d6 e5f4 h8f8 f1e1 f8e8 f4g5 f7g8 a1d1 a8b8 b2b3 e7e5 d5e6 c8e6 c3e4 b7b6 c4c5 d6d5 d3a6 d8e7 e4f6 g7f6 c5b6 b8b6 g5e3 b6b4 a6b5 e6d7 b5d7 e7d7 e2f3 f6d4 e3d4 e8e1 d1e1 b4d4 f3f6 d4e4 e1e4 d5e4 a2a4
Warning; Bestmove does not match beginning of last PV - move d1d3 from SF_2900
Info; info depth 15 seldepth 29 multipv 1 score cp 19 nodes 791231 nps 666019 hashfull 273 tbhits 0 time 1188 pv d1d2 e8g8 b2b3 d7c5 c1b2 f8d8 d2e3 a7a5 c3d1 c5d7 e3d2 c7a7 b2g7 g8g7 d1b2 f7f6 f1c4 e6g8 c4g8 g7g8
Position; fen rnbqkbnr/pppppp1p/6p1/8/4P3/8/PPPP1PPP/RNBQKBNR w KQkq - 0 2
Moves; g1f3 c7c5 d2d4 c5d4 f3d4 f8g7 f1e2 b8c6 d4c6 b7c6 b1c3 a8b8 e1g1 d7d6 h2h3 d8a5 a2a3 a5c7 f1e1 c8e6 e2f1 g8f6 a1b1 f6d7
Warning; Bestmove does not match beginning of last PV - move f4g4 from SF_2800
Info; info depth 14 seldepth 24 multipv 1 score cp -596 nodes 69277 nps 1413816 hashfull 27 tbhits 0 time 49 pv f4f3 f7e7 e6c5 f5d4 f3g3 d4b3 a2b3 a6a5 h3h4 g5g4 g3f2 c7c6 f2g3
Position; fen rnbqkbnr/pppp1ppp/8/4p3/4P3/8/PPPP1PPP/RNBQKBNR w KQkq - 0 2
Moves; g1f3 b8c6 d2d4 e5d4 f1b5 a7a6 b5a4 f8c5 c2c3 d4c3 e1g1 g8e7 f3g5 c6e5 d1h5 e7g6 b1c3 h7h6 g5f7 e8f7 a4b3 f7f8 c1e3 d7d6 h2h3 d8h4 h5h4 g6h4 e3c5 d6c5 f2f4 e5f7 f4f5 f7e5 a1d1 c8d7 d1d5 a8e8 d5d2 b7b5 g1h2 c5c4 b3d1 b5b4 c3e2 f8e7 b2b3 d7c6 b3c4 h4g2 h2g2 e5c4 d2c2 c6e4 g2f2 e4c2 d1c2 h8f8 f1d1 e8d8 d1d4 d8d4 e2d4 e7f6 d4e6 f8f7 f2g3 c4e3 c2b3 e3f5 g3f4 g7g5
Warning; Bestmove does not match beginning of last PV - move a2a3 from SF_3000
Info; info depth 17 seldepth 23 multipv 1 score cp 27 nodes 1026926 nps 582487 hashfull 328 tbhits 0 time 1763 pv f2f4 f7f6 g1f3 f8e7 a2a3 a7a5 e2g3 b8c6 f1d3 c5d4 f3d4 d7c5 d1h5 e8d8 d3c2
Position; fen rnbqkbnr/pppp1ppp/4p3/8/3PP3/8/PPP2PPP/RNBQKBNR b KQkq - 0 2
Moves; d7d5 b1c3 g8f6 e4e5 f6d7 c3e2 c7c5 c2c3 d8b6
Warning; Bestmove does not match beginning of last PV - move h3h4 from SF_2800
Info; info depth 14 seldepth 16 multipv 1 score cp -554 nodes 56675 nps 1232065 hashfull 22 tbhits 0 time 46 pv e6c5 d7d4 g4f3 f6e7 b3a4 d4f4 f3g2 f5e3 g2g1
Position; fen rnbqkbnr/pppp1ppp/8/4p3/4P3/8/PPPP1PPP/RNBQKBNR w KQkq - 0 2
Moves; g1f3 b8c6 d2d4 e5d4 f1b5 a7a6 b5a4 f8c5 c2c3 d4c3 e1g1 g8e7 f3g5 c6e5 d1h5 e7g6 b1c3 h7h6 g5f7 e8f7 a4b3 f7f8 c1e3 d7d6 h2h3 d8h4 h5h4 g6h4 e3c5 d6c5 f2f4 e5f7 f4f5 f7e5 a1d1 c8d7 d1d5 a8e8 d5d2 b7b5 g1h2 c5c4 b3d1 b5b4 c3e2 f8e7 b2b3 d7c6 b3c4 h4g2 h2g2 e5c4 d2c2 c6e4 g2f2 e4c2 d1c2 h8f8 f1d1 e8d8 d1d4 d8d4 e2d4 e7f6 d4e6 f8f7 f2g3 c4e3 c2b3 e3f5 g3f4 g7g5 f4g4 f7d7
Warning; Bestmove does not match beginning of last PV - move g1f3 from SF_3000
Info; info depth 15 seldepth 23 multipv 1 score cp 50 nodes 218278 nps 742442 hashfull 57 tbhits 0 time 294 pv b2b4 c5d4 c3d4 a7a5 b4b5 b6b5 e2c3 b5b6 g1f3 f7f6 e5f6 d7f6 a1b1 b6d8 c3b5
Position; fen rnbqkbnr/pppp1ppp/4p3/8/3PP3/8/PPP2PPP/RNBQKBNR b KQkq - 0 2
Moves; d7d5 b1c3 g8f6 e4e5 f6d7 c3e2 c7c5 c2c3 d8b6 a2a3 b8c6
Warning; Bestmove does not match beginning of last PV - move b2b3 from SF_2900
Info; info depth 15 seldepth 28 multipv 1 score cp 7 nodes 854326 nps 686757 hashfull 283 tbhits 0 time 1244 pv f1a6 b7b8 a6f1 b8b7 b2b3 c7a5 c1b2 f8b8 g1h1 a5h5 c3d1 h5h6 f2f4 g7b2 d1b2 d7f6 d2e3 f6h5 b2d3 c6c5
Position; fen rnbqkbnr/pppppp1p/6p1/8/4P3/8/PPPP1PPP/RNBQKBNR w KQkq - 0 2
Moves; g1f3 c7c5 d2d4 c5d4 f3d4 f8g7 f1e2 b8c6 d4c6 b7c6 b1c3 a8b8 e1g1 d7d6 h2h3 d8a5 a2a3 a5c7 f1e1 c8e6 e2f1 g8f6 a1b1 f6d7 d1d3 e8g8 d3d2 b8b7
Warning; Bestmove does not match beginning of last PV - move g8g7 from SF_2900
Info; info depth 12 seldepth 17 multipv 1 score cp -521 nodes 65630 nps 1396382 hashfull 20 tbhits 0 time 47 pv g8f8 e6e4 c7a5 e4b7 h7h5 g1h2
Position; fen rnbqkbnr/pppppp1p/6p1/8/4P3/8/PPPP1PPP/RNBQKBNR w KQkq - 0 2
Moves; d2d4 f8g7 g1f3 a7a6 f1d3 b8c6 d4d5 c6e5 f3e5 g7e5 h2h3 e5g7 c2c4 g8f6 e4e5 f6g8 c1f4 f7f6 d1e2 e8f7 b1c3 f6e5 f4e5 g8f6 e1g1 d7d6 e5f4 h8f8 f1e1 f8e8 f4g5 f7g8 a1d1 a8b8 b2b3 e7e5 d5e6 c8e6 c3e4 b7b6 c4c5 d6d5 d3a6 d8e7 e4f6 g7f6 c5b6 b8b6 g5e3 b6b4 a6b5 e6d7 b5d7 e7d7 e2f3 f6d4 e3d4 e8e1 d1e1 b4d4 f3f6 d4e4 e1e4 d5e4 a2a4 c7c6 a4a5 c6c5 a5a6 d7c7 f6e6
Warning; Bestmove does not match beginning of last PV - move c3d1 from SF_2900
Info; info depth 12 seldepth 16 multipv 1 score cp 53 nodes 185623 nps 660580 hashfull 53 tbhits 0 time 281 pv c1b2 f8d8 c3a4 g8h7 b2g7 h7g7 f2f4
Position; fen rnbqkbnr/pppppp1p/6p1/8/4P3/8/PPPP1PPP/RNBQKBNR w KQkq - 0 2
Moves; g1f3 c7c5 d2d4 c5d4 f3d4 f8g7 f1e2 b8c6 d4c6 b7c6 b1c3 a8b8 e1g1 d7d6 h2h3 d8a5 a2a3 a5c7 f1e1 c8e6 e2f1 g8f6 a1b1 f6d7 d1d3 e8g8 d3d2 b8b7 b2b3 h7h5
Warning; Bestmove does not match beginning of last PV - move g4h3 from SF_2800
Info; info depth 13 seldepth 20 multipv 1 score cp -565 nodes 56958 nps 1423950 hashfull 17 tbhits 0 time 40 pv g4g3 h4f5 g3g2 a6a5 g2f2 g5g4 c5b7 h6h5 b7a5 c7c5 a5c6 d4d6 b3a4
Position; fen rnbqkbnr/pppp1ppp/8/4p3/4P3/8/PPPP1PPP/RNBQKBNR w KQkq - 0 2
Moves; g1f3 b8c6 d2d4 e5d4 f1b5 a7a6 b5a4 f8c5 c2c3 d4c3 e1g1 g8e7 f3g5 c6e5 d1h5 e7g6 b1c3 h7h6 g5f7 e8f7 a4b3 f7f8 c1e3 d7d6 h2h3 d8h4 h5h4 g6h4 e3c5 d6c5 f2f4 e5f7 f4f5 f7e5 a1d1 c8d7 d1d5 a8e8 d5d2 b7b5 g1h2 c5c4 b3d1 b5b4 c3e2 f8e7 b2b3 d7c6 b3c4 h4g2 h2g2 e5c4 d2c2 c6e4 g2f2 e4c2 d1c2 h8f8 f1d1 e8d8 d1d4 d8d4 e2d4 e7f6 d4e6 f8f7 f2g3 c4e3 c2b3 e3f5 g3f4 g7g5 f4g4 f7d7 h3h4 f5h4 e6c5 d7d4
Warning; Bestmove does not match beginning of last PV - move f1a6 from SF_2900
Info; info depth 14 seldepth 32 multipv 1 score cp 57 nodes 327216 nps 651824 hashfull 104 tbhits 0 time 502 pv c1b2 c7b6 g1h1 d7f6 d1c3 b6a5 f2f4 d6d5 e4e5 f6d7 b3b4 a5c7 f1a6
Position; fen rnbqkbnr/pppppp1p/6p1/8/4P3/8/PPPP1PPP/RNBQKBNR w KQkq - 0 2
Moves; g1f3 c7c5 d2d4 c5d4 f3d4 f8g7 f1e2 b8c6 d4c6 b7c6 b1c3 a8b8 e1g1 d7d6 h2h3 d8a5 a2a3 a5c7 f1e1 c8e6 e2f1 g8f6 a1b1 f6d7 d1d3 e8g8 d3d2 b8b7 b2b3 h7h5 c3d1 f8b8
Warning; Bestmove does not match beginning of last PV - move e2f4 from SF_3000
Info; info depth 16 seldepth 32 multipv 1 score cp 47 nodes 1065392 nps 678593 hashfull 343 tbhits 0 time 1570 pv h2h4 a5a4 h4h5 f7f6 e2f4 c5d4 h5h6 g7g6 f4e6 d7e5 f3d4
Position; fen rnbqkbnr/pppp1ppp/4p3/8/3PP3/8/PPP2PPP/RNBQKBNR b KQkq - 0 2
Moves; d7d5 b1c3 g8f6 e4e5 f6d7 c3e2 c7c5 c2c3 d8b6 a2a3 b8c6 g1f3 a7a5
Warning; Bestmove does not match beginning of last PV - move c7d6 from SF_2900
Info; info depth 12 seldepth 20 multipv 1 score cp -589 nodes 59242 nps 1346409 hashfull 17 tbhits 0 time 44 pv g7f6 e4b7 c7a5 a6a7 a5a1 g1h2 a1a3 g2g3
Position; fen rnbqkbnr/pppppp1p/6p1/8/4P3/8/PPPP1PPP/RNBQKBNR w KQkq - 0 2
Moves; d2d4 f8g7 g1f3 a7a6 f1d3 b8c6 d4d5 c6e5 f3e5 g7e5 h2h3 e5g7 c2c4 g8f6 e4e5 f6g8 c1f4 f7f6 d1e2 e8f7 b1c3 f6e5 f4e5 g8f6 e1g1 d7d6 e5f4 h8f8 f1e1 f8e8 f4g5 f7g8 a1d1 a8b8 b2b3 e7e5 d5e6 c8e6 c3e4 b7b6 c4c5 d6d5 d3a6 d8e7 e4f6 g7f6 c5b6 b8b6 g5e3 b6b4 a6b5 e6d7 b5d7 e7d7 e2f3 f6d4 e3d4 e8e1 d1e1 b4d4 f3f6 d4e4 e1e4 d5e4 a2a4 c7c6 a4a5 c6c5 a5a6 d7c7 f6e6 g8g7 e6e4
Warning; Bestmove does not match beginning of last PV - move h2h3 from SF_3000
Info; info depth 15 seldepth 27 multipv 1 score cp 43 nodes 584132 nps 772661 hashfull 152 tbhits 0 time 756 pv h2h4 b6a5 c1d2 a5b6 c3c4 c6d4 c4d5 b6b2 f3d4 b2d4 d5e6 f7e6 a1c1 d4e4
Position; fen rnbqkbnr/pppp1ppp/4p3/8/3PP3/8/PPP2PPP/RNBQKBNR b KQkq - 0 2
Moves; d7d5 b1c3 g8f6 e4e5 f6d7 c3e2 c7c5 c2c3 d8b6 a2a3 b8c6 g1f3 a7a5 e2f4 a5a4
Warning; Bestmove does not match beginning of last PV - move f1a6 from SF_2900
Info; info depth 14 seldepth 18 multipv 1 score cp 60 nodes 517820 nps 700703 hashfull 182 tbhits 0 time 739 pv c1b2 a7a5 f2f4 g7b2 b1b2 c7b6 g1h1 f7f6 f4f5 g6f5 e4f5 e6f5 e1e7
Position; fen rnbqkbnr/pppppp1p/6p1/8/4P3/8/PPPP1PPP/RNBQKBNR w KQkq - 0 2
Moves; g1f3 c7c5 d2d4 c5d4 f3d4 f8g7 f1e2 b8c6 d4c6 b7c6 b1c3 a8b8 e1g1 d7d6 h2h3 d8a5 a2a3 a5c7 f1e1 c8e6 e2f1 g8f6 a1b1 f6d7 d1d3 e8g8 d3d2 b8b7 b2b3 h7h5 c3d1 f8b8 f1a6 b7b6 a6f1 b6b7
Warning; Bestmove does not match beginning of last PV - move h3g3 from SF_2800
Info; info depth 20 seldepth 31 multipv 1 score cp -554 nodes 2666343 nps 1531500 hashfull 761 tbhits 0 time 1741 pv c5a6 c7c5 a6c5 f6e7 h3g2 e7d6 c5e6 d4d3 e6d8 g6e5 d8f7 e5f7 b3f7
Position; fen rnbqkbnr/pppp1ppp/8/4p3/4P3/8/PPPP1PPP/RNBQKBNR w KQkq - 0 2
Moves; g1f3 b8c6 d2d4 e5d4 f1b5 a7a6 b5a4 f8c5 c2c3 d4c3 e1g1 g8e7 f3g5 c6e5 d1h5 e7g6 b1c3 h7h6 g5f7 e8f7 a4b3 f7f8 c1e3 d7d6 h2h3 d8h4 h5h4 g6h4 e3c5 d6c5 f2f4 e5f7 f4f5 f7e5 a1d1 c8d7 d1d5 a8e8 d5d2 b7b5 g1h2 c5c4 b3d1 b5b4 c3e2 f8e7 b2b3 d7c6 b3c4 h4g2 h2g2 e5c4 d2c2 c6e4 g2f2 e4c2 d1c2 h8f8 f1d1 e8d8 d1d4 d8d4 e2d4 e7f6 d4e6 f8f7 f2g3 c4e3 c2b3 e3f5 g3f4 g7g5 f4g4 f7d7 h3h4 f5h4 e6c5 d7d4 g4h3 h4g6
Warning; Bestmove does not match beginning of last PV - move f1e2 from SF_3000
Info; info depth 15 seldepth 36 multipv 1 score cp -2 nodes 868440 nps 753854 hashfull 268 tbhits 0 time 1152 pv d1d3 c5d4 c3d4 d7b6 d3b1 b6c4 f1d3 h7h6 e1g1 c8d7 d3e2 c6a5
Position; fen rnbqkbnr/pppp1ppp/4p3/8/3PP3/8/PPP2PPP/RNBQKBNR b KQkq - 0 2
Moves; d7d5 b1c3 g8f6 e4e5 f6d7 c3e2 c7c5 c2c3 d8b6 a2a3 b8c6 g1f3 a7a5 e2f4 a5a4 h2h3 b6b3
Warning; PV continues after threefold repetition - move c1b2 from HiveChess
Info; info depth 23 score cp 0 nodes 2486606 pv b7b6 a6f1 b6b7 c1b2 g7b2 d1b2 b7b6 f2f4 e6b3 c2b3
Position; fen rnbqkbnr/pppppp1p/6p1/8/4P3/8/PPPP1PPP/RNBQKBNR w KQkq - 0 2
Moves; g1f3 c7c5 d2d4 c5d4 f3d4 f8g7 f1e2 b8c6 d4c6 b7c6 b1c3 a8b8 e1g1 d7d6 h2h3 d8a5 a2a3 a5c7 f1e1 c8e6 e2f1 g8f6 a1b1 f6d7 d1d3 e8g8 d3d2 b8b7 b2b3 h7h5 c3d1 f8b8 f1a6 b7b6 a6f1 b6b7 f1a6
Warning; Bestmove does not match beginning of last PV - move c6d7 from SF_3000
Info; info depth 18 seldepth 39 multipv 1 score cp -136 nodes 1157769 nps 822863 hashfull 440 tbhits 0 time 1407 pv e7d7 h1g1 g7g5 f2f4 g5f4 d1f1 h6h5 f1f4 f7f5 g2g3 a8g8 c3c4 d7d6 c4c5 d6d7 c2c4 d7c7 g1e1
Position; fen rnbqkbnr/pppp1ppp/4p3/8/3PP3/8/PPP2PPP/RNBQKBNR b KQkq - 0 2
Moves; d7d5 b1c3 g8f6 c1g5 h7h6 g5f6 d8f6 e4d5 c8d7 d1f3 f6f3 g1f3 c7c6 d5c6 d7c6 f3e5 f8b4 e1c1 b4c3 b2c3 e8e7 f1d3 b8d7 e5d7
Warning; Bestmove does not match beginning of last PV - move e2d1 from SF_3000
Info; info depth 18 seldepth 33 multipv 1 score cp -36 nodes 801461 nps 685009 hashfull 277 tbhits 0 time 1170 pv e1d1 d7b6 h3h4 c5d4 c3d4 b6c4 e2c4 d5c4 d1e1 c6e7 h4h5 h7h6 c1d2 b7b5
Position; fen rnbqkbnr/pppp1ppp/4p3/8/3PP3/8/PPP2PPP/RNBQKBNR b KQkq - 0 2
Moves; d7d5 b1c3 g8f6 e4e5 f6d7 c3e2 c7c5 c2c3 d8b6 a2a3 b8c6 g1f3 a7a5 e2f4 a5a4 h2h3 b6b3 f1e2 b3d1
Warning; Bestmove does not match beginning of last PV - move h3h4 from SF_3000
Info; info depth 16 seldepth 26 multipv 1 score cp -14 nodes 398143 nps 725214 hashfull 127 tbhits 0 time 549 pv d4c5 b6d7 f4d3 d7c5 d1c2 c5d3 c2d3 f8c5 d3c2 e8g8
Position; fen rnbqkbnr/pppp1ppp/4p3/8/3PP3/8/PPP2PPP/RNBQKBNR b KQkq - 0 2
Moves; d7d5 b1c3 g8f6 e4e5 f6d7 c3e2 c7c5 c2c3 d8b6 a2a3 b8c6 g1f3 a7a5 e2f4 a5a4 h2h3 b6b3 f1e2 b3d1 e2d1 d7b6
Warning; Bestmove does not match beginning of last PV - move d1c3 from SF_2900
Info; info depth 15 seldepth 34 multipv 1 score cp 6 nodes 746898 nps 676538 hashfull 242 tbhits 0 time 1104 pv c1b2 d5e4 b2g7 g8g7 d1c3 d7f6 c3a4 b8d8 d2e3 b6b8 a4c5 c7e5 e2d3 e6f5 c5e4 f5e4 d3e4 c6c5 e4f3 e5e3 e1e3 e7e6 e3c3 b8c8 b1e1
Position; fen rnbqkbnr/pppppp1p/6p1/8/4P3/8/PPPP1PPP/RNBQKBNR w KQkq - 0 2
Moves; g1f3 c7c5 d2d4 c5d4 f3d4 f8g7 f1e2 b8c6 d4c6 b7c6 b1c3 a8b8 e1g1 d7d6 h2h3 d8a5 a2a3 a5c7 f1e1 c8e6 e2f1 g8f6 a1b1 f6d7 d1d3 e8g8 d3d2 b8b7 b2b3 h7h5 c3d1 f8b8 f1a6 b7b6 a6f1 b6b7 f1a6 b7b6 a6e2 d6d5
Warning; Bestmove does not match beginning of last PV - move d1d2 from SF_2900
Info; info depth 13 seldepth 21 multipv 1 score cp -733 nodes 90768 nps 2388631 hashfull 26 tbhits 0 time 38 pv d1d6 g2g3 d6f6 h2g2 g7h6 a7a8q g6g5 a8b7 f6g6 e4g6 h7g6 g2h2 c5c4 b3c4 g5g4 b7a8
Position; fen rnbqkbnr/pppppp1p/6p1/8/4P3/8/PPPP1PPP/RNBQKBNR w KQkq - 0 2
Moves; d2d4 f8g7 g1f3 a7a6 f1d3 b8c6 d4d5 c6e5 f3e5 g7e5 h2h3 e5g7 c2c4 g8f6 e4e5 f6g8 c1f4 f7f6 d1e2 e8f7 b1c3 f6e5 f4e5 g8f6 e1g1 d7d6 e5f4 h8f8 f1e1 f8e8 f4g5 f7g8 a1d1 a8b8 b2b3 e7e5 d5e6 c8e6 c3e4 b7b6 c4c5 d6d5 d3a6 d8e7 e4f6 g7f6 c5b6 b8b6 g5e3 b6b4 a6b5 e6d7 b5d7 e7d7 e2f3 f6d4 e3d4 e8e1 d1e1 b4d4 f3f6 d4e4 e1e4 d5e4 a2a4 c7c6 a4a5 c6c5 a5a6 d7c7 f6e6 g8g7 e6e4 c7d6 a6a7 d6d1 g1h2
Finished game 37 (HiveChess vs SF_2900): 1-0 {White wins by adjudication}
Started game 41 of 1000 (HiveChess vs SF_2600)
Warning; Bestmove does not match beginning of last PV - move h1h3 from SF_3000
Info; info depth 14 seldepth 24 multipv 1 score cp -5 nodes 337564 nps 686105 hashfull 108 tbhits 0 time 492 pv f4h5 c5d4 c3d4 b6c4 h1h3 h7h6 h3g3 g7g6 h5f6 e8d8 d1e2 b7b5 h4h5 g6g5 e2c4 d5c4 c1d2 c6e7 d2b4
Position; fen rnbqkbnr/pppp1ppp/4p3/8/3PP3/8/PPP2PPP/RNBQKBNR b KQkq - 0 2
Moves; d7d5 b1c3 g8f6 e4e5 f6d7 c3e2 c7c5 c2c3 d8b6 a2a3 b8c6 g1f3 a7a5 e2f4 a5a4 h2h3 b6b3 f1e2 b3d1 e2d1 d7b6 h3h4 c8d7
Warning; Bestmove does not match beginning of last PV - move e4d5 from SF_2900
Info; info depth 14 seldepth 17 multipv 1 score cp 29 nodes 550476 nps 677926 hashfull 177 tbhits 0 time 812 pv c3a4 b6b7 e2a6 b7c7 d2a5 d5e4 e1e4 e6f5 e4e2 d7b6 c1g5
Position; fen rnbqkbnr/pppppp1p/6p1/8/4P3/8/PPPP1PPP/RNBQKBNR w KQkq - 0 2
Moves; g1f3 c7c5 d2d4 c5d4 f3d4 f8g7 f1e2 b8c6 d4c6 b7c6 b1c3 a8b8 e1g1 d7d6 h2h3 d8a5 a2a3 a5c7 f1e1 c8e6 e2f1 g8f6 a1b1 f6d7 d1d3 e8g8 d3d2 b8b7 b2b3 h7h5 c3d1 f8b8 f1a6 b7b6 a6f1 b6b7 f1a6 b7b6 a6e2 d6d5 d1c3 c7d6
Warning; Bestmove does not match beginning of last PV - move e2f1 from SF_2900
Info; info depth 16 seldepth 15 multipv 1 score cp -6 nodes 424349 nps 716805 hashfull 124 tbhits 0 time 592 pv c1b2 d7c5 b3b4 d5d4 b4c5 d4c3 d2d6 e7d6 c5b6 c3b2 b6a7 b8a8 b1b2 g7b2
Position; fen rnbqkbnr/pppppp1p/6p1/8/4P3/8/PPPP1PPP/RNBQKBNR w KQkq - 0 2
Moves; g1f3 c7c5 d2d4 c5d4 f3d4 f8g7 f1e2 b8c6 d4c6 b7c6 b1c3 a8b8 e1g1 d7d6 h2h3 d8a5 a2a3 a5c7 f1e1 c8e6 e2f1 g8f6 a1b1 f6d7 d1d3 e8g8 d3d2 b8b7 b2b3 h7h5 c3d1 f8b8 f1a6 b7b6 a6f1 b6b7 f1a6 b7b6 a6e2 d6d5 d1c3 c7d6 e4d5 c6d5
Warning; Bestmove does not match beginning of last PV - move h7h6 from SF_2600
Info; info depth 15 seldepth 23 multipv 1 score cp -42 nodes 527805 nps 683685 hashfull 195 tbhits 0 time 772 pv c5d4 f3d4 b8c6 b1c3 d8c7 c1e3 a7a6 d4c6 b7c6 d1f3 d7d5 f3g3 c7g3 h2g3 g8f6 e1c1 f8d6
Position; fen rnbqkbnr/pp1ppppp/8/2p5/4P3/5N2/PPPP1PPP/RNBQKB1R b KQkq - 1 2
Moves; e7e6 d2d4
Warning; PV continues after threefold repetition - move h3g3 from HiveChess
Info; info depth 18 score cp 0 nodes 2528568 pv b6c4 f4h5 c6e7 h3g3 e7f5 g3h3 f5e7 h3g3 e7f5 g3h3 f5e7 h3g3 e7f5 g3h3 f5e7 h3g3 e7f5 g3h3
Position; fen rnbqkbnr/pppp1ppp/4p3/8/3PP3/8/PPP2PPP/RNBQKBNR b KQkq - 0 2
Moves; d7d5 b1c3 g8f6 e4e5 f6d7 c3e2 c7c5 c2c3 d8b6 a2a3 b8c6 g1f3 a7a5 e2f4 a5a4 h2h3 b6b3 f1e2 b3d1 e2d1 d7b6 h3h4 c8d7 h1h3 c5d4 c3d4
Warning; Bestmove does not match beginning of last PV - move h4h5 from SF_3000
Info; info depth 15 seldepth 9 multipv 1 score cp 0 nodes 498652 nps 762464 hashfull 145 tbhits 0 time 654 pv f4h5 c6e7 h3g3 e7f5 g3h3
Position; fen rnbqkbnr/pppp1ppp/4p3/8/3PP3/8/PPP2PPP/RNBQKBNR b KQkq - 0 2
Moves; d7d5 b1c3 g8f6 e4e5 f6d7 c3e2 c7c5 c2c3 d8b6 a2a3 b8c6 g1f3 a7a5 e2f4 a5a4 h2h3 b6b3 f1e2 b3d1 e2d1 d7b6 h3h4 c8d7 h1h3 c5d4 c3d4 b6c4
Warning; Bestmove does not match beginning of last PV - move e6d5 from SF_2600
Info; info depth 17 seldepth 21 multipv 1 score cp -114 nodes 544831 nps 730336 hashfull 192 tbhits 0 time 746 pv d7d6 f1b5 c8d7 b5d3 f8e7 e1g1 e6d5 e4d5 g8f6 c2c4 d7g4 h2h3 g4f3 d1f3 b8d7 f3g3 d7e5 d3c2
Position; fen rnbqkbnr/pp1ppppp/8/2p5/4P3/5N2/PPPP1PPP/RNBQKB1R b KQkq - 1 2
Moves; e7e6 d2d4 h7h6 d4d5
Warning; Bestmove does not match beginning of last PV - move f1d3 from SF_2900
Info; info depth 15 seldepth 27 multipv 1 score cp -31 nodes 428764 nps 682745 hashfull 152 tbhits 0 time 628 pv d2f4 d6f4 c1f4 b8c8 c3a4 b6c6 f1d3 d5d4 f4g5 f6d5 b1d1 c8c7 b3b4 c6d6 a4c5 e6f5 d1c1
Position; fen rnbqkbnr/pppppp1p/6p1/8/4P3/8/PPPP1PPP/RNBQKBNR w KQkq - 0 2
Moves; g1f3 c7c5 d2d4 c5d4 f3d4 f8g7 f1e2 b8c6 d4c6 b7c6 b1c3 a8b8 e1g1 d7d6 h2h3 d8a5 a2a3 a5c7 f1e1 c8e6 e2f1 g8f6 a1b1 f6d7 d1d3 e8g8 d3d2 b8b7 b2b3 h7h5 c3d1 f8b8 f1a6 b7b6 a6f1 b6b7 f1a6 b7b6 a6e2 d6d5 d1c3 c7d6 e4d5 c6d5 e2f1 d7f6
Warning; Bestmove does not match beginning of last PV - move c5b7 from SF_2800
Info; info depth 20 seldepth 34 multipv 1 score cp -670 nodes 4537064 nps 1795434 hashfull 863 tbhits 0 time 2527 pv g3g2 f4d4 g2f1 h6h5 c5e6 d4f4 e6f4 g5f4 f1g2 c7c5 b3d1 f6g5 g2f2 c5c4 f2g2 g5g6 g2f2 h5h4 f2g1 g6f5 d1c2 f5f6
Position; fen rnbqkbnr/pppp1ppp/8/4p3/4P3/8/PPPP1PPP/RNBQKBNR w KQkq - 0 2
Moves; g1f3 b8c6 d2d4 e5d4 f1b5 a7a6 b5a4 f8c5 c2c3 d4c3 e1g1 g8e7 f3g5 c6e5 d1h5 e7g6 b1c3 h7h6 g5f7 e8f7 a4b3 f7f8 c1e3 d7d6 h2h3 d8h4 h5h4 g6h4 e3c5 d6c5 f2f4 e5f7 f4f5 f7e5 a1d1 c8d7 d1d5 a8e8 d5d2 b7b5 g1h2 c5c4 b3d1 b5b4 c3e2 f8e7 b2b3 d7c6 b3c4 h4g2 h2g2 e5c4 d2c2 c6e4 g2f2 e4c2 d1c2 h8f8 f1d1 e8d8 d1d4 d8d4 e2d4 e7f6 d4e6 f8f7 f2g3 c4e3 c2b3 e3f5 g3f4 g7g5 f4g4 f7d7 h3h4 f5h4 e6c5 d7d4 g4h3 h4g6 h3g3 a6a5 g3f2 d4f4 f2g3 g6e5
Finished game 36 (SF_2800 vs HiveChess): 0-1 {Black wins by adjudication}
Started game 42 of 1000 (SF_2600 vs HiveChess)
Warning; Bestmove does not match beginning of last PV - move d2g5 from SF_2900
Info; info depth 12 seldepth 21 multipv 1 score cp -62 nodes 184027 nps 661967 hashfull 63 tbhits 0 time 278 pv d1b2 d5c3 b1a1 d6d7 d2g5 g7f6 g5f4 e6d5 b2c4 d5c4 d3c4 e7e5 f4g3 d7f5 c1d2 f5c2 d2c3 d4c3
Position; fen rnbqkbnr/pppppp1p/6p1/8/4P3/8/PPPP1PPP/RNBQKBNR w KQkq - 0 2
Moves; g1f3 c7c5 d2d4 c5d4 f3d4 f8g7 f1e2 b8c6 d4c6 b7c6 b1c3 a8b8 e1g1 d7d6 h2h3 d8a5 a2a3 a5c7 f1e1 c8e6 e2f1 g8f6 a1b1 f6d7 d1d3 e8g8 d3d2 b8b7 b2b3 h7h5 c3d1 f8b8 f1a6 b7b6 a6f1 b6b7 f1a6 b7b6 a6e2 d6d5 d1c3 c7d6 e4d5 c6d5 e2f1 d7f6 f1d3 d5d4 c3d1 f6d5
Warning; Bestmove does not match beginning of last PV - move g7g5 from SF_2600
Info; info depth 20 seldepth 30 multipv 1 score cp -137 nodes 1686292 nps 651329 hashfull 557 tbhits 0 time 2589 pv b8d7 c2c4 g8f6 e1g1 f8e7 b1c3 e8g8 h2h3 d7e5 f3e5 d6e5 d3c2 f6e8 f1e1 e7d6 c3e4 d6c7 e4c5 f7f5 c1e3 d8d6 c5a4 e5e4
Position; fen rnbqkbnr/pp1ppppp/8/2p5/4P3/5N2/PPPP1PPP/RNBQKB1R b KQkq - 1 2
Moves; e7e6 d2d4 h7h6 d4d5 e6d5 e4d5 d7d6 f1d3
Warning; Bestmove does not match beginning of last PV - move f1b5 from SF_2600
Info; info depth 15 seldepth 36 multipv 1 score cp 29 nodes 543393 nps 673349 hashfull 170 tbhits 0 time 807 pv f3d4 g8f6 b1c3 a7a6 f1c4 e7e6 c4b3 b7b5 f2f3 f8e7 g2g4 b5b4
Position; fen rnbqkbnr/pp1ppppp/8/2p5/4P3/5N2/PPPP1PPP/RNBQKB1R b KQkq - 1 2
Moves; d7d6 d2d4 c5d4
Warning; Bestmove does not match beginning of last PV - move c1d2 from SF_3000
Info; info depth 14 seldepth 21 multipv 1 score cp -25 nodes 388524 nps 651885 hashfull 133 tbhits 0 time 596 pv d1e2 b7b5 c1h6 f8f7 e1f1 g8h8 h6f4 h7h6
Position; fen rnbqkbnr/pppp1ppp/4p3/8/3PP3/8/PPP2PPP/RNBQKBNR b KQkq - 0 2
Moves; d7d5 b1c3 g8f6 e4e5 f6d7 c3e2 c7c5 c2c3 d8b6 a2a3 b8c6 g1f3 a7a5 e2f4 a5a4 h2h3 b6b3 f1e2 b3d1 e2d1 d7b6 h3h4 c8d7 h1h3 c5d4 c3d4 b6c4 h4h5 f8e7 f4d3 e8g8 h3g3 f7f6
Warning; Bestmove does not match beginning of last PV - move c1d2 from SF_2900
Info; info depth 13 seldepth 24 multipv 1 score cp -61 nodes 225426 nps 663017 hashfull 78 tbhits 0 time 340 pv d1b2 d5c3 b1a1 g7f6 g5f4 d6d7 c1d2 b6c6 b2c4 e6c4 d3c4 c6c4 b3c4 c8c4 f4g3
Position; fen rnbqkbnr/pppppp1p/6p1/8/4P3/8/PPPP1PPP/RNBQKBNR w KQkq - 0 2
Moves; g1f3 c7c5 d2d4 c5d4 f3d4 f8g7 f1e2 b8c6 d4c6 b7c6 b1c3 a8b8 e1g1 d7d6 h2h3 d8a5 a2a3 a5c7 f1e1 c8e6 e2f1 g8f6 a1b1 f6d7 d1d3 e8g8 d3d2 b8b7 b2b3 h7h5 c3d1 f8b8 f1a6 b7b6 a6f1 b6b7 f1a6 b7b6 a6e2 d6d5 d1c3 c7d6 e4d5 c6d5 e2f1 d7f6 f1d3 d5d4 c3d1 f6d5 d2g5 b8c8
Warning; Bestmove does not match beginning of last PV - move e7d6 from SF_3000
Info; info depth 15 seldepth 19 multipv 1 score cp -144 nodes 303629 nps 774563 hashfull 101 tbhits 0 time 392 pv a7a5 g2g3 e7d6 g1b1 h8f8 b1e1 h6h5 d3e4 c6d7 h2h4 g5h4 g3h4 f8g8
Position; fen rnbqkbnr/pppp1ppp/4p3/8/3PP3/8/PPP2PPP/RNBQKBNR b KQkq - 0 2
Moves; d7d5 b1c3 g8f6 c1g5 h7h6 g5f6 d8f6 e4d5 c8d7 d1f3 f6f3 g1f3 c7c6 d5c6 d7c6 f3e5 f8b4 e1c1 b4c3 b2c3 e8e7 f1d3 b8d7 e5d7 c6d7 c3c4 d7c6 d1e1 a8d8 c2c3 d8c8 h1g1 b7b6 c1d2 g7g5 e1a1 c8b8 a2a4
Warning; Bestmove does not match beginning of last PV - move f3d4 from SF_2600
Info; info depth 16 seldepth 28 multipv 1 score cp -9 nodes 479176 nps 644920 hashfull 154 tbhits 0 time 743 pv b5d7 b8d7 d1d4 g8f6 c1e3 d8a5 b1c3 a7a6 b2b4 a5d8 e1c1 e7e6 e4e5 d6e5 f3e5 a8c8 c3e4
Position; fen rnbqkbnr/pp1ppppp/8/2p5/4P3/5N2/PPPP1PPP/RNBQKB1R b KQkq - 1 2
Moves; d7d6 d2d4 c5d4 f1b5 c8d7
Warning; Bestmove does not match beginning of last PV - move b8d7 from SF_2600
Info; info depth 17 seldepth 32 multipv 1 score cp -149 nodes 897183 nps 627839 hashfull 337 tbhits 0 time 1429 pv g8e7 b1c3 f8g7 f3d2 e8g8 f2f4 g5f4 d2c4 e7g6 d3g6 f7g6 c1f4 d8h4 f4d6 f8f1 d1f1 c8f5 c4e3 g7d4 a1e1 b8d7 c3b5 a8e8 b5d4 h4d4
Position; fen rnbqkbnr/pp1ppppp/8/2p5/4P3/5N2/PPPP1PPP/RNBQKB1R b KQkq - 1 2
Moves; e7e6 d2d4 h7h6 d4d5 e6d5 e4d5 d7d6 f1d3 g7g5 e1g1
Warning; Bestmove does not match beginning of last PV - move f7f5 from SF_3000
Info; info depth 16 seldepth 21 multipv 1 score cp -144 nodes 330667 nps 818482 hashfull 113 tbhits 0 time 404 pv a7a5 g1b1 d6c7 b1e1 b8e8 d3e4 c6d7 e4f3 f7f6 f3h5 e8b8 f2f4 g5f4 g3f4
Position; fen rnbqkbnr/pppp1ppp/4p3/8/3PP3/8/PPP2PPP/RNBQKBNR b KQkq - 0 2
Moves; d7d5 b1c3 g8f6 c1g5 h7h6 g5f6 d8f6 e4d5 c8d7 d1f3 f6f3 g1f3 c7c6 d5c6 d7c6 f3e5 f8b4 e1c1 b4c3 b2c3 e8e7 f1d3 b8d7 e5d7 c6d7 c3c4 d7c6 d1e1 a8d8 c2c3 d8c8 h1g1 b7b6 c1d2 g7g5 e1a1 c8b8 a2a4 e7d6 g2g3
Warning; Bestmove does not match beginning of last PV - move d1e2 from SF_2600
Info; info depth 15 seldepth 25 multipv 1 score cp 0 nodes 570462 nps 667207 hashfull 186 tbhits 0 time 855 pv b5d7 b8d7 d1e2 d8b6 d4b3 b6c6 b1c3 g7g6 b3d4 c6b6 d4b3
Position; fen rnbqkbnr/pp1ppppp/8/2p5/4P3/5N2/PPPP1PPP/RNBQKB1R b KQkq - 1 2
Moves; d7d6 d2d4 c5d4 f1b5 c8d7 f3d4 g8f6
Warning; Bestmove does not match beginning of last PV - move g8e7 from SF_2600
Info; info depth 18 seldepth 30 multipv 1 score cp -195 nodes 1064903 nps 676558 hashfull 407 tbhits 0 time 1574 pv f8e7 b1c3 g5g4 f3d2 d7e5 a1b1 e8f8 b2b4 c5b4 b1b4 h6h5 b4f4 a7a6 c1b2 h8h6
Position; fen rnbqkbnr/pp1ppppp/8/2p5/4P3/5N2/PPPP1PPP/RNBQKB1R b KQkq - 1 2
Moves; e7e6 d2d4 h7h6 d4d5 e6d5 e4d5 d7d6 f1d3 g7g5 e1g1 b8d7 f1e1
Warning; Bestmove does not match beginning of last PV - move h5h6 from SF_3000
Info; info depth 17 seldepth 6 multipv 1 score cp 0 nodes 617121 nps 777230 hashfull 207 tbhits 0 time 794 pv d3f4 e8d7 f4d3 d7e8 d3f4
Position; fen rnbqkbnr/pppp1ppp/4p3/8/3PP3/8/PPP2PPP/RNBQKBNR b KQkq - 0 2
Moves; d7d5 b1c3 g8f6 e4e5 f6d7 c3e2 c7c5 c2c3 d8b6 a2a3 b8c6 g1f3 a7a5 e2f4 a5a4 h2h3 b6b3 f1e2 b3d1 e2d1 d7b6 h3h4 c8d7 h1h3 c5d4 c3d4 b6c4 h4h5 f8e7 f4d3 e8g8 h3g3 f7f6 c1d2 c4d2 e1d2 g8h8 a1c1 d7e8
Warning; Bestmove does not match beginning of last PV - move h8f8 from SF_3000
Info; info depth 17 seldepth 36 multipv 1 score cp -200 nodes 610094 nps 869079 hashfull 207 tbhits 0 time 702 pv d6c7 b1e1 c7d6 e1e5 h6h5 a1e1 h8h6 a4a5 h5h4 g3h4 g5g4
Position; fen rnbqkbnr/pppp1ppp/4p3/8/3PP3/8/PPP2PPP/RNBQKBNR b KQkq - 0 2
Moves; d7d5 b1c3 g8f6 c1g5 h7h6 g5f6 d8f6 e4d5 c8d7 d1f3 f6f3 g1f3 c7c6 d5c6 d7c6 f3e5 f8b4 e1c1 b4c3 b2c3 e8e7 f1d3 b8d7 e5d7 c6d7 c3c4 d7c6 d1e1 a8d8 c2c3 d8c8 h1g1 b7b6 c1d2 g7g5 e1a1 c8b8 a2a4 e7d6 g2g3 f7f5 g1b1
Warning; Bestmove does not match beginning of last PV - move c2c3 from SF_2600
Info; info depth 17 seldepth 27 multipv 1 score cp -6 nodes 715331 nps 690473 hashfull 236 tbhits 0 time 1036 pv d4c6 b7c6 b5d3 g7g6 b1c3 f8g7 e1g1 e8g8 c1d2 d7c8 c3a4 f6d7 d2c3 d8c7 c3g7 g8g7
Position; fen rnbqkbnr/pp1ppppp/8/2p5/4P3/5N2/PPPP1PPP/RNBQKB1R b KQkq - 1 2
Moves; d7d6 d2d4 c5d4 f1b5 c8d7 f3d4 g8f6 d1e2 b8c6
Warning; Bestmove does not match beginning of last PV - move c5c4 from SF_2600
Info; info depth 18 seldepth 32 multipv 1 score cp -216 nodes 1316800 nps 679463 hashfull 509 tbhits 0 time 1938 pv d7f6 h2h4 g5g4 c1f4 f8g7 c3b5 e8g8 f4d6 e7d5 d6f8 d8f8 f3e5 c8e6 c2c4 d5f4 d3f1 a8d8 d1c1 f6h5 g2g3 g7e5 e1e5 h5g3 c1f4
Position; fen rnbqkbnr/pp1ppppp/8/2p5/4P3/5N2/PPPP1PPP/RNBQKB1R b KQkq - 1 2
Moves; e7e6 d2d4 h7h6 d4d5 e6d5 e4d5 d7d6 f1d3 g7g5 e1g1 b8d7 f1e1 g8e7 b1c3
Warning; Bestmove does not match beginning of last PV - move b8a8 from SF_3000
Info; info depth 17 seldepth 36 multipv 1 score cp -240 nodes 490035 nps 862737 hashfull 189 tbhits 0 time 568 pv f5f4 a5b6 a7b6 a1a7 b8a8 a7a8 f8a8 b1b6 a8a2 d2e1 d6c7 c4c5 a2a3 g3f4 g5f4 d3c4 a3c3 c4e6 c6e4 h2h4 c3c1 e1d2 c1c2 d2d1 c2f2 d4d5 e4f3 d1c1 f2f1 c1b2
Position; fen rnbqkbnr/pppp1ppp/4p3/8/3PP3/8/PPP2PPP/RNBQKBNR b KQkq - 0 2
Moves; d7d5 b1c3 g8f6 c1g5 h7h6 g5f6 d8f6 e4d5 c8d7 d1f3 f6f3 g1f3 c7c6 d5c6 d7c6 f3e5 f8b4 e1c1 b4c3 b2c3 e8e7 f1d3 b8d7 e5d7 c6d7 c3c4 d7c6 d1e1 a8d8 c2c3 d8c8 h1g1 b7b6 c1d2 g7g5 e1a1 c8b8 a2a4 e7d6 g2g3 f7f5 g1b1 h8f8 a4a5
Warning; Bestmove does not match beginning of last PV - move d3f4 from SF_3000
Info; info depth 17 seldepth 21 multipv 1 score cp -44 nodes 685488 nps 787917 hashfull 224 tbhits 0 time 870 pv d3c5 c6d8 c5d3 f6e5 f3e5 d8c6 e5c6 b7c6 f2f4 h6h5 g3h3 h5h4 g2g3 e7f6 d2e3 f8g8
Position; fen rnbqkbnr/pppp1ppp/4p3/8/3PP3/8/PPP2PPP/RNBQKBNR b KQkq - 0 2
Moves; d7d5 b1c3 g8f6 e4e5 f6d7 c3e2 c7c5 c2c3 d8b6 a2a3 b8c6 g1f3 a7a5 e2f4 a5a4 h2h3 b6b3 f1e2 b3d1 e2d1 d7b6 h3h4 c8d7 h1h3 c5d4 c3d4 b6c4 h4h5 f8e7 f4d3 e8g8 h3g3 f7f6 c1d2 c4d2 e1d2 g8h8 a1c1 d7e8 h5h6 g7h6
Warning; Bestmove does not match beginning of last PV - move h4g3 from SF_2900
Info; info depth 11 seldepth 15 multipv 1 score cp -84 nodes 31586 nps 831210 hashfull 9 tbhits 0 time 38 pv h4e4 d5c3 e4f4 d6d8 f4g3 e6f5 b2c4 f5d3 c2d3 c5f5 b3b4 d8d7
Position; fen rnbqkbnr/pppppp1p/6p1/8/4P3/8/PPPP1PPP/RNBQKBNR w KQkq - 0 2
Moves; g1f3 c7c5 d2d4 c5d4 f3d4 f8g7 f1e2 b8c6 d4c6 b7c6 b1c3 a8b8 e1g1 d7d6 h2h3 d8a5 a2a3 a5c7 f1e1 c8e6 e2f1 g8f6 a1b1 f6d7 d1d3 e8g8 d3d2 b8b7 b2b3 h7h5 c3d1 f8b8 f1a6 b7b6 a6f1 b6b7 f1a6 b7b6 a6e2 d6d5 d1c3 c7d6 e4d5 c6d5 e2f1 d7f6 f1d3 d5d4 c3d1 f6d5 d2g5 b8c8 c1d2 c8c5 b1c1 b6c6 g5h4 c6c8 d1b2 g7f6
Warning; Bestmove does not match beginning of last PV - move g3h3 from SF_3000
Info; info depth 15 seldepth 28 multipv 1 score cp -45 nodes 543001 nps 772405 hashfull 189 tbhits 0 time 703 pv d1c2 f6e5 d4e5 f8g8 g3h3 e7f8 d2e2 g8g4 g2g3 f8g7 c2d3 h8g8 c1h1 a8b8 d3b5 c6e5 f3e5 g7e5 h3h6 e5g7 h6h7 g4g5 b5a4
Position; fen rnbqkbnr/pppp1ppp/4p3/8/3PP3/8/PPP2PPP/RNBQKBNR b KQkq - 0 2
Moves; d7d5 b1c3 g8f6 e4e5 f6d7 c3e2 c7c5 c2c3 d8b6 a2a3 b8c6 g1f3 a7a5 e2f4 a5a4 h2h3 b6b3 f1e2 b3d1 e2d1 d7b6 h3h4 c8d7 h1h3 c5d4 c3d4 b6c4 h4h5 f8e7 f4d3 e8g8 h3g3 f7f6 c1d2 c4d2 e1d2 g8h8 a1c1 d7e8 h5h6 g7h6 d3f4 e8f7
Warning; Bestmove does not match beginning of last PV - move f1d1 from SF_2600
Info; info depth 17 seldepth 22 multipv 1 score cp -19 nodes 839431 nps 650721 hashfull 306 tbhits 0 time 1290 pv b5d3 e8g8 h2h3 f6h5 d4f3 d8c7 a2a4 c6e5 f3e5 d6e5 f1e1 f8e8 c1e3
Position; fen rnbqkbnr/pp1ppppp/8/2p5/4P3/5N2/PPPP1PPP/RNBQKB1R b KQkq - 1 2
Moves; d7d6 d2d4 c5d4 f1b5 c8d7 f3d4 g8f6 d1e2 b8c6 c2c3 g7g6 e1g1 f8g7
Warning; Bestmove does not match beginning of last PV - move d4f3 from SF_2600
Info; info depth 15 seldepth 22 multipv 1 score cp -17 nodes 356322 nps 715506 hashfull 116 tbhits 0 time 498 pv b1a3 a7a6 b5c6 b7c6 e4e5 f6d5 e5e6 d7e6 d4e6 f7e6 e2e6 g8h8 e6e2 d8b6
Position; fen rnbqkbnr/pp1ppppp/8/2p5/4P3/5N2/PPPP1PPP/RNBQKB1R b KQkq - 1 2
Moves; d7d6 d2d4 c5d4 f1b5 c8d7 f3d4 g8f6 d1e2 b8c6 c2c3 g7g6 e1g1 f8g7 f1d1 e8g8
Warning; Bestmove does not match beginning of last PV - move a1a3 from HiveChess
Info; info depth 17 score cp 327 nodes 5868544 pv h2h4 f5f4 a5b6 f4g3 c4c5 d6d7 f2g3 f8f2 d2d3 g5h4 g3h4 f2f3 d3c4 c6d5 c4b4 a7b6 c5b6
Position; fen rnbqkbnr/pppp1ppp/4p3/8/3PP3/8/PPP2PPP/RNBQKBNR b KQkq - 0 2
Moves; d7d5 b1c3 g8f6 c1g5 h7h6 g5f6 d8f6 e4d5 c8d7 d1f3 f6f3 g1f3 c7c6 d5c6 d7c6 f3e5 f8b4 e1c1 b4c3 b2c3 e8e7 f1d3 b8d7 e5d7 c6d7 c3c4 d7c6 d1e1 a8d8 c2c3 d8c8 h1g1 b7b6 c1d2 g7g5 e1a1 c8b8 a2a4 e7d6 g2g3 f7f5 g1b1 h8f8 a4a5 b8a8 d3c2 h6h5
Warning; Bestmove does not match beginning of last PV - move f8h8 from SF_3000
Info; info depth 15 seldepth 26 multipv 1 score cp -188 nodes 264767 nps 916148 hashfull 91 tbhits 0 time 289 pv h5h4 a5b6 a7b6 a3a8 f8a8 b1b6 d6c7 b6b2 a8a1 g3h4 g5h4 c2b1 f5f4 c4c5 c6f3 h2h3
Position; fen rnbqkbnr/pppp1ppp/4p3/8/3PP3/8/PPP2PPP/RNBQKBNR b KQkq - 0 2
Moves; d7d5 b1c3 g8f6 c1g5 h7h6 g5f6 d8f6 e4d5 c8d7 d1f3 f6f3 g1f3 c7c6 d5c6 d7c6 f3e5 f8b4 e1c1 b4c3 b2c3 e8e7 f1d3 b8d7 e5d7 c6d7 c3c4 d7c6 d1e1 a8d8 c2c3 d8c8 h1g1 b7b6 c1d2 g7g5 e1a1 c8b8 a2a4 e7d6 g2g3 f7f5 g1b1 h8f8 a4a5 b8a8 d3c2 h6h5 a1a3
Warning; Bestmove does not match beginning of last PV - move b5c4 from SF_2600
Info; info depth 15 seldepth 25 multipv 1 score cp -22 nodes 442573 nps 669550 hashfull 148 tbhits 0 time 661 pv b5d3 d8c7 h2h3 h7h6 a2a4 c6a5 b1d2 f6h5 d3c2 b7b5 d2f1 a5c4 a4b5 a6b5 a1a8 f8a8
Position; fen rnbqkbnr/pp1ppppp/8/2p5/4P3/5N2/PPPP1PPP/RNBQKB1R b KQkq - 1 2
Moves; d7d6 d2d4 c5d4 f1b5 c8d7 f3d4 g8f6 d1e2 b8c6 c2c3 g7g6 e1g1 f8g7 f1d1 e8g8 d4f3 a7a6
Warning; Bestmove does not match beginning of last PV - move c4d3 from SF_2600
Info; info depth 18 seldepth 32 multipv 1 score cp -39 nodes 1108597 nps 644533 hashfull 409 tbhits 0 time 1720 pv c4b3 d8c7 h2h3 h7h6 a2a4 c7b7 a4b5 a6b5 a1a8 f8a8 b1a3 b5b4 c3b4 b7b4 b3c4 a8c8
Position; fen rnbqkbnr/pp1ppppp/8/2p5/4P3/5N2/PPPP1PPP/RNBQKB1R b KQkq - 1 2
Moves; d7d6 d2d4 c5d4 f1b5 c8d7 f3d4 g8f6 d1e2 b8c6 c2c3 g7g6 e1g1 f8g7 f1d1 e8g8 d4f3 a7a6 b5c4 b7b5
Warning; Bestmove does not match beginning of last PV - move g7f6 from SF_2600
Info; info depth 17 seldepth 27 multipv 1 score cp -334 nodes 921030 nps 698808 hashfull 370 tbhits 0 time 1318 pv b6d5 h2h4 g7f6 h4g5 h6g5 c1g5 f6g5 f3g5 d8d6 g5h3 h8h4 d1f3 d5f4 a1d1 f4h3 g2h3
Position; fen rnbqkbnr/pp1ppppp/8/2p5/4P3/5N2/PPPP1PPP/RNBQKB1R b KQkq - 1 2
Moves; e7e6 d2d4 h7h6 d4d5 e6d5 e4d5 d7d6 f1d3 g7g5 e1g1 b8d7 f1e1 g8e7 b1c3 c5c4 c3e4 f8g7 e4d6 e8f8 d3c4 d7b6 d6c8 a8c8 c4b3
Warning; Bestmove does not match beginning of last PV - move a7b6 from SF_3000
Info; info depth 12 seldepth 24 multipv 1 score cp -216 nodes 36096 nps 925538 hashfull 12 tbhits 0 time 39 pv g8g2 b6b7 a8b8 c4c5 d6d7 c2d3 b8b7 b3b7 c6b7 d2e2 g2h2 e1a1 d7c7 a1a7 h2h4 d3b5
Position; fen rnbqkbnr/pppp1ppp/4p3/8/3PP3/8/PPP2PPP/RNBQKBNR b KQkq - 0 2
Moves; d7d5 b1c3 g8f6 c1g5 h7h6 g5f6 d8f6 e4d5 c8d7 d1f3 f6f3 g1f3 c7c6 d5c6 d7c6 f3e5 f8b4 e1c1 b4c3 b2c3 e8e7 f1d3 b8d7 e5d7 c6d7 c3c4 d7c6 d1e1 a8d8 c2c3 d8c8 h1g1 b7b6 c1d2 g7g5 e1a1 c8b8 a2a4 e7d6 g2g3 f7f5 g1b1 h8f8 a4a5 b8a8 d3c2 h6h5 a1a3 f8h8 h2h4 g5h4 g3h4 d6c7 b1e1 c7d6 a3b3 h8g8 a5b6
Warning; Bestmove does not match beginning of last PV - move h2h3 from SF_2600
Info; info depth 18 seldepth 29 multipv 1 score cp -36 nodes 844588 nps 665553 hashfull 297 tbhits 0 time 1269 pv b1a3 d8c7 h2h3 g4e5 f3e5 c6e5 a3c2 c7b7 c1g5 d7c6
Position; fen rnbqkbnr/pp1ppppp/8/2p5/4P3/5N2/PPPP1PPP/RNBQKB1R b KQkq - 1 2
Moves; d7d6 d2d4 c5d4 f1b5 c8d7 f3d4 g8f6 d1e2 b8c6 c2c3 g7g6 e1g1 f8g7 f1d1 e8g8 d4f3 a7a6 b5c4 b7b5 c4d3 f6g4
Warning; Bestmove does not match beginning of last PV - move b6d5 from SF_2600
Info; info depth 15 seldepth 32 multipv 1 score cp -343 nodes 394529 nps 725237 hashfull 181 tbhits 0 time 544 pv e7d5 e5g4 f8g7 h2h4 d8d7 g4f6 d5f6 h4g5 h6g5 c1g5 d7f5 g5f6 f5f6 d1g4 g7f8 a1d1 f6h6 f2f3 a7a5 a2a4 b6c4 g4c8 f8g7 c8c4
Position; fen rnbqkbnr/pp1ppppp/8/2p5/4P3/5N2/PPPP1PPP/RNBQKB1R b KQkq - 1 2
Moves; e7e6 d2d4 h7h6 d4d5 e6d5 e4d5 d7d6 f1d3 g7g5 e1g1 b8d7 f1e1 g8e7 b1c3 c5c4 c3e4 f8g7 e4d6 e8f8 d3c4 d7b6 d6c8 a8c8 c4b3 g7f6 f3e5
Warning; Bestmove does not match beginning of last PV - move c1c5 from SF_3000
Info; info depth 13 seldepth 29 multipv 1 score cp -42 nodes 281457 nps 801871 hashfull 95 tbhits 0 time 351 pv c1c3 a6a5 d2c1 h8g7 d1e2 f8f7 c1d2 d5d4 c3c4
Position; fen rnbqkbnr/pppp1ppp/4p3/8/3PP3/8/PPP2PPP/RNBQKBNR b KQkq - 0 2
Moves; d7d5 b1c3 g8f6 e4e5 f6d7 c3e2 c7c5 c2c3 d8b6 a2a3 b8c6 g1f3 a7a5 e2f4 a5a4 h2h3 b6b3 f1e2 b3d1 e2d1 d7b6 h3h4 c8d7 h1h3 c5d4 c3d4 b6c4 h4h5 f8e7 f4d3 e8g8 h3g3 f7f6 c1d2 c4d2 e1d2 g8h8 a1c1 d7e8 h5h6 g7h6 d3f4 e8f7 g3h3 f6e5 d4e5 e7g5 g2g3 g5f4 g3f4 f7g6 h3h4 a8a6
Warning; Bestmove does not match beginning of last PV - move f6g7 from SF_2600
Info; info depth 17 seldepth 32 multipv 1 score cp -410 nodes 798727 nps 759968 hashfull 319 tbhits 0 time 1051 pv h8g8 c2c4 h6h5 g4h6 g8g6 h6f7 f8f7 c4d5 f7g7 b3c2 g6h6 d5d6 e7c6 c2f5 c8b8 c1e3 f6b2 a1b1 d8d6
Position; fen rnbqkbnr/pp1ppppp/8/2p5/4P3/5N2/PPPP1PPP/RNBQKB1R b KQkq - 1 2
Moves; e7e6 d2d4 h7h6 d4d5 e6d5 e4d5 d7d6 f1d3 g7g5 e1g1 b8d7 f1e1 g8e7 b1c3 c5c4 c3e4 f8g7 e4d6 e8f8 d3c4 d7b6 d6c8 a8c8 c4b3 g7f6 f3e5 b6d5 e5g4
Warning; Bestmove does not match beginning of last PV - move c1f4 from SF_2600
Info; info depth 16 seldepth 17 multipv 1 score cp -40 nodes 875872 nps 619866 hashfull 321 tbhits 0 time 1413 pv f3e5 c6e5 c1g5 a8b8 b1d2 e5d3 e2d3 b5b4 d3a6 h7h6 g5e3 d7b5 a6a7 b5c6 a7a6 d8d7
Position; fen rnbqkbnr/pp1ppppp/8/2p5/4P3/5N2/PPPP1PPP/RNBQKB1R b KQkq - 1 2
Moves; d7d6 d2d4 c5d4 f1b5 c8d7 f3d4 g8f6 d1e2 b8c6 c2c3 g7g6 e1g1 f8g7 f1d1 e8g8 d4f3 a7a6 b5c4 b7b5 c4d3 f6g4 h2h3 g4e5
Warning; Bestmove does not match beginning of last PV - move g3g4 from SF_2900
Info; info depth 10 seldepth 13 multipv 1 score cp -110 nodes 26361 nps 976333 hashfull 7 tbhits 0 time 27 pv b3a4 c2d2 e5g6 d4d3 a1b1 d2c2 g6f4 f6d4 g1h2 d3d2 e1d1 e6c4
Position; fen rnbqkbnr/pppppp1p/6p1/8/4P3/8/PPPP1PPP/RNBQKBNR w KQkq - 0 2
Moves; g1f3 c7c5 d2d4 c5d4 f3d4 f8g7 f1e2 b8c6 d4c6 b7c6 b1c3 a8b8 e1g1 d7d6 h2h3 d8a5 a2a3 a5c7 f1e1 c8e6 e2f1 g8f6 a1b1 f6d7 d1d3 e8g8 d3d2 b8b7 b2b3 h7h5 c3d1 f8b8 f1a6 b7b6 a6f1 b6b7 f1a6 b7b6 a6e2 d6d5 d1c3 c7d6 e4d5 c6d5 e2f1 d7f6 f1d3 d5d4 c3d1 f6d5 d2g5 b8c8 c1d2 c8c5 b1c1 b6c6 g5h4 c6c8 d1b2 g7f6 h4g3 d6g3 f2g3 d5c3 c1a1 c5c6 b2c4 c3a4 c4e5 c6c2 d3c2 c8c2
Warning; Bestmove does not match beginning of last PV - move e5f3 from SF_2900
Info; info depth 11 seldepth 17 multipv 1 score cp -193 nodes 35705 nps 870853 hashfull 14 tbhits 0 time 41 pv d2f4 d4d3 e5f3 h5g4 h3g4 g6g5 f3g5 e6g4 g5f3 g4f3 g2f3 d3d2 e1f1
Position; fen rnbqkbnr/pppppp1p/6p1/8/4P3/8/PPPP1PPP/RNBQKBNR w KQkq - 0 2
Moves; g1f3 c7c5 d2d4 c5d4 f3d4 f8g7 f1e2 b8c6 d4c6 b7c6 b1c3 a8b8 e1g1 d7d6 h2h3 d8a5 a2a3 a5c7 f1e1 c8e6 e2f1 g8f6 a1b1 f6d7 d1d3 e8g8 d3d2 b8b7 b2b3 h7h5 c3d1 f8b8 f1a6 b7b6 a6f1 b6b7 f1a6 b7b6 a6e2 d6d5 d1c3 c7d6 e4d5 c6d5 e2f1 d7f6 f1d3 d5d4 c3d1 f6d5 d2g5 b8c8 c1d2 c8c5 b1c1 b6c6 g5h4 c6c8 d1b2 g7f6 h4g3 d6g3 f2g3 d5c3 c1a1 c5c6 b2c4 c3a4 c4e5 c6c2 d3c2 c8c2 g3g4 a4b2
Warning; Bestmove does not match beginning of last PV - move e1e2 from SF_2900
Info; info depth 11 seldepth 20 multipv 1 score cp -191 nodes 29971 nps 788710 hashfull 10 tbhits 0 time 38 pv e1f1 h5g4 h3g4 e6g4 d2h6 g4f3 f1f3 d3e5 f3f4 d4d3
Position; fen rnbqkbnr/pppppp1p/6p1/8/4P3/8/PPPP1PPP/RNBQKBNR w KQkq - 0 2
Moves; g1f3 c7c5 d2d4 c5d4 f3d4 f8g7 f1e2 b8c6 d4c6 b7c6 b1c3 a8b8 e1g1 d7d6 h2h3 d8a5 a2a3 a5c7 f1e1 c8e6 e2f1 g8f6 a1b1 f6d7 d1d3 e8g8 d3d2 b8b7 b2b3 h7h5 c3d1 f8b8 f1a6 b7b6 a6f1 b6b7 f1a6 b7b6 a6e2 d6d5 d1c3 c7d6 e4d5 c6d5 e2f1 d7f6 f1d3 d5d4 c3d1 f6d5 d2g5 b8c8 c1d2 c8c5 b1c1 b6c6 g5h4 c6c8 d1b2 g7f6 h4g3 d6g3 f2g3 d5c3 c1a1 c5c6 b2c4 c3a4 c4e5 c6c2 d3c2 c8c2 g3g4 a4b2 e5f3 b2d3
Warning; Bestmove does not match beginning of last PV - move f4h6 from SF_2600
Info; info depth 17 seldepth 25 multipv 1 score cp -41 nodes 1148035 nps 657522 hashfull 397 tbhits 0 time 1746 pv b1d2 b5b4 d3c4 b4c3 b2c3 c6e5 c4d5 a8a7 d2f3 e7e6 d5b3 a7b7 f3e5 d6e5 f4g5 a6a5 c3c4
Position; fen rnbqkbnr/pp1ppppp/8/2p5/4P3/5N2/PPPP1PPP/RNBQKB1R b KQkq - 1 2
Moves; d7d6 d2d4 c5d4 f1b5 c8d7 f3d4 g8f6 d1e2 b8c6 c2c3 g7g6 e1g1 f8g7 f1d1 e8g8 d4f3 a7a6 b5c4 b7b5 c4d3 f6g4 h2h3 g4e5 c1f4 e5f3 e2f3 d8c7 f3e3 f8b8
Warning; Bestmove does not match beginning of last PV - move h4h6 from SF_3000
Info; info depth 8 seldepth 14 multipv 1 score cp 16 nodes 19040 nps 1002105 hashfull 4 tbhits 0 time 19 pv f3d2 c6e7 d1a4 e7g6 h4h6 g6f4 a4c2
Position; fen rnbqkbnr/pppp1ppp/4p3/8/3PP3/8/PPP2PPP/RNBQKBNR b KQkq - 0 2
Moves; d7d5 b1c3 g8f6 e4e5 f6d7 c3e2 c7c5 c2c3 d8b6 a2a3 b8c6 g1f3 a7a5 e2f4 a5a4 h2h3 b6b3 f1e2 b3d1 e2d1 d7b6 h3h4 c8d7 h1h3 c5d4 c3d4 b6c4 h4h5 f8e7 f4d3 e8g8 h3g3 f7f6 c1d2 c4d2 e1d2 g8h8 a1c1 d7e8 h5h6 g7h6 d3f4 e8f7 g3h3 f6e5 d4e5 e7g5 g2g3 g5f4 g3f4 f7g6 h3h4 a8a6 c1c5 g6e4 c5c3 d5d4 c3c5 a6b6 d2c1 e4d5
Warning; Bestmove does not match beginning of last PV - move c8c7 from SF_2600
Info; info depth 15 seldepth 30 multipv 1 score cp -395 nodes 407583 nps 766133 hashfull 160 tbhits 0 time 532 pv e7c6 c1d2 h8h7 h2h3 f6f5 e4e6 c6d4 e2e5 d4e6 e5f5 d5f6 b3e6
Position; fen rnbqkbnr/pp1ppppp/8/2p5/4P3/5N2/PPPP1PPP/RNBQKB1R b KQkq - 1 2
Moves; e7e6 d2d4 h7h6 d4d5 e6d5 e4d5 d7d6 f1d3 g7g5 e1g1 b8d7 f1e1 g8e7 b1c3 c5c4 c3e4 f8g7 e4d6 e8f8 d3c4 d7b6 d6c8 a8c8 c4b3 g7f6 f3e5 b6d5 e5g4 f6g7 d1f3 h6h5 g4e5 g7e5 e1e5 g5g4 f3e2 f7f6 e5e4
Warning; Bestmove does not match beginning of last PV - move f3g5 from SF_3000
Info; info depth 10 seldepth 16 multipv 1 score cp -129 nodes 62880 nps 1014193 hashfull 16 tbhits 0 time 62 pv h6h3 h8g7
Position; fen rnbqkbnr/pppp1ppp/4p3/8/3PP3/8/PPP2PPP/RNBQKBNR b KQkq - 0 2
Moves; d7d5 b1c3 g8f6 e4e5 f6d7 c3e2 c7c5 c2c3 d8b6 a2a3 b8c6 g1f3 a7a5 e2f4 a5a4 h2h3 b6b3 f1e2 b3d1 e2d1 d7b6 h3h4 c8d7 h1h3 c5d4 c3d4 b6c4 h4h5 f8e7 f4d3 e8g8 h3g3 f7f6 c1d2 c4d2 e1d2 g8h8 a1c1 d7e8 h5h6 g7h6 d3f4 e8f7 g3h3 f6e5 d4e5 e7g5 g2g3 g5f4 g3f4 f7g6 h3h4 a8a6 c1c5 g6e4 c5c3 d5d4 c3c5 a6b6 d2c1 e4d5 h4h6 f8f4
Warning; Bestmove does not match beginning of last PV - move e3c1 from SF_2600
Info; info depth 16 seldepth 28 multipv 1 score cp -39 nodes 536193 nps 698167 hashfull 189 tbhits 0 time 768 pv e3b6 b8b6 h6g7 g8g7 b1d2 d7e6 f2f4 b5b4 c3b4 c6b4 d3c4 a6a5 c4e6 f7e6 a2a3 b4c2 a1b1
Position; fen rnbqkbnr/pp1ppppp/8/2p5/4P3/5N2/PPPP1PPP/RNBQKB1R b KQkq - 1 2
Moves; d7d6 d2d4 c5d4 f1b5 c8d7 f3d4 g8f6 d1e2 b8c6 c2c3 g7g6 e1g1 f8g7 f1d1 e8g8 d4f3 a7a6 b5c4 b7b5 c4d3 f6g4 h2h3 g4e5 c1f4 e5f3 e2f3 d8c7 f3e3 f8b8 f4h6 c7b6
Warning; Bestmove does not match beginning of last PV - move h6h7 from SF_3000
Info; info depth 10 seldepth 11 multipv 1 score cp -64 nodes 59526 nps 1026310 hashfull 10 tbhits 0 time 58 pv d1c2 d4d3 h6h7 h8g8 c5c8 f4f8 c8f8 g8f8 c2a4 e5c4
Position; fen rnbqkbnr/pppp1ppp/4p3/8/3PP3/8/PPP2PPP/RNBQKBNR b KQkq - 0 2
Moves; d7d5 b1c3 g8f6 e4e5 f6d7 c3e2 c7c5 c2c3 d8b6 a2a3 b8c6 g1f3 a7a5 e2f4 a5a4 h2h3 b6b3 f1e2 b3d1 e2d1 d7b6 h3h4 c8d7 h1h3 c5d4 c3d4 b6c4 h4h5 f8e7 f4d3 e8g8 h3g3 f7f6 c1d2 c4d2 e1d2 g8h8 a1c1 d7e8 h5h6 g7h6 d3f4 e8f7 g3h3 f6e5 d4e5 e7g5 g2g3 g5f4 g3f4 f7g6 h3h4 a8a6 c1c5 g6e4 c5c3 d5d4 c3c5 a6b6 d2c1 e4d5 h4h6 f8f4 f3g5 c6e5
Warning; Bestmove does not match beginning of last PV - move b1a3 from SF_2600
Info; info depth 14 seldepth 21 multipv 1 score cp -37 nodes 408373 nps 671666 hashfull 152 tbhits 0 time 608 pv h6g7 g8g7 b1a3 d7c6 c1d2 a6a5 a1c1 b6c5 a3c2 e5d3 d2d3 c5c4 d3d4 f7f6
Position; fen rnbqkbnr/pp1ppppp/8/2p5/4P3/5N2/PPPP1PPP/RNBQKB1R b KQkq - 1 2
Moves; d7d6 d2d4 c5d4 f1b5 c8d7 f3d4 g8f6 d1e2 b8c6 c2c3 g7g6 e1g1 f8g7 f1d1 e8g8 d4f3 a7a6 b5c4 b7b5 c4d3 f6g4 h2h3 g4e5 c1f4 e5f3 e2f3 d8c7 f3e3 f8b8 f4h6 c7b6 e3c1 c6e5
Warning; Bestmove does not match beginning of last PV - move f8f7 from SF_2600
Info; info depth 14 seldepth 30 multipv 1 score cp -379 nodes 173974 nps 746669 hashfull 67 tbhits 0 time 233 pv f8g7 h2h3 g4h3 e2f3 d5e7 d2c3 e7g6 e1d1 d8f8 f3h3 c6e5 h3f5 b7b5
Position; fen rnbqkbnr/pp1ppppp/8/2p5/4P3/5N2/PPPP1PPP/RNBQKB1R b KQkq - 1 2
Moves; e7e6 d2d4 h7h6 d4d5 e6d5 e4d5 d7d6 f1d3 g7g5 e1g1 b8d7 f1e1 g8e7 b1c3 c5c4 c3e4 f8g7 e4d6 e8f8 d3c4 d7b6 d6c8 a8c8 c4b3 g7f6 f3e5 b6d5 e5g4 f6g7 d1f3 h6h5 g4e5 g7e5 e1e5 g5g4 f3e2 f7f6 e5e4 c8c7 c1d2 e7c6 a1e1
Warning; Bestmove does not match beginning of last PV - move f6f5 from SF_2600
Info; info depth 15 seldepth 23 multipv 1 score cp -480 nodes 229324 nps 728012 hashfull 93 tbhits 0 time 315 pv g4h3 e2d3 c7d7 d3h3 a7a6 h3g3 b7b5 c2c4 b5c4 b3c4 d7d6 d2c3 h5h4 g3g4
Position; fen rnbqkbnr/pp1ppppp/8/2p5/4P3/5N2/PPPP1PPP/RNBQKB1R b KQkq - 1 2
Moves; e7e6 d2d4 h7h6 d4d5 e6d5 e4d5 d7d6 f1d3 g7g5 e1g1 b8d7 f1e1 g8e7 b1c3 c5c4 c3e4 f8g7 e4d6 e8f8 d3c4 d7b6 d6c8 a8c8 c4b3 g7f6 f3e5 b6d5 e5g4 f6g7 d1f3 h6h5 g4e5 g7e5 e1e5 g5g4 f3e2 f7f6 e5e4 c8c7 c1d2 e7c6 a1e1 f8f7 h2h3
Warning; Bestmove does not match beginning of last PV - move c5c8 from SF_3000
Info; info depth 11 seldepth 21 multipv 1 score cp -78 nodes 54153 nps 1002833 hashfull 13 tbhits 0 time 54 pv d1c2 b6c6 c5c6 b7c6 h7e7 f4f2 e7e8 f2f8 c2h7 g8g7 g5e6 d5e6 e8e6 f8f1 c1d2 e5c4 d2e2
Position; fen rnbqkbnr/pppp1ppp/4p3/8/3PP3/8/PPP2PPP/RNBQKBNR b KQkq - 0 2
Moves; d7d5 b1c3 g8f6 e4e5 f6d7 c3e2 c7c5 c2c3 d8b6 a2a3 b8c6 g1f3 a7a5 e2f4 a5a4 h2h3 b6b3 f1e2 b3d1 e2d1 d7b6 h3h4 c8d7 h1h3 c5d4 c3d4 b6c4 h4h5 f8e7 f4d3 e8g8 h3g3 f7f6 c1d2 c4d2 e1d2 g8h8 a1c1 d7e8 h5h6 g7h6 d3f4 e8f7 g3h3 f6e5 d4e5 e7g5 g2g3 g5f4 g3f4 f7g6 h3h4 a8a6 c1c5 g6e4 c5c3 d5d4 c3c5 a6b6 d2c1 e4d5 h4h6 f8f4 f3g5 c6e5 h6h7 h8g8
Warning; Bestmove does not match beginning of last PV - move c3b4 from SF_2600
Info; info depth 16 seldepth 19 multipv 1 score cp -46 nodes 382548 nps 747164 hashfull 141 tbhits 0 time 512 pv a3c4 g7h6 c1h6 b6b5 b2b3 e5d3 d1d3 d7e6 d3d4 e6c4 d4c4 b8c8 c4b4 b5e5 a1d1 c8c3
Position; fen rnbqkbnr/pp1ppppp/8/2p5/4P3/5N2/PPPP1PPP/RNBQKB1R b KQkq - 1 2
Moves; d7d6 d2d4 c5d4 f1b5 c8d7 f3d4 g8f6 d1e2 b8c6 c2c3 g7g6 e1g1 f8g7 f1d1 e8g8 d4f3 a7a6 b5c4 b7b5 c4d3 f6g4 h2h3 g4e5 c1f4 e5f3 e2f3 d8c7 f3e3 f8b8 f4h6 c7b6 e3c1 c6e5 b1a3 b5b4
Warning; Bestmove does not match beginning of last PV - move c7e7 from SF_2600
Info; info depth 14 seldepth 38 multipv 1 score cp -569 nodes 365991 nps 1440909 hashfull 165 tbhits 0 time 254 pv f7g6 e2e6 d8f6 e6d5 c7e7 e1e7 c6e7 d5d4 h8c8 d4f6 g6f6 f4d4 f6e5 d2c3 c8c3 b2c3 g4h3 g2h3
Position; fen rnbqkbnr/pp1ppppp/8/2p5/4P3/5N2/PPPP1PPP/RNBQKB1R b KQkq - 1 2
Moves; e7e6 d2d4 h7h6 d4d5 e6d5 e4d5 d7d6 f1d3 g7g5 e1g1 b8d7 f1e1 g8e7 b1c3 c5c4 c3e4 f8g7 e4d6 e8f8 d3c4 d7b6 d6c8 a8c8 c4b3 g7f6 f3e5 b6d5 e5g4 f6g7 d1f3 h6h5 g4e5 g7e5 e1e5 g5g4 f3e2 f7f6 e5e4 c8c7 c1d2 e7c6 a1e1 f8f7 h2h3 f6f5 e4f4
Warning; Bestmove does not match beginning of last PV - move f7g6 from SF_2600
Info; info depth 15 seldepth 23 multipv 1 score cp -617 nodes 339060 nps 1678514 hashfull 126 tbhits 0 time 202 pv f7e8 f5d5 d8c8 e2d3 e7e1 d2e1 c8e6 d3e3 e6e3 f2e3 g4h3
Position; fen rnbqkbnr/pp1ppppp/8/2p5/4P3/5N2/PPPP1PPP/RNBQKB1R b KQkq - 1 2
Moves; e7e6 d2d4 h7h6 d4d5 e6d5 e4d5 d7d6 f1d3 g7g5 e1g1 b8d7 f1e1 g8e7 b1c3 c5c4 c3e4 f8g7 e4d6 e8f8 d3c4 d7b6 d6c8 a8c8 c4b3 g7f6 f3e5 b6d5 e5g4 f6g7 d1f3 h6h5 g4e5 g7e5 e1e5 g5g4 f3e2 f7f6 e5e4 c8c7 c1d2 e7c6 a1e1 f8f7 h2h3 f6f5 e4f4 c7e7 f4f5
Warning; Bestmove does not match beginning of last PV - move g1f1 from SF_2900
Info; info depth 19 seldepth 48 multipv 1 score cp -299 nodes 4189868 nps 776764 hashfull 944 tbhits 0 time 5394 pv a1b1 e7e5 g1f1 c2c8 b1d1 g4f5 d2g5 f6g5 f3g5 f7f6 g5e4 d3f4 e2e1 f5e4 e1e4 f4d5 e4e1 d5e3 e1e3 d4e3 d1d7
Position; fen rnbqkbnr/pppppp1p/6p1/8/4P3/8/PPPP1PPP/RNBQKBNR w KQkq - 0 2
Moves; g1f3 c7c5 d2d4 c5d4 f3d4 f8g7 f1e2 b8c6 d4c6 b7c6 b1c3 a8b8 e1g1 d7d6 h2h3 d8a5 a2a3 a5c7 f1e1 c8e6 e2f1 g8f6 a1b1 f6d7 d1d3 e8g8 d3d2 b8b7 b2b3 h7h5 c3d1 f8b8 f1a6 b7b6 a6f1 b6b7 f1a6 b7b6 a6e2 d6d5 d1c3 c7d6 e4d5 c6d5 e2f1 d7f6 f1d3 d5d4 c3d1 f6d5 d2g5 b8c8 c1d2 c8c5 b1c1 b6c6 g5h4 c6c8 d1b2 g7f6 h4g3 d6g3 f2g3 d5c3 c1a1 c5c6 b2c4 c3a4 c4e5 c6c2 d3c2 c8c2 g3g4 a4b2 e5f3 b2d3 e1e2 h5g4 h3g4 e6g4
Warning; Bestmove does not match beginning of last PV - move c8f8 from SF_3000
Info; info depth 10 seldepth 17 multipv 1 score cp -82 nodes 45493 nps 909860 hashfull 11 tbhits 0 time 50 pv h7c7 b6c6 c7c6 b7c6 c8f8 g8f8 d1a4 e5d3 c1d2 d3b2
Position; fen rnbqkbnr/pppp1ppp/4p3/8/3PP3/8/PPP2PPP/RNBQKBNR b KQkq - 0 2
Moves; d7d5 b1c3 g8f6 e4e5 f6d7 c3e2 c7c5 c2c3 d8b6 a2a3 b8c6 g1f3 a7a5 e2f4 a5a4 h2h3 b6b3 f1e2 b3d1 e2d1 d7b6 h3h4 c8d7 h1h3 c5d4 c3d4 b6c4 h4h5 f8e7 f4d3 e8g8 h3g3 f7f6 c1d2 c4d2 e1d2 g8h8 a1c1 d7e8 h5h6 g7h6 d3f4 e8f7 g3h3 f6e5 d4e5 e7g5 g2g3 g5f4 g3f4 f7g6 h3h4 a8a6 c1c5 g6e4 c5c3 d5d4 c3c5 a6b6 d2c1 e4d5 h4h6 f8f4 f3g5 c6e5 h6h7 h8g8 c5c8 f4f8
Warning; Bestmove does not match beginning of last PV - move d5f4 from SF_2600
Info; info depth 14 seldepth 21 multipv 1 score cp -589 nodes 90035 nps 1475983 hashfull 27 tbhits 0 time 61 pv e7e1 d2e1 d5f4 f5f4 d8d3 c2d3 h8d8 e1c3 g6g5 f4e4 d8d3 b3c2 d3d8 h3h4 g5f5
Position; fen rnbqkbnr/pp1ppppp/8/2p5/4P3/5N2/PPPP1PPP/RNBQKB1R b KQkq - 1 2
Moves; e7e6 d2d4 h7h6 d4d5 e6d5 e4d5 d7d6 f1d3 g7g5 e1g1 b8d7 f1e1 g8e7 b1c3 c5c4 c3e4 f8g7 e4d6 e8f8 d3c4 d7b6 d6c8 a8c8 c4b3 g7f6 f3e5 b6d5 e5g4 f6g7 d1f3 h6h5 g4e5 g7e5 e1e5 g5g4 f3e2 f7f6 e5e4 c8c7 c1d2 e7c6 a1e1 f8f7 h2h3 f6f5 e4f4 c7e7 f4f5 f7g6 e2d3
Warning; Bestmove does not match beginning of last PV - move a1c1 from SF_2600
Info; info depth 16 seldepth 37 multipv 1 score cp -167 nodes 842790 nps 788391 hashfull 306 tbhits 0 time 1069 pv a1d1 b4b2 a3c4 b2e2 c4e3 b8b2 h6f4 d7e6 e3f5 e6f5 e4f5 a8b8 f5f6 e7f6 f4f6 b2a2 f6h4 b8e8
Position; fen rnbqkbnr/pp1ppppp/8/2p5/4P3/5N2/PPPP1PPP/RNBQKB1R b KQkq - 1 2
Moves; d7d6 d2d4 c5d4 f1b5 c8d7 f3d4 g8f6 d1e2 b8c6 c2c3 g7g6 e1g1 f8g7 f1d1 e8g8 d4f3 a7a6 b5c4 b7b5 c4d3 f6g4 h2h3 g4e5 c1f4 e5f3 e2f3 d8c7 f3e3 f8b8 f4h6 c7b6 e3c1 c6e5 b1a3 b5b4 c3b4 e5d3 d1d3 g7h6 c1h6 b6b4
Warning; Bestmove does not match beginning of last PV - move d2a5 from SF_2900
Info; info depth 20 seldepth 55 multipv 1 score cp -312 nodes 3296066 nps 872898 hashfull 795 tbhits 0 time 3776 pv d2g5 f6g5 e2b2 g4f3 g2f3 d3b2 a1b1 b2d3 b1d1 d3c5 d1d4 c5b3 d4d7 a7a5 d7b7 b3d4 b7a7 g5d2 a7b7
Position; fen rnbqkbnr/pppppp1p/6p1/8/4P3/8/PPPP1PPP/RNBQKBNR w KQkq - 0 2
Moves; g1f3 c7c5 d2d4 c5d4 f3d4 f8g7 f1e2 b8c6 d4c6 b7c6 b1c3 a8b8 e1g1 d7d6 h2h3 d8a5 a2a3 a5c7 f1e1 c8e6 e2f1 g8f6 a1b1 f6d7 d1d3 e8g8 d3d2 b8b7 b2b3 h7h5 c3d1 f8b8 f1a6 b7b6 a6f1 b6b7 f1a6 b7b6 a6e2 d6d5 d1c3 c7d6 e4d5 c6d5 e2f1 d7f6 f1d3 d5d4 c3d1 f6d5 d2g5 b8c8 c1d2 c8c5 b1c1 b6c6 g5h4 c6c8 d1b2 g7f6 h4g3 d6g3 f2g3 d5c3 c1a1 c5c6 b2c4 c3a4 c4e5 c6c2 d3c2 c8c2 g3g4 a4b2 e5f3 b2d3 e1e2 h5g4 h3g4 e6g4 g1f1 c2b2
Warning; Bestmove does not match beginning of last PV - move g4h3 from SF_2600
Info; info depth 14 seldepth 19 multipv 1 score cp -621 nodes 79180 nps 1799545 hashfull 24 tbhits 0 time 44 pv e7e1 d2e1 h8d8 e1c3 g6g5 f4e4 g4h3 g2h3 d8d3 e4e3 d3d6 e3e6
Position; fen rnbqkbnr/pp1ppppp/8/2p5/4P3/5N2/PPPP1PPP/RNBQKB1R b KQkq - 1 2
Moves; e7e6 d2d4 h7h6 d4d5 e6d5 e4d5 d7d6 f1d3 g7g5 e1g1 b8d7 f1e1 g8e7 b1c3 c5c4 c3e4 f8g7 e4d6 e8f8 d3c4 d7b6 d6c8 a8c8 c4b3 g7f6 f3e5 b6d5 e5g4 f6g7 d1f3 h6h5 g4e5 g7e5 e1e5 g5g4 f3e2 f7f6 e5e4 c8c7 c1d2 e7c6 a1e1 f8f7 h2h3 f6f5 e4f4 c7e7 f4f5 f7g6 e2d3 d5f4 f5f4 d8d3 c2d3
Warning; Bestmove does not match beginning of last PV - move e4e5 from SF_2600
Info; info depth 16 seldepth 35 multipv 1 score cp -135 nodes 600917 nps 809861 hashfull 199 tbhits 0 time 742 pv a3c4 e6c4 d3d4 b4b2 d4c4 b8e8 a2a4 a8b8 c4c7
Position; fen rnbqkbnr/pp1ppppp/8/2p5/4P3/5N2/PPPP1PPP/RNBQKB1R b KQkq - 1 2
Moves; d7d6 d2d4 c5d4 f1b5 c8d7 f3d4 g8f6 d1e2 b8c6 c2c3 g7g6 e1g1 f8g7 f1d1 e8g8 d4f3 a7a6 b5c4 b7b5 c4d3 f6g4 h2h3 g4e5 c1f4 e5f3 e2f3 d8c7 f3e3 f8b8 f4h6 c7b6 e3c1 c6e5 b1a3 b5b4 c3b4 e5d3 d1d3 g7h6 c1h6 b6b4 a1c1 d7e6
Warning; Bestmove does not match beginning of last PV - move f1g1 from SF_2900
Info; info depth 17 seldepth 38 multipv 1 score cp -343 nodes 1058166 nps 797412 hashfull 410 tbhits 0 time 1327 pv e2e4 g4f3 g2f3 d3c5 e4e1 b3f3 f1g2 f3f5 a5b4 g8g7 e1f1 f5d5 a1b1 c5e4 b1e1 e4d6 b4d6 d5d6 f1f3 d6a6 f3d3
Position; fen rnbqkbnr/pppppp1p/6p1/8/4P3/8/PPPP1PPP/RNBQKBNR w KQkq - 0 2
Moves; g1f3 c7c5 d2d4 c5d4 f3d4 f8g7 f1e2 b8c6 d4c6 b7c6 b1c3 a8b8 e1g1 d7d6 h2h3 d8a5 a2a3 a5c7 f1e1 c8e6 e2f1 g8f6 a1b1 f6d7 d1d3 e8g8 d3d2 b8b7 b2b3 h7h5 c3d1 f8b8 f1a6 b7b6 a6f1 b6b7 f1a6 b7b6 a6e2 d6d5 d1c3 c7d6 e4d5 c6d5 e2f1 d7f6 f1d3 d5d4 c3d1 f6d5 d2g5 b8c8 c1d2 c8c5 b1c1 b6c6 g5h4 c6c8 d1b2 g7f6 h4g3 d6g3 f2g3 d5c3 c1a1 c5c6 b2c4 c3a4 c4e5 c6c2 d3c2 c8c2 g3g4 a4b2 e5f3 b2d3 e1e2 h5g4 h3g4 e6g4 g1f1 c2b2 d2a5 b2b3
Warning; Bestmove does not match beginning of last PV - move e7f8 from SF_3000
Info; info depth 57 seldepth 17 multipv 1 score mate -8 nodes 954747 nps 1928781 hashfull 249 tbhits 0 time 495 pv e7f7 d7d8q c4c5 e5d4 c5c4 d4d5 a2a5 d8a5 c4c6 e6c6 f7e8 a5c7 e8f8 c7d7 f5f4 c6c8
Position; fen rnbqkbnr/pppp1ppp/4p3/8/3PP3/8/PPP2PPP/RNBQKBNR b KQkq - 0 2
Moves; d7d5 b1c3 g8f6 c1g5 h7h6 g5f6 d8f6 e4d5 c8d7 d1f3 f6f3 g1f3 c7c6 d5c6 d7c6 f3e5 f8b4 e1c1 b4c3 b2c3 e8e7 f1d3 b8d7 e5d7 c6d7 c3c4 d7c6 d1e1 a8d8 c2c3 d8c8 h1g1 b7b6 c1d2 g7g5 e1a1 c8b8 a2a4 e7d6 g2g3 f7f5 g1b1 h8f8 a4a5 b8a8 d3c2 h6h5 a1a3 f8h8 h2h4 g5h4 g3h4 d6c7 b1e1 c7d6 a3b3 h8g8 a5b6 a7b6 b3b6 a8a2 c4c5 d6c7 b6c6 c7c6 e1e6 c6d7 d4d5 g8g2 c5c6 d7d8 d5d6 g2f2 d2d3 f2f3 d3d4 f3f4 d4e5 f4c4 e6f6 d8e8 d6d7 e8e7 f6e6
Finished game 39 (HiveChess vs SF_3000): 1-0 {White wins by adjudication}
Started game 43 of 1000 (HiveChess vs SF_2700)
Warning; Bestmove does not match beginning of last PV - move h3h2 from SF_2600
Info; info depth 14 seldepth 29 multipv 1 score cp -710 nodes 114201 nps 2154735 hashfull 47 tbhits 0 time 53 pv c6e7 d2c3 h8d8 f4f6 g6h7 f6f7 h7h6 f7e7 h3g2 b3c2 d8d5 e7e8
Position; fen rnbqkbnr/pp1ppppp/8/2p5/4P3/5N2/PPPP1PPP/RNBQKB1R b KQkq - 1 2
Moves; e7e6 d2d4 h7h6 d4d5 e6d5 e4d5 d7d6 f1d3 g7g5 e1g1 b8d7 f1e1 g8e7 b1c3 c5c4 c3e4 f8g7 e4d6 e8f8 d3c4 d7b6 d6c8 a8c8 c4b3 g7f6 f3e5 b6d5 e5g4 f6g7 d1f3 h6h5 g4e5 g7e5 e1e5 g5g4 f3e2 f7f6 e5e4 c8c7 c1d2 e7c6 a1e1 f8f7 h2h3 f6f5 e4f4 c7e7 f4f5 f7g6 e2d3 d5f4 f5f4 d8d3 c2d3 g4h3 e1e7
Finished game 41 (HiveChess vs SF_2600): 1-0 {White wins by adjudication}
Started game 44 of 1000 (SF_2700 vs HiveChess)
Warning; Bestmove does not match beginning of last PV - move b1c3 from SF_2700
Info; info depth 15 seldepth 19 multipv 1 score cp 64 nodes 544466 nps 688326 hashfull 199 tbhits 0 time 791 pv e4e5 f6d5 c2c4 d5b6 d2d4 d7d6 e5d6 c7d6 f1e2 g7g6 h2h3 f8g7 g1f3 e8g8 b1c3 b8c6 e1g1 c8f5
Position; fen rnbqkb1r/pppppppp/5n2/8/4P3/8/PPPP1PPP/RNBQKBNR w KQkq - 1 2
Moves; 
Warning; Bestmove does not match beginning of last PV - move f6e4 from SF_2700
Info; info depth 16 seldepth 32 multipv 1 score cp -70 nodes 491750 nps 668138 hashfull 180 tbhits 0 time 736 pv f6d5 c2c4 d5b6 a2a4 d7d6 a4a5 b6d7 e5e6 f7e6 d2d4 d7f6 g1f3
Position; fen rnbqkb1r/pppppppp/5n2/8/4P3/8/PPPP1PPP/RNBQKBNR w KQkq - 1 2
Moves; e4e5
Warning; Bestmove does not match beginning of last PV - move e2e4 from SF_2900
Info; info depth 18 seldepth 30 multipv 1 score cp -351 nodes 1268484 nps 838944 hashfull 470 tbhits 0 time 1512 pv a1a2 e5f3 g1g2 g6g5 a3a4 g5g4 e2e4 f3h4 g2f1
Position; fen rnbqkbnr/pppppp1p/6p1/8/4P3/8/PPPP1PPP/RNBQKBNR w KQkq - 0 2
Moves; g1f3 c7c5 d2d4 c5d4 f3d4 f8g7 f1e2 b8c6 d4c6 b7c6 b1c3 a8b8 e1g1 d7d6 h2h3 d8a5 a2a3 a5c7 f1e1 c8e6 e2f1 g8f6 a1b1 f6d7 d1d3 e8g8 d3d2 b8b7 b2b3 h7h5 c3d1 f8b8 f1a6 b7b6 a6f1 b6b7 f1a6 b7b6 a6e2 d6d5 d1c3 c7d6 e4d5 c6d5 e2f1 d7f6 f1d3 d5d4 c3d1 f6d5 d2g5 b8c8 c1d2 c8c5 b1c1 b6c6 g5h4 c6c8 d1b2 g7f6 h4g3 d6g3 f2g3 d5c3 c1a1 c5c6 b2c4 c3a4 c4e5 c6c2 d3c2 c8c2 g3g4 a4b2 e5f3 b2d3 e1e2 h5g4 h3g4 e6g4 g1f1 c2b2 d2a5 b2b3 f1g1 g4f3 g2f3 d3e5
Warning; Bestmove does not match beginning of last PV - move f1e2 from SF_2700
Info; info depth 18 seldepth 25 multipv 1 score cp 16 nodes 944038 nps 713558 hashfull 296 tbhits 0 time 1323 pv g1f3 b8c6 f1b5 c6d4 f3d4 e5d4 e4e5 d4c3 e5f6 d8f6 d2c3 f6e5 d1e2 e5e2 b5e2 f8c5 e2f3 a7a5 e1g1 e8g8 c1f4
Position; fen rnbqkb1r/pppppppp/5n2/8/4P3/8/PPPP1PPP/RNBQKBNR w KQkq - 1 2
Moves; b1c3 e7e5
Warning; Bestmove does not match beginning of last PV - move c5c8 from SF_3000
Info; info depth 12 seldepth 17 multipv 1 score cp -49 nodes 34156 nps 975885 hashfull 10 tbhits 0 time 35 pv c5a5 b6c6 c1d2 d7c5 c2a4
Position; fen rnbqkbnr/pppp1ppp/4p3/8/3PP3/8/PPP2PPP/RNBQKBNR b KQkq - 0 2
Moves; d7d5 b1c3 g8f6 e4e5 f6d7 c3e2 c7c5 c2c3 d8b6 a2a3 b8c6 g1f3 a7a5 e2f4 a5a4 h2h3 b6b3 f1e2 b3d1 e2d1 d7b6 h3h4 c8d7 h1h3 c5d4 c3d4 b6c4 h4h5 f8e7 f4d3 e8g8 h3g3 f7f6 c1d2 c4d2 e1d2 g8h8 a1c1 d7e8 h5h6 g7h6 d3f4 e8f7 g3h3 f6e5 d4e5 e7g5 g2g3 g5f4 g3f4 f7g6 h3h4 a8a6 c1c5 g6e4 c5c3 d5d4 c3c5 a6b6 d2c1 e4d5 h4h6 f8f4 f3g5 c6e5 h6h7 h8g8 c5c8 f4f8 c8f8 g8f8 h7c7 f8e8 d1c2 e8d8 c7c5 d8e7 f2f4 e5d7
Warning; Bestmove does not match beginning of last PV - move g1f2 from SF_2900
Info; info depth 19 seldepth 38 multipv 1 score cp -449 nodes 2649974 nps 958052 hashfull 782 tbhits 0 time 2766 pv g1g2 f6g5 a5b4 e7e5 a1f1 f7f5 f1f3 b3b2 g2h3 f5e4 f3f8 g8g7 f8b8 g7f6 b8b7 e4e3 h3g4 e3e2 b4e7 f6e6 b7b2 e2e1q
Position; fen rnbqkbnr/pppppp1p/6p1/8/4P3/8/PPPP1PPP/RNBQKBNR w KQkq - 0 2
Moves; g1f3 c7c5 d2d4 c5d4 f3d4 f8g7 f1e2 b8c6 d4c6 b7c6 b1c3 a8b8 e1g1 d7d6 h2h3 d8a5 a2a3 a5c7 f1e1 c8e6 e2f1 g8f6 a1b1 f6d7 d1d3 e8g8 d3d2 b8b7 b2b3 h7h5 c3d1 f8b8 f1a6 b7b6 a6f1 b6b7 f1a6 b7b6 a6e2 d6d5 d1c3 c7d6 e4d5 c6d5 e2f1 d7f6 f1d3 d5d4 c3d1 f6d5 d2g5 b8c8 c1d2 c8c5 b1c1 b6c6 g5h4 c6c8 d1b2 g7f6 h4g3 d6g3 f2g3 d5c3 c1a1 c5c6 b2c4 c3a4 c4e5 c6c2 d3c2 c8c2 g3g4 a4b2 e5f3 b2d3 e1e2 h5g4 h3g4 e6g4 g1f1 c2b2 d2a5 b2b3 f1g1 g4f3 g2f3 d3e5 e2e4 e5f3
Warning; Bestmove does not match beginning of last PV - move c5a4 from SF_2700
Info; info depth 18 seldepth 23 multipv 1 score cp -129 nodes 672272 nps 661685 hashfull 243 tbhits 0 time 1016 pv c5a6 g1f3 d7d6 b1c3 c7c6 h2h3 a6b4 a2a3 b4d5 c3d5 c6d5 f1d3 d6e5 d4e5
Position; fen rnbqkb1r/pppppppp/5n2/8/4P3/8/PPPP1PPP/RNBQKBNR w KQkq - 1 2
Moves; e4e5 f6e4 d2d3 e4c5 d3d4
Warning; Bestmove does not match beginning of last PV - move d2d3 from SF_2700
Info; info depth 19 seldepth 24 multipv 1 score cp -18 nodes 1578999 nps 658739 hashfull 501 tbhits 0 time 2397 pv g1f3 d5c3 b2c3 e5e4 f3d4 d8g5 e1f1 c8d7 d2d3 g5a5 d3e4 b8c6 c1f4 e8c8 d1d3 c6e5 d3e3 d8e8 d4b3 a5a4 e3d4
Position; fen rnbqkb1r/pppppppp/5n2/8/4P3/8/PPPP1PPP/RNBQKBNR w KQkq - 1 2
Moves; b1c3 e7e5 f1e2 d7d5 e4d5 f6d5
Warning; Bestmove does not match beginning of last PV - move f2g2 from SF_2900
Info; info depth 17 seldepth 32 multipv 1 score cp -487 nodes 1890107 nps 888625 hashfull 635 tbhits 0 time 2127 pv f2e2 f7f5 e4e6 g8f7 e6a6 g6g5 a1c1 d4d3 e2d1 g5g4 c1c3 b3b1 c3c1 b1c1 d1c1 h4g5 c1b2 g5f6 a5c3 f6c3 b2c3
Position; fen rnbqkbnr/pppppp1p/6p1/8/4P3/8/PPPP1PPP/RNBQKBNR w KQkq - 0 2
Moves; g1f3 c7c5 d2d4 c5d4 f3d4 f8g7 f1e2 b8c6 d4c6 b7c6 b1c3 a8b8 e1g1 d7d6 h2h3 d8a5 a2a3 a5c7 f1e1 c8e6 e2f1 g8f6 a1b1 f6d7 d1d3 e8g8 d3d2 b8b7 b2b3 h7h5 c3d1 f8b8 f1a6 b7b6 a6f1 b6b7 f1a6 b7b6 a6e2 d6d5 d1c3 c7d6 e4d5 c6d5 e2f1 d7f6 f1d3 d5d4 c3d1 f6d5 d2g5 b8c8 c1d2 c8c5 b1c1 b6c6 g5h4 c6c8 d1b2 g7f6 h4g3 d6g3 f2g3 d5c3 c1a1 c5c6 b2c4 c3a4 c4e5 c6c2 d3c2 c8c2 g3g4 a4b2 e5f3 b2d3 e1e2 h5g4 h3g4 e6g4 g1f1 c2b2 d2a5 b2b3 f1g1 g4f3 g2f3 d3e5 e2e4 e5f3 g1f2 f6h4
Warning; Bestmove does not match beginning of last PV - move c2b1 from SF_3000
Info; info depth 18 seldepth 48 multipv 1 score cp -85 nodes 1143138 nps 960620 hashfull 332 tbhits 0 time 1190 pv b2b3 a4b3 c2b3 d7c5 b3c2 e7d6 c2b1 c6g2 c1d2 d6c6 b1g6 c6d5 g6b1 c5e4 g5e4 g2e4 b1a2 d5d6 a2c4 e4f5 c4b3 d6e7 b3d1 f5e4 d1g4 e7d6
Position; fen rnbqkbnr/pppp1ppp/4p3/8/3PP3/8/PPP2PPP/RNBQKBNR b KQkq - 0 2
Moves; d7d5 b1c3 g8f6 e4e5 f6d7 c3e2 c7c5 c2c3 d8b6 a2a3 b8c6 g1f3 a7a5 e2f4 a5a4 h2h3 b6b3 f1e2 b3d1 e2d1 d7b6 h3h4 c8d7 h1h3 c5d4 c3d4 b6c4 h4h5 f8e7 f4d3 e8g8 h3g3 f7f6 c1d2 c4d2 e1d2 g8h8 a1c1 d7e8 h5h6 g7h6 d3f4 e8f7 g3h3 f6e5 d4e5 e7g5 g2g3 g5f4 g3f4 f7g6 h3h4 a8a6 c1c5 g6e4 c5c3 d5d4 c3c5 a6b6 d2c1 e4d5 h4h6 f8f4 f3g5 c6e5 h6h7 h8g8 c5c8 f4f8 c8f8 g8f8 h7c7 f8e8 d1c2 e8d8 c7c5 d8e7 f2f4 e5d7 c5c8 b6c6 c8c6 d5c6
Warning; Bestmove does not match beginning of last PV - move h2h3 from SF_2700
Info; info depth 14 seldepth 23 multipv 1 score cp -27 nodes 424302 nps 637090 hashfull 139 tbhits 0 time 666 pv g1f3 f8b4 c1d2 d5c3 d2c3 b4c3 b2c3 f7f5 e1g1 d8f6 f1e1 c8e6 a1b1
Position; fen rnbqkb1r/pppppppp/5n2/8/4P3/8/PPPP1PPP/RNBQKBNR w KQkq - 1 2
Moves; b1c3 e7e5 f1e2 d7d5 e4d5 f6d5 d2d3 b8c6
Warning; Bestmove does not match beginning of last PV - move g1h2 from SF_2600
Info; info depth 15 seldepth 35 multipv 1 score cp -191 nodes 300379 nps 843761 hashfull 109 tbhits 0 time 356 pv c1b2 a5e1 g1h2 e1b4 a3b1 b4d4 b1c3 e5e4 c3a4 d4b2 a4b2 g8g7 h2g3 g7f6 g3f4 e6d5 b2a4 e4e3 f4e3 d5g2 a4c5 a6a5 h3h4 g2c6 c5d3 f6f5
Position; fen rnbqkbnr/pp1ppppp/8/2p5/4P3/5N2/PPPP1PPP/RNBQKB1R b KQkq - 1 2
Moves; d7d6 d2d4 c5d4 f1b5 c8d7 f3d4 g8f6 d1e2 b8c6 c2c3 g7g6 e1g1 f8g7 f1d1 e8g8 d4f3 a7a6 b5c4 b7b5 c4d3 f6g4 h2h3 g4e5 c1f4 e5f3 e2f3 d8c7 f3e3 f8b8 f4h6 c7b6 e3c1 c6e5 b1a3 b5b4 c3b4 e5d3 d1d3 g7h6 c1h6 b6b4 a1c1 d7e6 e4e5 d6e5 d3c3 b8c8 c3c8 a8c8 c1c8 e6c8 h6c1 c8e6 b2b3 b4a5
Warning; Bestmove does not match beginning of last PV - move a5b4 from SF_2900
Info; info depth 15 seldepth 24 multipv 1 score cp -461 nodes 309658 nps 855408 hashfull 112 tbhits 0 time 362 pv a1c1 f3h4 g2f1 f5f4 a5b4 h4f5 f1e1 f5e3 c1c7 d4d3 b4e7 d3e2 e1e2
Position; fen rnbqkbnr/pppppp1p/6p1/8/4P3/8/PPPP1PPP/RNBQKBNR w KQkq - 0 2
Moves; g1f3 c7c5 d2d4 c5d4 f3d4 f8g7 f1e2 b8c6 d4c6 b7c6 b1c3 a8b8 e1g1 d7d6 h2h3 d8a5 a2a3 a5c7 f1e1 c8e6 e2f1 g8f6 a1b1 f6d7 d1d3 e8g8 d3d2 b8b7 b2b3 h7h5 c3d1 f8b8 f1a6 b7b6 a6f1 b6b7 f1a6 b7b6 a6e2 d6d5 d1c3 c7d6 e4d5 c6d5 e2f1 d7f6 f1d3 d5d4 c3d1 f6d5 d2g5 b8c8 c1d2 c8c5 b1c1 b6c6 g5h4 c6c8 d1b2 g7f6 h4g3 d6g3 f2g3 d5c3 c1a1 c5c6 b2c4 c3a4 c4e5 c6c2 d3c2 c8c2 g3g4 a4b2 e5f3 b2d3 e1e2 h5g4 h3g4 e6g4 g1f1 c2b2 d2a5 b2b3 f1g1 g4f3 g2f3 d3e5 e2e4 e5f3 g1f2 f6h4 f2g2 f7f5 e4e2 h4f6
Warning; Bestmove does not match beginning of last PV - move b1d3 from SF_3000
Info; info depth 24 seldepth 65 multipv 1 score cp -75 nodes 2570448 nps 1073704 hashfull 550 tbhits 0 time 2394 pv b1c2 e7d6 d2e2 g2c6 c2h7 d6d5 h7g8 c6b5 e2d2 d5d6 g8h7 c5b3 d2d1 b5c6 d1e2 b3c5 e2d2 c6g2 d2e2 d6c6 h7g6 g2h1 e2d2 c6d5 g6b1 c5b3 d2d3 h1g2 d3e2 b3c5 b1a2 d5d6
Position; fen rnbqkbnr/pppp1ppp/4p3/8/3PP3/8/PPP2PPP/RNBQKBNR b KQkq - 0 2
Moves; d7d5 b1c3 g8f6 e4e5 f6d7 c3e2 c7c5 c2c3 d8b6 a2a3 b8c6 g1f3 a7a5 e2f4 a5a4 h2h3 b6b3 f1e2 b3d1 e2d1 d7b6 h3h4 c8d7 h1h3 c5d4 c3d4 b6c4 h4h5 f8e7 f4d3 e8g8 h3g3 f7f6 c1d2 c4d2 e1d2 g8h8 a1c1 d7e8 h5h6 g7h6 d3f4 e8f7 g3h3 f6e5 d4e5 e7g5 g2g3 g5f4 g3f4 f7g6 h3h4 a8a6 c1c5 g6e4 c5c3 d5d4 c3c5 a6b6 d2c1 e4d5 h4h6 f8f4 f3g5 c6e5 h6h7 h8g8 c5c8 f4f8 c8f8 g8f8 h7c7 f8e8 d1c2 e8d8 c7c5 d8e7 f2f4 e5d7 c5c8 b6c6 c8c6 d5c6 c2b1 d7c5 c1d2 c6g2
Warning; Bestmove does not match beginning of last PV - move g2f2 from SF_2900
Info; info depth 17 seldepth 35 multipv 1 score cp -510 nodes 1113421 nps 962334 hashfull 407 tbhits 0 time 1157 pv g2f1 d4d3 e2e1 f6a1 e1a1 h4f3 f1f2 f3g5 f2e3 g5e4 e3d4 d3d2 d4c4 b3g3 a1d1 g8f7 b4d2 e4d2 d1d2 a7a6 d2f2 g3e3 c4d5 e3e1
Position; fen rnbqkbnr/pppppp1p/6p1/8/4P3/8/PPPP1PPP/RNBQKBNR w KQkq - 0 2
Moves; g1f3 c7c5 d2d4 c5d4 f3d4 f8g7 f1e2 b8c6 d4c6 b7c6 b1c3 a8b8 e1g1 d7d6 h2h3 d8a5 a2a3 a5c7 f1e1 c8e6 e2f1 g8f6 a1b1 f6d7 d1d3 e8g8 d3d2 b8b7 b2b3 h7h5 c3d1 f8b8 f1a6 b7b6 a6f1 b6b7 f1a6 b7b6 a6e2 d6d5 d1c3 c7d6 e4d5 c6d5 e2f1 d7f6 f1d3 d5d4 c3d1 f6d5 d2g5 b8c8 c1d2 c8c5 b1c1 b6c6 g5h4 c6c8 d1b2 g7f6 h4g3 d6g3 f2g3 d5c3 c1a1 c5c6 b2c4 c3a4 c4e5 c6c2 d3c2 c8c2 g3g4 a4b2 e5f3 b2d3 e1e2 h5g4 h3g4 e6g4 g1f1 c2b2 d2a5 b2b3 f1g1 g4f3 g2f3 d3e5 e2e4 e5f3 g1f2 f6h4 f2g2 f7f5 e4e2 h4f6 a5b4 f3h4
Warning; Bestmove does not match beginning of last PV - move g1h1 from SF_2600
Info; info depth 11 seldepth 11 multipv 1 score cp -166 nodes 26991 nps 899700 hashfull 6 tbhits 0 time 30 pv g1f1 f7f6 c1b2 a5d5 b2e2 e6d7 a3c4 d7b5 e2c2 d5d4
Position; fen rnbqkbnr/pp1ppppp/8/2p5/4P3/5N2/PPPP1PPP/RNBQKB1R b KQkq - 1 2
Moves; d7d6 d2d4 c5d4 f1b5 c8d7 f3d4 g8f6 d1e2 b8c6 c2c3 g7g6 e1g1 f8g7 f1d1 e8g8 d4f3 a7a6 b5c4 b7b5 c4d3 f6g4 h2h3 g4e5 c1f4 e5f3 e2f3 d8c7 f3e3 f8b8 f4h6 c7b6 e3c1 c6e5 b1a3 b5b4 c3b4 e5d3 d1d3 g7h6 c1h6 b6b4 a1c1 d7e6 e4e5 d6e5 d3c3 b8c8 c3c8 a8c8 c1c8 e6c8 h6c1 c8e6 b2b3 b4a5 g1h2 h7h5 h2g1 e5e4
Warning; Bestmove does not match beginning of last PV - move b8c6 from SF_2700
Info; info depth 18 seldepth 33 multipv 1 score cp -117 nodes 1142758 nps 586631 hashfull 432 tbhits 0 time 1948 pv g7g6 b1a3 f8g7 e1g1 e8g8 d1e1 b8c6 c2c3 b6a4 e1g3 a4b6 f3g5 h7h6
Position; fen rnbqkb1r/pppppppp/5n2/8/4P3/8/PPPP1PPP/RNBQKBNR w KQkq - 1 2
Moves; e4e5 f6e4 d2d3 e4c5 d3d4 c5a4 f2f4 a4b6 a2a4 a7a5 g1f3 d7d6 f1d3
Warning; Bestmove does not match beginning of last PV - move e2f3 from SF_2700
Info; info depth 16 seldepth 16 multipv 1 score cp -41 nodes 484663 nps 596141 hashfull 159 tbhits 0 time 813 pv c3d5 d7d5 e2f3 d5e6 f3c6 e6c6 d1f3 f5d7 f3c6 d7c6 f2f3 f7f5 e1c1 f8d6 g1e2
Position; fen rnbqkb1r/pppppppp/5n2/8/4P3/8/PPPP1PPP/RNBQKBNR w KQkq - 1 2
Moves; b1c3 e7e5 f1e2 d7d5 e4d5 f6d5 d2d3 b8c6 h2h3 c8f5 c1d2 d8d7
Warning; Bestmove does not match beginning of last PV - move h1h2 from SF_2600
Info; info depth 11 seldepth 23 multipv 1 score cp -196 nodes 18228 nps 1012666 hashfull 5 tbhits 0 time 18 pv h1g1 g8f7 h3h4 f7g7 g1f1 e6d5 f1e2 d5b7 e2f1 e4e3 f2f3 a5e5 a3c2 e3e2 f1f2 e5h2
Position; fen rnbqkbnr/pp1ppppp/8/2p5/4P3/5N2/PPPP1PPP/RNBQKB1R b KQkq - 1 2
Moves; d7d6 d2d4 c5d4 f1b5 c8d7 f3d4 g8f6 d1e2 b8c6 c2c3 g7g6 e1g1 f8g7 f1d1 e8g8 d4f3 a7a6 b5c4 b7b5 c4d3 f6g4 h2h3 g4e5 c1f4 e5f3 e2f3 d8c7 f3e3 f8b8 f4h6 c7b6 e3c1 c6e5 b1a3 b5b4 c3b4 e5d3 d1d3 g7h6 c1h6 b6b4 a1c1 d7e6 e4e5 d6e5 d3c3 b8c8 c3c8 a8c8 c1c8 e6c8 h6c1 c8e6 b2b3 b4a5 g1h2 h7h5 h2g1 e5e4 g1h1 f7f6
Warning; Bestmove does not match beginning of last PV - move d3g6 from SF_3000
Info; info depth 22 seldepth 50 multipv 1 score cp -87 nodes 1954717 nps 1099390 hashfull 445 tbhits 0 time 1778 pv d3c2 d6d5 c2b1 g2f1 b1h7 f1c4 h7g6 b7b5 g6h7 e6e5 f4e5 c5b3 d2e1 d5e5 e1f2 c4d5 h7d3 d5c6 g5f7 e5f4 f2e2 c6f3 e2e1 f4e3 f7e5 f3c6 e1d1 c6e8 d3e2 b3a5 e5g4 e3f4 g4f6 e8c6 d1d2 a5b3 d2e1
Position; fen rnbqkbnr/pppp1ppp/4p3/8/3PP3/8/PPP2PPP/RNBQKBNR b KQkq - 0 2
Moves; d7d5 b1c3 g8f6 e4e5 f6d7 c3e2 c7c5 c2c3 d8b6 a2a3 b8c6 g1f3 a7a5 e2f4 a5a4 h2h3 b6b3 f1e2 b3d1 e2d1 d7b6 h3h4 c8d7 h1h3 c5d4 c3d4 b6c4 h4h5 f8e7 f4d3 e8g8 h3g3 f7f6 c1d2 c4d2 e1d2 g8h8 a1c1 d7e8 h5h6 g7h6 d3f4 e8f7 g3h3 f6e5 d4e5 e7g5 g2g3 g5f4 g3f4 f7g6 h3h4 a8a6 c1c5 g6e4 c5c3 d5d4 c3c5 a6b6 d2c1 e4d5 h4h6 f8f4 f3g5 c6e5 h6h7 h8g8 c5c8 f4f8 c8f8 g8f8 h7c7 f8e8 d1c2 e8d8 c7c5 d8e7 f2f4 e5d7 c5c8 b6c6 c8c6 d5c6 c2b1 d7c5 c1d2 c6g2 b1d3 e7d6
Warning; Bestmove does not match beginning of last PV - move h2g1 from SF_2600
Info; info depth 13 seldepth 24 multipv 1 score cp -217 nodes 58254 nps 832200 hashfull 14 tbhits 0 time 70 pv h3h4 e6d5 h2h1 e4e3 f2e3 d5e4 h1h2 a5e5 h2g1 e5g3 c1d2 g3g4 d2f2 g4d1 f2f1 d1d2 f1f2
Position; fen rnbqkbnr/pp1ppppp/8/2p5/4P3/5N2/PPPP1PPP/RNBQKB1R b KQkq - 1 2
Moves; d7d6 d2d4 c5d4 f1b5 c8d7 f3d4 g8f6 d1e2 b8c6 c2c3 g7g6 e1g1 f8g7 f1d1 e8g8 d4f3 a7a6 b5c4 b7b5 c4d3 f6g4 h2h3 g4e5 c1f4 e5f3 e2f3 d8c7 f3e3 f8b8 f4h6 c7b6 e3c1 c6e5 b1a3 b5b4 c3b4 e5d3 d1d3 g7h6 c1h6 b6b4 a1c1 d7e6 e4e5 d6e5 d3c3 b8c8 c3c8 a8c8 c1c8 e6c8 h6c1 c8e6 b2b3 b4a5 g1h2 h7h5 h2g1 e5e4 g1h1 f7f6 h1h2 g8g7
Warning; Bestmove does not match beginning of last PV - move d1c1 from SF_2700
Info; info depth 16 seldepth 23 multipv 1 score cp -85 nodes 570966 nps 638664 hashfull 205 tbhits 0 time 894 pv g1e2 h7h5 d1d2 f7f6 e1c1 f8c5 e2g3 f5e6 f3c6 d7c6 g3e4 c5e7 f2f4 e5f4 d2f4
Position; fen rnbqkb1r/pppppppp/5n2/8/4P3/8/PPPP1PPP/RNBQKBNR w KQkq - 1 2
Moves; b1c3 e7e5 f1e2 d7d5 e4d5 f6d5 d2d3 b8c6 h2h3 c8f5 c1d2 d8d7 e2f3 d5c3 d2c3 e8c8
Warning; Bestmove does not match beginning of last PV - move f8h6 from SF_2700
Info; info depth 15 seldepth 27 multipv 1 score cp -155 nodes 384685 nps 619460 hashfull 143 tbhits 0 time 621 pv f8g7 b1a3 e8g8 a3b5 c6a7 b5a7 a8a7 f3g5 h7h6 g5f3 c8f5 d3f5 g6f5 f3h4 e7e6 d1h5 d8e8 g2g4 f7f6 h5e8 f8e8 g4f5 f6e5 f4e5 d6e5
Position; fen rnbqkb1r/pppppppp/5n2/8/4P3/8/PPPP1PPP/RNBQKBNR w KQkq - 1 2
Moves; e4e5 f6e4 d2d3 e4c5 d3d4 c5a4 f2f4 a4b6 a2a4 a7a5 g1f3 d7d6 f1d3 b8c6 c2c3 g7g6 e1g1
Warning; Bestmove does not match beginning of last PV - move e2h2 from SF_2900
Info; info depth 17 seldepth 48 multipv 1 score cp -516 nodes 788628 nps 1125004 hashfull 295 tbhits 0 time 701 pv e2a2 g6g5 e1d2 g5g4 b4c5 a7a6 a3a4 g4g3 a1g1 g3g2 a4a5 f6g5 d2e1 g8f7 c5f2 e7e5 a2a1 e5e4 f2h4 g5h4 e1d2 f3f2 d2c3
Position; fen rnbqkbnr/pppppp1p/6p1/8/4P3/8/PPPP1PPP/RNBQKBNR w KQkq - 0 2
Moves; g1f3 c7c5 d2d4 c5d4 f3d4 f8g7 f1e2 b8c6 d4c6 b7c6 b1c3 a8b8 e1g1 d7d6 h2h3 d8a5 a2a3 a5c7 f1e1 c8e6 e2f1 g8f6 a1b1 f6d7 d1d3 e8g8 d3d2 b8b7 b2b3 h7h5 c3d1 f8b8 f1a6 b7b6 a6f1 b6b7 f1a6 b7b6 a6e2 d6d5 d1c3 c7d6 e4d5 c6d5 e2f1 d7f6 f1d3 d5d4 c3d1 f6d5 d2g5 b8c8 c1d2 c8c5 b1c1 b6c6 g5h4 c6c8 d1b2 g7f6 h4g3 d6g3 f2g3 d5c3 c1a1 c5c6 b2c4 c3a4 c4e5 c6c2 d3c2 c8c2 g3g4 a4b2 e5f3 b2d3 e1e2 h5g4 h3g4 e6g4 g1f1 c2b2 d2a5 b2b3 f1g1 g4f3 g2f3 d3e5 e2e4 e5f3 g1f2 f6h4 f2g2 f7f5 e4e2 h4f6 a5b4 f3h4 g2f2 b3f3 f2e1 d4d3
Warning; Bestmove does not match beginning of last PV - move c1e3 from SF_2700
Info; info depth 15 seldepth 20 multipv 1 score cp -106 nodes 463863 nps 578382 hashfull 167 tbhits 0 time 802 pv g1e2 h5h4 c1e3 c6d4 c3d4 e5d4 e3d2 c8b8 e1g1 h8h6 d2f4 f8d6 f4d4 f5h3 d4e4
Position; fen rnbqkb1r/pppppppp/5n2/8/4P3/8/PPPP1PPP/RNBQKBNR w KQkq - 1 2
Moves; b1c3 e7e5 f1e2 d7d5 e4d5 f6d5 d2d3 b8c6 h2h3 c8f5 c1d2 d8d7 e2f3 d5c3 d2c3 e8c8 d1c1 h7h5
Warning; Bestmove does not match beginning of last PV - move h6g7 from SF_2700
Info; info depth 18 seldepth 28 multipv 1 score cp -172 nodes 1061958 nps 602358 hashfull 392 tbhits 0 time 1763 pv f7f5 a3b5 e8g8 d1e1 e7e6 e1g3 d6e5 f4e5 h6c1 a1c1 f8f7 b2b3 f7g7 c3c4 c6b4 c1d1 c8d7 f3g5 h7h6
Position; fen rnbqkb1r/pppppppp/5n2/8/4P3/8/PPPP1PPP/RNBQKBNR w KQkq - 1 2
Moves; e4e5 f6e4 d2d3 e4c5 d3d4 c5a4 f2f4 a4b6 a2a4 a7a5 g1f3 d7d6 f1d3 b8c6 c2c3 g7g6 e1g1 f8h6 b1a3
Warning; PV continues after threefold repetition - move d2e2 from HiveChess
Info; info depth 24 score cp 183 nodes 3218941 pv c5b3 a2b3 a4b3 g5f7 e4g6 f7g5 g6f5 d2e2 f5g6 e2e1 g6f5 e1d1 f5e4 d1d2 e4f5 d2e2 f5g6 e2e1 g6f5 e1d1 f5e4 d1d2 e4f5 d2e2
Position; fen rnbqkbnr/pppp1ppp/4p3/8/3PP3/8/PPP2PPP/RNBQKBNR b KQkq - 0 2
Moves; d7d5 b1c3 g8f6 e4e5 f6d7 c3e2 c7c5 c2c3 d8b6 a2a3 b8c6 g1f3 a7a5 e2f4 a5a4 h2h3 b6b3 f1e2 b3d1 e2d1 d7b6 h3h4 c8d7 h1h3 c5d4 c3d4 b6c4 h4h5 f8e7 f4d3 e8g8 h3g3 f7f6 c1d2 c4d2 e1d2 g8h8 a1c1 d7e8 h5h6 g7h6 d3f4 e8f7 g3h3 f6e5 d4e5 e7g5 g2g3 g5f4 g3f4 f7g6 h3h4 a8a6 c1c5 g6e4 c5c3 d5d4 c3c5 a6b6 d2c1 e4d5 h4h6 f8f4 f3g5 c6e5 h6h7 h8g8 c5c8 f4f8 c8f8 g8f8 h7c7 f8e8 d1c2 e8d8 c7c5 d8e7 f2f4 e5d7 c5c8 b6c6 c8c6 d5c6 c2b1 d7c5 c1d2 c6g2 b1d3 e7d6 d3g6 d6d5 g6b1 g2e4 b1a2
Warning; Bestmove does not match beginning of last PV - move f3d1 from SF_2700
Info; info depth 17 seldepth 26 multipv 1 score cp -171 nodes 1110272 nps 615791 hashfull 401 tbhits 0 time 1803 pv c3d4 e5d4 e3f4 f7f6 g1e2 f8b4 c2c3 b4c5 c3d4 c5b4 e1f1 g7g5 f4e3 b4a5 f3e4 f5e6 e3f3 c7c6 f3f6
Position; fen rnbqkb1r/pppppppp/5n2/8/4P3/8/PPPP1PPP/RNBQKBNR w KQkq - 1 2
Moves; b1c3 e7e5 f1e2 d7d5 e4d5 f6d5 d2d3 b8c6 h2h3 c8f5 c1d2 d8d7 e2f3 d5c3 d2c3 e8c8 d1c1 h7h5 c1e3 c6d4
Warning; Bestmove does not match beginning of last PV - move f1e2 from SF_2600
Info; info depth 11 seldepth 21 multipv 1 score cp -215 nodes 46347 nps 772450 hashfull 13 tbhits 0 time 60 pv b2c1 e4e3 f2f3 b4f4 c1d1 d5c6 a3c4 c6b5 d1d5 f4h2
Position; fen rnbqkbnr/pp1ppppp/8/2p5/4P3/5N2/PPPP1PPP/RNBQKB1R b KQkq - 1 2
Moves; d7d6 d2d4 c5d4 f1b5 c8d7 f3d4 g8f6 d1e2 b8c6 c2c3 g7g6 e1g1 f8g7 f1d1 e8g8 d4f3 a7a6 b5c4 b7b5 c4d3 f6g4 h2h3 g4e5 c1f4 e5f3 e2f3 d8c7 f3e3 f8b8 f4h6 c7b6 e3c1 c6e5 b1a3 b5b4 c3b4 e5d3 d1d3 g7h6 c1h6 b6b4 a1c1 d7e6 e4e5 d6e5 d3c3 b8c8 c3c8 a8c8 c1c8 e6c8 h6c1 c8e6 b2b3 b4a5 g1h2 h7h5 h2g1 e5e4 g1h1 f7f6 h1h2 g8g7 h2g1 h5h4 g1f1 e6d5 c1b2 a5b4
Warning; Bestmove does not match beginning of last PV - move c8d7 from SF_2700
Info; info depth 18 seldepth 32 multipv 1 score cp -154 nodes 1023728 nps 546571 hashfull 395 tbhits 0 time 1873 pv e8g8 a3b5 b6d5 h2h4 c8e6 f4f5 g6f5 d3f5 e6f5 c2f5 e7e6 f5h5 f7f6 c3c4 d5b4 e5f6 d8f6 b5c7 c6d4 c1g5 d4f3 f1f3 f6b2 a1f1 b2d4 g1h1 d4c4
Position; fen rnbqkb1r/pppppppp/5n2/8/4P3/8/PPPP1PPP/RNBQKBNR w KQkq - 1 2
Moves; e4e5 f6e4 d2d3 e4c5 d3d4 c5a4 f2f4 a4b6 a2a4 a7a5 g1f3 d7d6 f1d3 b8c6 c2c3 g7g6 e1g1 f8h6 b1a3 h6g7 d1c2
Warning; Bestmove does not match beginning of last PV - move d2d1 from SF_3000
Info; info depth 24 seldepth 49 multipv 1 score cp -14 nodes 1353061 nps 1748140 hashfull 177 tbhits 0 time 774 pv g5f7 e4f5 f7g5 f5g6 d2d1 g6d3 d1d2 d3f1 d2e1 f1c4 e1d2 e6e5 f4e5 d5e5 g5h7 c4d5 h7f8 d5e6 f8h7 e5f4 h7f6 f4f5 f6h5 f5e5 h5g3 e6c4 g3h5 c4a6
Position; fen rnbqkbnr/pppp1ppp/4p3/8/3PP3/8/PPP2PPP/RNBQKBNR b KQkq - 0 2
Moves; d7d5 b1c3 g8f6 e4e5 f6d7 c3e2 c7c5 c2c3 d8b6 a2a3 b8c6 g1f3 a7a5 e2f4 a5a4 h2h3 b6b3 f1e2 b3d1 e2d1 d7b6 h3h4 c8d7 h1h3 c5d4 c3d4 b6c4 h4h5 f8e7 f4d3 e8g8 h3g3 f7f6 c1d2 c4d2 e1d2 g8h8 a1c1 d7e8 h5h6 g7h6 d3f4 e8f7 g3h3 f6e5 d4e5 e7g5 g2g3 g5f4 g3f4 f7g6 h3h4 a8a6 c1c5 g6e4 c5c3 d5d4 c3c5 a6b6 d2c1 e4d5 h4h6 f8f4 f3g5 c6e5 h6h7 h8g8 c5c8 f4f8 c8f8 g8f8 h7c7 f8e8 d1c2 e8d8 c7c5 d8e7 f2f4 e5d7 c5c8 b6c6 c8c6 d5c6 c2b1 d7c5 c1d2 c6g2 b1d3 e7d6 d3g6 d6d5 g6b1 g2e4 b1a2 c5b3 a2b3 a4b3
Warning; Bestmove does not match beginning of last PV - move c3d4 from SF_2700
Info; info depth 18 seldepth 36 multipv 1 score cp -324 nodes 1267268 nps 752981 hashfull 468 tbhits 0 time 1683 pv e3g5 e5e4 g1e2 f7f6 g5d2 h8e8 e2d4 e4d3 e1f1 c5d4 c2d3 d7b5 a2a4 b5d3 d2d3 f5d3 f1g1 g7g6 c3d4 d8d4 g1h2 a7a5 d1f3
Position; fen rnbqkb1r/pppppppp/5n2/8/4P3/8/PPPP1PPP/RNBQKBNR w KQkq - 1 2
Moves; b1c3 e7e5 f1e2 d7d5 e4d5 f6d5 d2d3 b8c6 h2h3 c8f5 c1d2 d8d7 e2f3 d5c3 d2c3 e8c8 d1c1 h7h5 c1e3 c6d4 f3d1 f8c5
Warning; Bestmove does not match beginning of last PV - move d7g4 from SF_2700
Info; info depth 15 seldepth 23 multipv 1 score cp -169 nodes 332461 nps 614530 hashfull 132 tbhits 0 time 541 pv e8g8 c2f2 d8c8 f3g5 d7f5 d3f5 g6f5 f2h4 h7h6 g5f3 c8d7 b2b3 b6d5 c3c4 d5b4
Position; fen rnbqkb1r/pppppppp/5n2/8/4P3/8/PPPP1PPP/RNBQKBNR w KQkq - 1 2
Moves; e4e5 f6e4 d2d3 e4c5 d3d4 c5a4 f2f4 a4b6 a2a4 a7a5 g1f3 d7d6 f1d3 b8c6 c2c3 g7g6 e1g1 f8h6 b1a3 h6g7 d1c2 c8d7 a3b5
Warning; Bestmove does not match beginning of last PV - move e3d2 from SF_2700
Info; info depth 18 seldepth 36 multipv 1 score cp -373 nodes 1047075 nps 727135 hashfull 400 tbhits 0 time 1440 pv e3c1 d7b5 a2a4 b5c5 e1f1 a7a5 c1d2 c5b6 a1b1 e5e4 g1e2 e4d3 e2d4 d8d4 c2c3 d4d8 h1g1
Position; fen rnbqkb1r/pppppppp/5n2/8/4P3/8/PPPP1PPP/RNBQKBNR w KQkq - 1 2
Moves; b1c3 e7e5 f1e2 d7d5 e4d5 f6d5 d2d3 b8c6 h2h3 c8f5 c1d2 d8d7 e2f3 d5c3 d2c3 e8c8 d1c1 h7h5 c1e3 c6d4 f3d1 f8c5 c3d4 c5d4
Warning; PV continues after threefold repetition - move e4f5 from HiveChess
Info; info depth 26 score cp 153 nodes 8879104 pv e4f5 d1e1 f5c2 e1e2 c2e4 e2d1 e4f5 d1e1 f5c2 e1e2 c2e4 e2d1 e4f5 d1e1 f5c2 e1e2 c2e4 e2d1 e4f5 d1e1 f5c2 e1e2 c2e4 e2d1 e4f5 d1e1
Position; fen rnbqkbnr/pppp1ppp/4p3/8/3PP3/8/PPP2PPP/RNBQKBNR b KQkq - 0 2
Moves; d7d5 b1c3 g8f6 e4e5 f6d7 c3e2 c7c5 c2c3 d8b6 a2a3 b8c6 g1f3 a7a5 e2f4 a5a4 h2h3 b6b3 f1e2 b3d1 e2d1 d7b6 h3h4 c8d7 h1h3 c5d4 c3d4 b6c4 h4h5 f8e7 f4d3 e8g8 h3g3 f7f6 c1d2 c4d2 e1d2 g8h8 a1c1 d7e8 h5h6 g7h6 d3f4 e8f7 g3h3 f6e5 d4e5 e7g5 g2g3 g5f4 g3f4 f7g6 h3h4 a8a6 c1c5 g6e4 c5c3 d5d4 c3c5 a6b6 d2c1 e4d5 h4h6 f8f4 f3g5 c6e5 h6h7 h8g8 c5c8 f4f8 c8f8 g8f8 h7c7 f8e8 d1c2 e8d8 c7c5 d8e7 f2f4 e5d7 c5c8 b6c6 c8c6 d5c6 c2b1 d7c5 c1d2 c6g2 b1d3 e7d6 d3g6 d6d5 g6b1 g2e4 b1a2 c5b3 a2b3 a4b3 d2d1
Warning; Bestmove does not match beginning of last PV - move d1c1 from SF_3000
Info; info depth 36 seldepth 20 multipv 1 score cp 0 nodes 675351 nps 1891739 hashfull 85 tbhits 0 time 357 pv d1e2 f5e4 e2d2 e4g6 d2e2
Position; fen rnbqkbnr/pppp1ppp/4p3/8/3PP3/8/PPP2PPP/RNBQKBNR b KQkq - 0 2
Moves; d7d5 b1c3 g8f6 e4e5 f6d7 c3e2 c7c5 c2c3 d8b6 a2a3 b8c6 g1f3 a7a5 e2f4 a5a4 h2h3 b6b3 f1e2 b3d1 e2d1 d7b6 h3h4 c8d7 h1h3 c5d4 c3d4 b6c4 h4h5 f8e7 f4d3 e8g8 h3g3 f7f6 c1d2 c4d2 e1d2 g8h8 a1c1 d7e8 h5h6 g7h6 d3f4 e8f7 g3h3 f6e5 d4e5 e7g5 g2g3 g5f4 g3f4 f7g6 h3h4 a8a6 c1c5 g6e4 c5c3 d5d4 c3c5 a6b6 d2c1 e4d5 h4h6 f8f4 f3g5 c6e5 h6h7 h8g8 c5c8 f4f8 c8f8 g8f8 h7c7 f8e8 d1c2 e8d8 c7c5 d8e7 f2f4 e5d7 c5c8 b6c6 c8c6 d5c6 c2b1 d7c5 c1d2 c6g2 b1d3 e7d6 d3g6 d6d5 g6b1 g2e4 b1a2 c5b3 a2b3 a4b3 d2d1 e4f5
Warning; Bestmove does not match beginning of last PV - move g4c8 from SF_2700
Info; info depth 16 seldepth 27 multipv 1 score cp -185 nodes 576326 nps 631936 hashfull 193 tbhits 0 time 912 pv g4f3 f1f3 e7e6 c2f2 e8g8 b2b3 c6a7 b5a7 a8a7 g2g4 a7a8 c1a3 f8e8 a1e1 f7f5 g1h2 b6d5 g4f5 e6f5
Position; fen rnbqkb1r/pppppppp/5n2/8/4P3/8/PPPP1PPP/RNBQKBNR w KQkq - 1 2
Moves; e4e5 f6e4 d2d3 e4c5 d3d4 c5a4 f2f4 a4b6 a2a4 a7a5 g1f3 d7d6 f1d3 b8c6 c2c3 g7g6 e1g1 f8h6 b1a3 h6g7 d1c2 c8d7 a3b5 d7g4 h2h3
Warning; Bestmove does not match beginning of last PV - move c1d1 from SF_3000
Info; info depth 21 seldepth 30 multipv 1 score cp 0 nodes 1215655 nps 1397304 hashfull 274 tbhits 0 time 870 pv c1d2 g6e4 d2e2 e4f5 e2d2
Position; fen rnbqkbnr/pppp1ppp/4p3/8/3PP3/8/PPP2PPP/RNBQKBNR b KQkq - 0 2
Moves; d7d5 b1c3 g8f6 e4e5 f6d7 c3e2 c7c5 c2c3 d8b6 a2a3 b8c6 g1f3 a7a5 e2f4 a5a4 h2h3 b6b3 f1e2 b3d1 e2d1 d7b6 h3h4 c8d7 h1h3 c5d4 c3d4 b6c4 h4h5 f8e7 f4d3 e8g8 h3g3 f7f6 c1d2 c4d2 e1d2 g8h8 a1c1 d7e8 h5h6 g7h6 d3f4 e8f7 g3h3 f6e5 d4e5 e7g5 g2g3 g5f4 g3f4 f7g6 h3h4 a8a6 c1c5 g6e4 c5c3 d5d4 c3c5 a6b6 d2c1 e4d5 h4h6 f8f4 f3g5 c6e5 h6h7 h8g8 c5c8 f4f8 c8f8 g8f8 h7c7 f8e8 d1c2 e8d8 c7c5 d8e7 f2f4 e5d7 c5c8 b6c6 c8c6 d5c6 c2b1 d7c5 c1d2 c6g2 b1d3 e7d6 d3g6 d6d5 g6b1 g2e4 b1a2 c5b3 a2b3 a4b3 d2d1 e4f5 d1c1 f5g6
Warning; Bestmove does not match beginning of last PV - move a3a4 from SF_2900
Info; info depth 15 seldepth 21 multipv 1 score cp -543 nodes 391152 nps 1160688 hashfull 120 tbhits 0 time 337 pv h2h1 a7a6 b4c5 g6g5 c5e3 g8f7 a3a4 g5g4 a4a5 f7g7 h1b1
Position; fen rnbqkbnr/pppppp1p/6p1/8/4P3/8/PPPP1PPP/RNBQKBNR w KQkq - 0 2
Moves; g1f3 c7c5 d2d4 c5d4 f3d4 f8g7 f1e2 b8c6 d4c6 b7c6 b1c3 a8b8 e1g1 d7d6 h2h3 d8a5 a2a3 a5c7 f1e1 c8e6 e2f1 g8f6 a1b1 f6d7 d1d3 e8g8 d3d2 b8b7 b2b3 h7h5 c3d1 f8b8 f1a6 b7b6 a6f1 b6b7 f1a6 b7b6 a6e2 d6d5 d1c3 c7d6 e4d5 c6d5 e2f1 d7f6 f1d3 d5d4 c3d1 f6d5 d2g5 b8c8 c1d2 c8c5 b1c1 b6c6 g5h4 c6c8 d1b2 g7f6 h4g3 d6g3 f2g3 d5c3 c1a1 c5c6 b2c4 c3a4 c4e5 c6c2 d3c2 c8c2 g3g4 a4b2 e5f3 b2d3 e1e2 h5g4 h3g4 e6g4 g1f1 c2b2 d2a5 b2b3 f1g1 g4f3 g2f3 d3e5 e2e4 e5f3 g1f2 f6h4 f2g2 f7f5 e4e2 h4f6 a5b4 f3h4 g2f2 b3f3 f2e1 d4d3 e2h2 f3f4 a1a2 h4f3 e1d1 f3h2 a2h2 f4f1 d1d2 f1f3
Warning; Bestmove does not match beginning of last PV - move d1e1 from SF_3000
Info; info depth 24 seldepth 35 multipv 1 score cp 0 nodes 1105762 nps 1703793 hashfull 162 tbhits 0 time 649 pv d1d2 d3c4 g5f7 b7b6 f7g5 e6e5 f4e5 d5e5 g5h3 e5e4 h3f2 e4f5 f2h1 f5f4 h1f2 c4a6 f2d3 a6d3 d2d3 f4e5 d3e2 e5e4 e2d2 e4d5 d2d3 d5c5 d3d2 c5d5
Position; fen rnbqkbnr/pppp1ppp/4p3/8/3PP3/8/PPP2PPP/RNBQKBNR b KQkq - 0 2
Moves; d7d5 b1c3 g8f6 e4e5 f6d7 c3e2 c7c5 c2c3 d8b6 a2a3 b8c6 g1f3 a7a5 e2f4 a5a4 h2h3 b6b3 f1e2 b3d1 e2d1 d7b6 h3h4 c8d7 h1h3 c5d4 c3d4 b6c4 h4h5 f8e7 f4d3 e8g8 h3g3 f7f6 c1d2 c4d2 e1d2 g8h8 a1c1 d7e8 h5h6 g7h6 d3f4 e8f7 g3h3 f6e5 d4e5 e7g5 g2g3 g5f4 g3f4 f7g6 h3h4 a8a6 c1c5 g6e4 c5c3 d5d4 c3c5 a6b6 d2c1 e4d5 h4h6 f8f4 f3g5 c6e5 h6h7 h8g8 c5c8 f4f8 c8f8 g8f8 h7c7 f8e8 d1c2 e8d8 c7c5 d8e7 f2f4 e5d7 c5c8 b6c6 c8c6 d5c6 c2b1 d7c5 c1d2 c6g2 b1d3 e7d6 d3g6 d6d5 g6b1 g2e4 b1a2 c5b3 a2b3 a4b3 d2d1 e4f5 d1c1 f5g6 c1d1 g6d3
Warning; Bestmove does not match beginning of last PV - move e1f2 from SF_3000
Info; info depth 43 seldepth 9 multipv 1 score cp 0 nodes 336854 nps 1830728 hashfull 49 tbhits 0 time 184 pv e1e2 f5g4 e2d2 g4h5 d2d3 h5g6 d3d2 g6h5
Position; fen rnbqkbnr/pppp1ppp/4p3/8/3PP3/8/PPP2PPP/RNBQKBNR b KQkq - 0 2
Moves; d7d5 b1c3 g8f6 e4e5 f6d7 c3e2 c7c5 c2c3 d8b6 a2a3 b8c6 g1f3 a7a5 e2f4 a5a4 h2h3 b6b3 f1e2 b3d1 e2d1 d7b6 h3h4 c8d7 h1h3 c5d4 c3d4 b6c4 h4h5 f8e7 f4d3 e8g8 h3g3 f7f6 c1d2 c4d2 e1d2 g8h8 a1c1 d7e8 h5h6 g7h6 d3f4 e8f7 g3h3 f6e5 d4e5 e7g5 g2g3 g5f4 g3f4 f7g6 h3h4 a8a6 c1c5 g6e4 c5c3 d5d4 c3c5 a6b6 d2c1 e4d5 h4h6 f8f4 f3g5 c6e5 h6h7 h8g8 c5c8 f4f8 c8f8 g8f8 h7c7 f8e8 d1c2 e8d8 c7c5 d8e7 f2f4 e5d7 c5c8 b6c6 c8c6 d5c6 c2b1 d7c5 c1d2 c6g2 b1d3 e7d6 d3g6 d6d5 g6b1 g2e4 b1a2 c5b3 a2b3 a4b3 d2d1 e4f5 d1c1 f5g6 c1d1 g6d3 d1e1 d3f5
Warning; Bestmove does not match beginning of last PV - move h2h1 from SF_2900
Info; info depth 13 seldepth 16 multipv 1 score cp -540 nodes 46411 nps 1718925 hashfull 8 tbhits 0 time 27 pv c3f6 e7f6 d2d3 g8g7 d3e3 g6g5 h2d2
Position; fen rnbqkbnr/pppppp1p/6p1/8/4P3/8/PPPP1PPP/RNBQKBNR w KQkq - 0 2
Moves; g1f3 c7c5 d2d4 c5d4 f3d4 f8g7 f1e2 b8c6 d4c6 b7c6 b1c3 a8b8 e1g1 d7d6 h2h3 d8a5 a2a3 a5c7 f1e1 c8e6 e2f1 g8f6 a1b1 f6d7 d1d3 e8g8 d3d2 b8b7 b2b3 h7h5 c3d1 f8b8 f1a6 b7b6 a6f1 b6b7 f1a6 b7b6 a6e2 d6d5 d1c3 c7d6 e4d5 c6d5 e2f1 d7f6 f1d3 d5d4 c3d1 f6d5 d2g5 b8c8 c1d2 c8c5 b1c1 b6c6 g5h4 c6c8 d1b2 g7f6 h4g3 d6g3 f2g3 d5c3 c1a1 c5c6 b2c4 c3a4 c4e5 c6c2 d3c2 c8c2 g3g4 a4b2 e5f3 b2d3 e1e2 h5g4 h3g4 e6g4 g1f1 c2b2 d2a5 b2b3 f1g1 g4f3 g2f3 d3e5 e2e4 e5f3 g1f2 f6h4 f2g2 f7f5 e4e2 h4f6 a5b4 f3h4 g2f2 b3f3 f2e1 d4d3 e2h2 f3f4 a1a2 h4f3 e1d1 f3h2 a2h2 f4f1 d1d2 f1f3 a3a4 f3f4 b4c3 f4a4
Warning; Bestmove does not match beginning of last PV - move d1c1 from SF_2600
Info; info depth 12 seldepth 23 multipv 1 score cp -214 nodes 33950 nps 943055 hashfull 12 tbhits 0 time 36 pv b2d4 d6d4 c2d4 c4d5 g2g3 h4g3 f2g3 e7e5 d4c2 f6f5 b3b4 a5b4 c2b4 d5c4 a2a4
Position; fen rnbqkbnr/pp1ppppp/8/2p5/4P3/5N2/PPPP1PPP/RNBQKB1R b KQkq - 1 2
Moves; d7d6 d2d4 c5d4 f1b5 c8d7 f3d4 g8f6 d1e2 b8c6 c2c3 g7g6 e1g1 f8g7 f1d1 e8g8 d4f3 a7a6 b5c4 b7b5 c4d3 f6g4 h2h3 g4e5 c1f4 e5f3 e2f3 d8c7 f3e3 f8b8 f4h6 c7b6 e3c1 c6e5 b1a3 b5b4 c3b4 e5d3 d1d3 g7h6 c1h6 b6b4 a1c1 d7e6 e4e5 d6e5 d3c3 b8c8 c3c8 a8c8 c1c8 e6c8 h6c1 c8e6 b2b3 b4a5 g1h2 h7h5 h2g1 e5e4 g1h1 f7f6 h1h2 g8g7 h2g1 h5h4 g1f1 e6d5 c1b2 a5b4 f1e2 a6a5 a3c2 d5c4 e2d1 b4d6
Warning; Bestmove does not match beginning of last PV - move h1g1 from SF_2900
Info; info depth 14 seldepth 26 multipv 1 score cp -675 nodes 213873 nps 2576783 hashfull 66 tbhits 0 time 83 pv d3c4 a3c3 c4d5 g8f7 h1h7 f6g7 h7h2 e7e6 d5d6 c3a3 h2h7 a3d3 d6c7 f7f6
Position; fen rnbqkbnr/pppppp1p/6p1/8/4P3/8/PPPP1PPP/RNBQKBNR w KQkq - 0 2
Moves; g1f3 c7c5 d2d4 c5d4 f3d4 f8g7 f1e2 b8c6 d4c6 b7c6 b1c3 a8b8 e1g1 d7d6 h2h3 d8a5 a2a3 a5c7 f1e1 c8e6 e2f1 g8f6 a1b1 f6d7 d1d3 e8g8 d3d2 b8b7 b2b3 h7h5 c3d1 f8b8 f1a6 b7b6 a6f1 b6b7 f1a6 b7b6 a6e2 d6d5 d1c3 c7d6 e4d5 c6d5 e2f1 d7f6 f1d3 d5d4 c3d1 f6d5 d2g5 b8c8 c1d2 c8c5 b1c1 b6c6 g5h4 c6c8 d1b2 g7f6 h4g3 d6g3 f2g3 d5c3 c1a1 c5c6 b2c4 c3a4 c4e5 c6c2 d3c2 c8c2 g3g4 a4b2 e5f3 b2d3 e1e2 h5g4 h3g4 e6g4 g1f1 c2b2 d2a5 b2b3 f1g1 g4f3 g2f3 d3e5 e2e4 e5f3 g1f2 f6h4 f2g2 f7f5 e4e2 h4f6 a5b4 f3h4 g2f2 b3f3 f2e1 d4d3 e2h2 f3f4 a1a2 h4f3 e1d1 f3h2 a2h2 f4f1 d1d2 f1f3 a3a4 f3f4 b4c3 f4a4 h2h1 a4a2 d2d3 a2a3
Warning; Bestmove does not match beginning of last PV - move a2a4 from SF_2600
Info; info depth 12 seldepth 26 multipv 1 score cp -232 nodes 45994 nps 851740 hashfull 15 tbhits 0 time 54 pv c2e3 d3a6 b2c3 d6a3 c3b2 a3c5 c1d2
Position; fen rnbqkbnr/pp1ppppp/8/2p5/4P3/5N2/PPPP1PPP/RNBQKB1R b KQkq - 1 2
Moves; d7d6 d2d4 c5d4 f1b5 c8d7 f3d4 g8f6 d1e2 b8c6 c2c3 g7g6 e1g1 f8g7 f1d1 e8g8 d4f3 a7a6 b5c4 b7b5 c4d3 f6g4 h2h3 g4e5 c1f4 e5f3 e2f3 d8c7 f3e3 f8b8 f4h6 c7b6 e3c1 c6e5 b1a3 b5b4 c3b4 e5d3 d1d3 g7h6 c1h6 b6b4 a1c1 d7e6 e4e5 d6e5 d3c3 b8c8 c3c8 a8c8 c1c8 e6c8 h6c1 c8e6 b2b3 b4a5 g1h2 h7h5 h2g1 e5e4 g1h1 f7f6 h1h2 g8g7 h2g1 h5h4 g1f1 e6d5 c1b2 a5b4 f1e2 a6a5 a3c2 d5c4 e2d1 b4d6 d1c1 c4d3
Warning; Bestmove does not match beginning of last PV - move h3h4 from SF_2700
Info; info depth 17 seldepth 33 multipv 1 score cp -393 nodes 617465 nps 724724 hashfull 254 tbhits 0 time 852 pv d1h5 e8e2 d2f4 e2b2 h5f3 d3d2 g2g4 f5e6 f1g2 e6d5 c3c4 d5c6 a1d1 a7a5 f3c6 d7c6 f2f3 f7f6 h3h4 b2a2
Position; fen rnbqkb1r/pppppppp/5n2/8/4P3/8/PPPP1PPP/RNBQKBNR w KQkq - 1 2
Moves; b1c3 e7e5 f1e2 d7d5 e4d5 f6d5 d2d3 b8c6 h2h3 c8f5 c1d2 d8d7 e2f3 d5c3 d2c3 e8c8 d1c1 h7h5 c1e3 c6d4 f3d1 f8c5 c3d4 c5d4 e3d2 e5e4 g1e2 e4d3 e2d4 d7d4 c2c3 h8e8 e1f1 d4d7
Warning; Bestmove does not match beginning of last PV - move d3e2 from SF_2900
Info; info depth 15 seldepth 32 multipv 1 score cp -710 nodes 159947 nps 2252774 hashfull 52 tbhits 0 time 71 pv d3d2 g8g7 g1a1 c3c7 a1a4 g6g5 a4a6 g7f7 d2e2 e7e6 a6a4 g5g4 a4a6 f6g7 a6a4
Position; fen rnbqkbnr/pppppp1p/6p1/8/4P3/8/PPPP1PPP/RNBQKBNR w KQkq - 0 2
Moves; g1f3 c7c5 d2d4 c5d4 f3d4 f8g7 f1e2 b8c6 d4c6 b7c6 b1c3 a8b8 e1g1 d7d6 h2h3 d8a5 a2a3 a5c7 f1e1 c8e6 e2f1 g8f6 a1b1 f6d7 d1d3 e8g8 d3d2 b8b7 b2b3 h7h5 c3d1 f8b8 f1a6 b7b6 a6f1 b6b7 f1a6 b7b6 a6e2 d6d5 d1c3 c7d6 e4d5 c6d5 e2f1 d7f6 f1d3 d5d4 c3d1 f6d5 d2g5 b8c8 c1d2 c8c5 b1c1 b6c6 g5h4 c6c8 d1b2 g7f6 h4g3 d6g3 f2g3 d5c3 c1a1 c5c6 b2c4 c3a4 c4e5 c6c2 d3c2 c8c2 g3g4 a4b2 e5f3 b2d3 e1e2 h5g4 h3g4 e6g4 g1f1 c2b2 d2a5 b2b3 f1g1 g4f3 g2f3 d3e5 e2e4 e5f3 g1f2 f6h4 f2g2 f7f5 e4e2 h4f6 a5b4 f3h4 g2f2 b3f3 f2e1 d4d3 e2h2 f3f4 a1a2 h4f3 e1d1 f3h2 a2h2 f4f1 d1d2 f1f3 a3a4 f3f4 b4c3 f4a4 h2h1 a4a2 d2d3 a2a3 h1g1 a3c3
Warning; Bestmove does not match beginning of last PV - move b3b4 from SF_2600
Info; info depth 14 seldepth 18 multipv 1 score cp -471 nodes 51560 nps 1031200 hashfull 19 tbhits 0 time 50 pv c1b1 c5f2 b2c3 d3c2 c3c2 f2f1 b1b2 e4e3 c2e4 f1f2 b2c3 f2d2 c3c4
Position; fen rnbqkbnr/pp1ppppp/8/2p5/4P3/5N2/PPPP1PPP/RNBQKB1R b KQkq - 1 2
Moves; d7d6 d2d4 c5d4 f1b5 c8d7 f3d4 g8f6 d1e2 b8c6 c2c3 g7g6 e1g1 f8g7 f1d1 e8g8 d4f3 a7a6 b5c4 b7b5 c4d3 f6g4 h2h3 g4e5 c1f4 e5f3 e2f3 d8c7 f3e3 f8b8 f4h6 c7b6 e3c1 c6e5 b1a3 b5b4 c3b4 e5d3 d1d3 g7h6 c1h6 b6b4 a1c1 d7e6 e4e5 d6e5 d3c3 b8c8 c3c8 a8c8 c1c8 e6c8 h6c1 c8e6 b2b3 b4a5 g1h2 h7h5 h2g1 e5e4 g1h1 f7f6 h1h2 g8g7 h2g1 h5h4 g1f1 e6d5 c1b2 a5b4 f1e2 a6a5 a3c2 d5c4 e2d1 b4d6 d1c1 c4d3 a2a4 d6c5
Warning; Bestmove does not match beginning of last PV - move f7f6 from SF_2700
Info; info depth 17 seldepth 31 multipv 1 score cp -302 nodes 699572 nps 683175 hashfull 305 tbhits 0 time 1024 pv f7f8 c2e2 b6d5 c1d2 e7e5 f3h2 c8e6 f1f8 d8f8 h2g4
Position; fen rnbqkb1r/pppppppp/5n2/8/4P3/8/PPPP1PPP/RNBQKBNR w KQkq - 1 2
Moves; e4e5 f6e4 d2d3 e4c5 d3d4 c5a4 f2f4 a4b6 a2a4 a7a5 g1f3 d7d6 f1d3 b8c6 c2c3 g7g6 e1g1 f8h6 b1a3 h6g7 d1c2 c8d7 a3b5 d7g4 h2h3 g4c8 f4f5 e8g8 e5e6 h7h6 e6f7 f8f7 f5g6
Warning; Bestmove does not match beginning of last PV - move g1e1 from SF_2900
Info; info depth 13 seldepth 21 multipv 1 score cp -698 nodes 62165 nps 2486600 hashfull 21 tbhits 0 time 25 pv g1d1 c3c2 e2f3 c2c7 d1b1
Position; fen rnbqkbnr/pppppp1p/6p1/8/4P3/8/PPPP1PPP/RNBQKBNR w KQkq - 0 2
Moves; g1f3 c7c5 d2d4 c5d4 f3d4 f8g7 f1e2 b8c6 d4c6 b7c6 b1c3 a8b8 e1g1 d7d6 h2h3 d8a5 a2a3 a5c7 f1e1 c8e6 e2f1 g8f6 a1b1 f6d7 d1d3 e8g8 d3d2 b8b7 b2b3 h7h5 c3d1 f8b8 f1a6 b7b6 a6f1 b6b7 f1a6 b7b6 a6e2 d6d5 d1c3 c7d6 e4d5 c6d5 e2f1 d7f6 f1d3 d5d4 c3d1 f6d5 d2g5 b8c8 c1d2 c8c5 b1c1 b6c6 g5h4 c6c8 d1b2 g7f6 h4g3 d6g3 f2g3 d5c3 c1a1 c5c6 b2c4 c3a4 c4e5 c6c2 d3c2 c8c2 g3g4 a4b2 e5f3 b2d3 e1e2 h5g4 h3g4 e6g4 g1f1 c2b2 d2a5 b2b3 f1g1 g4f3 g2f3 d3e5 e2e4 e5f3 g1f2 f6h4 f2g2 f7f5 e4e2 h4f6 a5b4 f3h4 g2f2 b3f3 f2e1 d4d3 e2h2 f3f4 a1a2 h4f3 e1d1 f3h2 a2h2 f4f1 d1d2 f1f3 a3a4 f3f4 b4c3 f4a4 h2h1 a4a2 d2d3 a2a3 h1g1 a3c3 d3e2 g8g7
Finished game 38 (SF_2900 vs HiveChess): 0-1 {Black wins by adjudication}
Started game 45 of 1000 (HiveChess vs SF_2800)
Warning; Bestmove does not match beginning of last PV - move b6d5 from SF_2700
Info; info depth 17 seldepth 30 multipv 1 score cp -325 nodes 601813 nps 706353 hashfull 242 tbhits 0 time 852 pv e7e5 d2e1 c6e7 e1h4 f6f4 d4e5 d6e5 a1e1 b6d5 b5a3 c8h3 g2h3 d8d7 c2g2 a8f8 h4g3 f4f3 f1f3 f8f3 g2f3 d7h3
Position; fen rnbqkb1r/pppppppp/5n2/8/4P3/8/PPPP1PPP/RNBQKBNR w KQkq - 1 2
Moves; e4e5 f6e4 d2d3 e4c5 d3d4 c5a4 f2f4 a4b6 a2a4 a7a5 g1f3 d7d6 f1d3 b8c6 c2c3 g7g6 e1g1 f8h6 b1a3 h6g7 d1c2 c8d7 a3b5 d7g4 h2h3 g4c8 f4f5 e8g8 e5e6 h7h6 e6f7 f8f7 f5g6 f7f6 c1d2
Warning; Bestmove does not match beginning of last PV - move g5f3 from SF_3000
Info; info depth 31 seldepth 26 multipv 1 score cp 0 nodes 1181526 nps 1455081 hashfull 202 tbhits 0 time 812 pv d2e2 c4c5 e2d2 c5d5 d2e2
Position; fen rnbqkbnr/pppp1ppp/4p3/8/3PP3/8/PPP2PPP/RNBQKBNR b KQkq - 0 2
Moves; d7d5 b1c3 g8f6 e4e5 f6d7 c3e2 c7c5 c2c3 d8b6 a2a3 b8c6 g1f3 a7a5 e2f4 a5a4 h2h3 b6b3 f1e2 b3d1 e2d1 d7b6 h3h4 c8d7 h1h3 c5d4 c3d4 b6c4 h4h5 f8e7 f4d3 e8g8 h3g3 f7f6 c1d2 c4d2 e1d2 g8h8 a1c1 d7e8 h5h6 g7h6 d3f4 e8f7 g3h3 f6e5 d4e5 e7g5 g2g3 g5f4 g3f4 f7g6 h3h4 a8a6 c1c5 g6e4 c5c3 d5d4 c3c5 a6b6 d2c1 e4d5 h4h6 f8f4 f3g5 c6e5 h6h7 h8g8 c5c8 f4f8 c8f8 g8f8 h7c7 f8e8 d1c2 e8d8 c7c5 d8e7 f2f4 e5d7 c5c8 b6c6 c8c6 d5c6 c2b1 d7c5 c1d2 c6g2 b1d3 e7d6 d3g6 d6d5 g6b1 g2e4 b1a2 c5b3 a2b3 a4b3 d2d1 e4f5 d1c1 f5g6 c1d1 g6d3 d1e1 d3f5 e1f2 f5g4 f2e1 d5c4 e1d2 g4f5
Warning; Bestmove does not match beginning of last PV - move d1h5 from SF_2700
Info; info depth 15 seldepth 28 multipv 1 score cp -395 nodes 182591 nps 733297 hashfull 79 tbhits 0 time 249 pv g5g7 f5g4 g7g5 d3d2 f1g1 b2b5 g5e3 b7b6 g1h2 b5c5 a2a4 a7a5 a1a2 g4e6 a2b2 d7d6 f2f4 d6d3 e3d3 d8d3 d1e2 c5c3 e2d3 c3d3
Position; fen rnbqkb1r/pppppppp/5n2/8/4P3/8/PPPP1PPP/RNBQKBNR w KQkq - 1 2
Moves; b1c3 e7e5 f1e2 d7d5 e4d5 f6d5 d2d3 b8c6 h2h3 c8f5 c1d2 d8d7 e2f3 d5c3 d2c3 e8c8 d1c1 h7h5 c1e3 c6d4 f3d1 f8c5 c3d4 c5d4 e3d2 e5e4 g1e2 e4d3 e2d4 d7d4 c2c3 h8e8 e1f1 d4d7 h3h4 e8e2 d2g5 e2b2
Warning; Bestmove does not match beginning of last PV - move g5c1 from SF_2700
Info; info depth 17 seldepth 26 multipv 1 score cp -451 nodes 449873 nps 822436 hashfull 170 tbhits 0 time 547 pv g5f4 d3d2 g2g3 d7d3 f1g2 f5e4 h5f3 e4f3 f4f3 b2c2 a1d1 c2c3
Position; fen rnbqkb1r/pppppppp/5n2/8/4P3/8/PPPP1PPP/RNBQKBNR w KQkq - 1 2
Moves; b1c3 e7e5 f1e2 d7d5 e4d5 f6d5 d2d3 b8c6 h2h3 c8f5 c1d2 d8d7 e2f3 d5c3 d2c3 e8c8 d1c1 h7h5 c1e3 c6d4 f3d1 f8c5 c3d4 c5d4 e3d2 e5e4 g1e2 e4d3 e2d4 d7d4 c2c3 h8e8 e1f1 d4d7 h3h4 e8e2 d2g5 e2b2 d1h5 f7f6
Warning; Bestmove does not match beginning of last PV - move d5f4 from SF_2700
Info; info depth 16 seldepth 28 multipv 1 score cp -316 nodes 395316 nps 672306 hashfull 156 tbhits 0 time 588 pv e7e5 d3c4 c6e7 d4e5 d6e5 f3e5 f6f1 g1f1 c8f5 c2b3 c7c6 b5d4 d8d6 e5f3 g7d4 c3d4
Position; fen rnbqkb1r/pppppppp/5n2/8/4P3/8/PPPP1PPP/RNBQKBNR w KQkq - 1 2
Moves; e4e5 f6e4 d2d3 e4c5 d3d4 c5a4 f2f4 a4b6 a2a4 a7a5 g1f3 d7d6 f1d3 b8c6 c2c3 g7g6 e1g1 f8h6 b1a3 h6g7 d1c2 c8d7 a3b5 d7g4 h2h3 g4c8 f4f5 e8g8 e5e6 h7h6 e6f7 f8f7 f5g6 f7f6 c1d2 b6d5 a1e1
Warning; Bestmove does not match beginning of last PV - move a2a4 from SF_2700
Info; info depth 15 seldepth 38 multipv 1 score cp -490 nodes 383234 nps 855433 hashfull 149 tbhits 0 time 448 pv c3c4 b5b4 a2a3 b4b6 c4c5 b6b5 a3a4 b5b4 c1e3 b2b1 a1b1 b4b1 e3e1 b1a2 e1b4 a2a1 b4e1 a1a4
Position; fen rnbqkb1r/pppppppp/5n2/8/4P3/8/PPPP1PPP/RNBQKBNR w KQkq - 1 2
Moves; b1c3 e7e5 f1e2 d7d5 e4d5 f6d5 d2d3 b8c6 h2h3 c8f5 c1d2 d8d7 e2f3 d5c3 d2c3 e8c8 d1c1 h7h5 c1e3 c6d4 f3d1 f8c5 c3d4 c5d4 e3d2 e5e4 g1e2 e4d3 e2d4 d7d4 c2c3 h8e8 e1f1 d4d7 h3h4 e8e2 d2g5 e2b2 d1h5 f7f6 g5c1 d7b5
Warning; Bestmove does not match beginning of last PV - move b2c3 from SF_2600
Info; info depth 21 seldepth 56 multipv 1 score cp -704 nodes 12226893 nps 2510140 hashfull 999 tbhits 0 time 4871 pv b4b5 e4e3 c2e3 f2e3 b2d2 e3c5 c1b2 d3f5 d2c3 c5g1 c3c4 g1g2 b2c1 g2g1 c1d2 g1f2 d2d1 f5h3 b5b6 h3f5
Position; fen rnbqkbnr/pp1ppppp/8/2p5/4P3/5N2/PPPP1PPP/RNBQKB1R b KQkq - 1 2
Moves; d7d6 d2d4 c5d4 f1b5 c8d7 f3d4 g8f6 d1e2 b8c6 c2c3 g7g6 e1g1 f8g7 f1d1 e8g8 d4f3 a7a6 b5c4 b7b5 c4d3 f6g4 h2h3 g4e5 c1f4 e5f3 e2f3 d8c7 f3e3 f8b8 f4h6 c7b6 e3c1 c6e5 b1a3 b5b4 c3b4 e5d3 d1d3 g7h6 c1h6 b6b4 a1c1 d7e6 e4e5 d6e5 d3c3 b8c8 c3c8 a8c8 c1c8 e6c8 h6c1 c8e6 b2b3 b4a5 g1h2 h7h5 h2g1 e5e4 g1h1 f7f6 h1h2 g8g7 h2g1 h5h4 g1f1 e6d5 c1b2 a5b4 f1e2 a6a5 a3c2 d5c4 e2d1 b4d6 d1c1 c4d3 a2a4 d6c5 b3b4 c5f2
Warning; Bestmove does not match beginning of last PV - move f8e7 from SF_2800
Info; info depth 18 seldepth 37 multipv 1 score cp 35 nodes 1734199 nps 619578 hashfull 567 tbhits 0 time 2799 pv g8e7 e2e3 d7d5 c4d5 e7d5 a2a3 c8e6 g1f3 f7f6 d1c2 d8d7 f1b5 a7a6 b5c6 d7c6 c2c6 b7c6 d2d4 e5e4 f3d2 f6f5 d2c4 f8d6 e1g1 e8g8
Position; fen rnbqkbnr/pppppppp/8/8/8/1P6/P1PPPPPP/RNBQKBNR b KQkq - 0 1
Moves; e7e5 c1b2 b8c6 c2c4
Warning; Bestmove does not match beginning of last PV - move f4h3 from SF_2700
Info; info depth 16 seldepth 30 multipv 1 score cp -384 nodes 418703 nps 784088 hashfull 174 tbhits 0 time 534 pv e7e5 d2f4 e5f4 c2d2 c8f5 h2g4 f5g4 h3g4 f6f8 f1f4 f8f4 d2f4 c6e5 d4e5 d6e5 f4f3 d8h4 e1f1 a8f8
Position; fen rnbqkb1r/pppppppp/5n2/8/4P3/8/PPPP1PPP/RNBQKBNR w KQkq - 1 2
Moves; e4e5 f6e4 d2d3 e4c5 d3d4 c5a4 f2f4 a4b6 a2a4 a7a5 g1f3 d7d6 f1d3 b8c6 c2c3 g7g6 e1g1 f8h6 b1a3 h6g7 d1c2 c8d7 a3b5 d7g4 h2h3 g4c8 f4f5 e8g8 e5e6 h7h6 e6f7 f8f7 f5g6 f7f6 c1d2 b6d5 a1e1 d5f4 f3h2
Warning; PV continues after threefold repetition - move d2e2 from HiveChess
Info; info depth 29 score cp 121 nodes 5063387 pv b7b6 d2e2 d5c4 e2d2 c4d5 d2e2 d5c4 e2d2 c4d5 d2e2 d5c4 e2d2 c4d5 d2e2 d5c4 e2d2 c4d5 d2e2 d5c4 e2d2 c4d5 d2e2 d5c4 e2d2 c4d5 d2e2 d5c4 e2d2 c4d5
Position; fen rnbqkbnr/pppp1ppp/4p3/8/3PP3/8/PPP2PPP/RNBQKBNR b KQkq - 0 2
Moves; d7d5 b1c3 g8f6 e4e5 f6d7 c3e2 c7c5 c2c3 d8b6 a2a3 b8c6 g1f3 a7a5 e2f4 a5a4 h2h3 b6b3 f1e2 b3d1 e2d1 d7b6 h3h4 c8d7 h1h3 c5d4 c3d4 b6c4 h4h5 f8e7 f4d3 e8g8 h3g3 f7f6 c1d2 c4d2 e1d2 g8h8 a1c1 d7e8 h5h6 g7h6 d3f4 e8f7 g3h3 f6e5 d4e5 e7g5 g2g3 g5f4 g3f4 f7g6 h3h4 a8a6 c1c5 g6e4 c5c3 d5d4 c3c5 a6b6 d2c1 e4d5 h4h6 f8f4 f3g5 c6e5 h6h7 h8g8 c5c8 f4f8 c8f8 g8f8 h7c7 f8e8 d1c2 e8d8 c7c5 d8e7 f2f4 e5d7 c5c8 b6c6 c8c6 d5c6 c2b1 d7c5 c1d2 c6g2 b1d3 e7d6 d3g6 d6d5 g6b1 g2e4 b1a2 c5b3 a2b3 a4b3 d2d1 e4f5 d1c1 f5g6 c1d1 g6d3 d1e1 d3f5 e1f2 f5g4 f2e1 d5c4 e1d2 g4f5 g5f3 c4d5 f3g5
Warning; Bestmove does not match beginning of last PV - move c1e1 from SF_2700
Info; info depth 13 seldepth 34 multipv 1 score cp -531 nodes 359521 nps 995903 hashfull 146 tbhits 0 time 361 pv c1e3 b2b1 a1b1 b6b1 e3e1 b1a2 f1g1 d3d2 e1d1 a2c4 h5f3 c4d3
Position; fen rnbqkb1r/pppppppp/5n2/8/4P3/8/PPPP1PPP/RNBQKBNR w KQkq - 1 2
Moves; b1c3 e7e5 f1e2 d7d5 e4d5 f6d5 d2d3 b8c6 h2h3 c8f5 c1d2 d8d7 e2f3 d5c3 d2c3 e8c8 d1c1 h7h5 c1e3 c6d4 f3d1 f8c5 c3d4 c5d4 e3d2 e5e4 g1e2 e4d3 e2d4 d7d4 c2c3 h8e8 e1f1 d4d7 h3h4 e8e2 d2g5 e2b2 d1h5 f7f6 g5c1 d7b5 a2a4 b5b6
Warning; Bestmove does not match beginning of last PV - move c8h3 from SF_2700
Info; info depth 17 seldepth 30 multipv 1 score cp -442 nodes 484971 nps 962244 hashfull 191 tbhits 0 time 504 pv f6f1 d3f1 e7e5 c2d1 c6e7 f1d3 c8e6 d1h5 e7d5 h2g4 d8e7 c3c4
Position; fen rnbqkb1r/pppppppp/5n2/8/4P3/8/PPPP1PPP/RNBQKBNR w KQkq - 1 2
Moves; e4e5 f6e4 d2d3 e4c5 d3d4 c5a4 f2f4 a4b6 a2a4 a7a5 g1f3 d7d6 f1d3 b8c6 c2c3 g7g6 e1g1 f8h6 b1a3 h6g7 d1c2 c8d7 a3b5 d7g4 h2h3 g4c8 f4f5 e8g8 e5e6 h7h6 e6f7 f8f7 f5g6 f7f6 c1d2 b6d5 a1e1 d5f4 f3h2 f4h3 g2h3
Warning; Bestmove does not match beginning of last PV - move b4a5 from SF_2600
Info; info depth 18 seldepth 57 multipv 1 score cp -886 nodes 9624597 nps 2864463 hashfull 900 tbhits 0 time 3360 pv c3d2 f2d2 c1d2 c2a4 b4a5 a4b5 d2e3 f6f5 e3d4 b5a6 d4e3 g7f6 e3d4 g6g5 d4c5 e4e3 c5b6 e3e2 b6a6 e2e1q a6b5 e1e5 b5b6 f6e6 a5a6 e5b8 b6a5 e6d5
Position; fen rnbqkbnr/pp1ppppp/8/2p5/4P3/5N2/PPPP1PPP/RNBQKB1R b KQkq - 1 2
Moves; d7d6 d2d4 c5d4 f1b5 c8d7 f3d4 g8f6 d1e2 b8c6 c2c3 g7g6 e1g1 f8g7 f1d1 e8g8 d4f3 a7a6 b5c4 b7b5 c4d3 f6g4 h2h3 g4e5 c1f4 e5f3 e2f3 d8c7 f3e3 f8b8 f4h6 c7b6 e3c1 c6e5 b1a3 b5b4 c3b4 e5d3 d1d3 g7h6 c1h6 b6b4 a1c1 d7e6 e4e5 d6e5 d3c3 b8c8 c3c8 a8c8 c1c8 e6c8 h6c1 c8e6 b2b3 b4a5 g1h2 h7h5 h2g1 e5e4 g1h1 f7f6 h1h2 g8g7 h2g1 h5h4 g1f1 e6d5 c1b2 a5b4 f1e2 a6a5 a3c2 d5c4 e2d1 b4d6 d1c1 c4d3 a2a4 d6c5 b3b4 c5f2 b2c3 d3c2
Warning; Bestmove does not match beginning of last PV - move e2d2 from SF_3000
Info; info depth 22 seldepth 44 multipv 1 score cp -9 nodes 1823540 nps 1626708 hashfull 311 tbhits 0 time 1121 pv g5f7 f5g4 e2d2 c4d5 f7g5 e6e5 f4e5 d5e5 g5f7 e5d5 f7g5 g4d7 d2d3 d7e8 d3d2 d5e5 g5h3 e8d7 h3f2 e5f4 d2e2 d7b5 e2d2 b5f1 f2d3 f4e4 d3f2 e4f3 f2d3 f1h3 d3e5 f3e4
Position; fen rnbqkbnr/pppp1ppp/4p3/8/3PP3/8/PPP2PPP/RNBQKBNR b KQkq - 0 2
Moves; d7d5 b1c3 g8f6 e4e5 f6d7 c3e2 c7c5 c2c3 d8b6 a2a3 b8c6 g1f3 a7a5 e2f4 a5a4 h2h3 b6b3 f1e2 b3d1 e2d1 d7b6 h3h4 c8d7 h1h3 c5d4 c3d4 b6c4 h4h5 f8e7 f4d3 e8g8 h3g3 f7f6 c1d2 c4d2 e1d2 g8h8 a1c1 d7e8 h5h6 g7h6 d3f4 e8f7 g3h3 f6e5 d4e5 e7g5 g2g3 g5f4 g3f4 f7g6 h3h4 a8a6 c1c5 g6e4 c5c3 d5d4 c3c5 a6b6 d2c1 e4d5 h4h6 f8f4 f3g5 c6e5 h6h7 h8g8 c5c8 f4f8 c8f8 g8f8 h7c7 f8e8 d1c2 e8d8 c7c5 d8e7 f2f4 e5d7 c5c8 b6c6 c8c6 d5c6 c2b1 d7c5 c1d2 c6g2 b1d3 e7d6 d3g6 d6d5 g6b1 g2e4 b1a2 c5b3 a2b3 a4b3 d2d1 e4f5 d1c1 f5g6 c1d1 g6d3 d1e1 d3f5 e1f2 f5g4 f2e1 d5c4 e1d2 g4f5 g5f3 c4d5 f3g5 b7b6 d2e2 d5c4
Warning; Bestmove does not match beginning of last PV - move e7e6 from SF_2700
Info; info depth 16 seldepth 29 multipv 1 score cp -540 nodes 602686 nps 1441832 hashfull 243 tbhits 0 time 418 pv e7f6 d3f5 h3f5 c2f5 c6e5 d4e5 d6e5 d2e3 d8e7 h2g4 a8f8 g4f2 f8d8 g1g2 c7c5 e1f1 d8d5 f2g4 d5d3 f5d3
Position; fen rnbqkb1r/pppppppp/5n2/8/4P3/8/PPPP1PPP/RNBQKBNR w KQkq - 1 2
Moves; e4e5 f6e4 d2d3 e4c5 d3d4 c5a4 f2f4 a4b6 a2a4 a7a5 g1f3 d7d6 f1d3 b8c6 c2c3 g7g6 e1g1 f8h6 b1a3 h6g7 d1c2 c8d7 a3b5 d7g4 h2h3 g4c8 f4f5 e8g8 e5e6 h7h6 e6f7 f8f7 f5g6 f7f6 c1d2 b6d5 a1e1 d5f4 f3h2 f4h3 g2h3 c8h3 f1f6
Warning; PV continues after threefold repetition - move d2d1 from HiveChess
Info; info depth 28 score cp 93 nodes 7473959 pv c4b5 g5f3 b5c5 f3g5 b6b5 d2d1 c5c4 d1d2 c4c5 d2d1 c5c4 d1d2 c4c5 d2d1 c5c4 d1d2 c4c5 d2d1 c5c4 d1d2 c4c5 d2d1 c5c4 d1d2 c4c5 d2d1 c5c4 d1d2
Position; fen rnbqkbnr/pppp1ppp/4p3/8/3PP3/8/PPP2PPP/RNBQKBNR b KQkq - 0 2
Moves; d7d5 b1c3 g8f6 e4e5 f6d7 c3e2 c7c5 c2c3 d8b6 a2a3 b8c6 g1f3 a7a5 e2f4 a5a4 h2h3 b6b3 f1e2 b3d1 e2d1 d7b6 h3h4 c8d7 h1h3 c5d4 c3d4 b6c4 h4h5 f8e7 f4d3 e8g8 h3g3 f7f6 c1d2 c4d2 e1d2 g8h8 a1c1 d7e8 h5h6 g7h6 d3f4 e8f7 g3h3 f6e5 d4e5 e7g5 g2g3 g5f4 g3f4 f7g6 h3h4 a8a6 c1c5 g6e4 c5c3 d5d4 c3c5 a6b6 d2c1 e4d5 h4h6 f8f4 f3g5 c6e5 h6h7 h8g8 c5c8 f4f8 c8f8 g8f8 h7c7 f8e8 d1c2 e8d8 c7c5 d8e7 f2f4 e5d7 c5c8 b6c6 c8c6 d5c6 c2b1 d7c5 c1d2 c6g2 b1d3 e7d6 d3g6 d6d5 g6b1 g2e4 b1a2 c5b3 a2b3 a4b3 d2d1 e4f5 d1c1 f5g6 c1d1 g6d3 d1e1 d3f5 e1f2 f5g4 f2e1 d5c4 e1d2 g4f5 g5f3 c4d5 f3g5 b7b6 d2e2 d5c4 e2d2
Warning; Bestmove does not match beginning of last PV - move d2c1 from SF_3000
Info; info depth 23 seldepth 46 multipv 1 score cp -2 nodes 406031 nps 2230939 hashfull 43 tbhits 0 time 182 pv g5f3 b5c4 f3g5 c4c5 g5f7 c5d5 f7g5 f5g4 d2d3 g4h5 d3d2 h5g6 d2e2 g6e8 e2d3 e8b5 d3d2 e6e5 f4e5 d5e5 g5f7 e5e6 f7g5 e6d5 g5f7 b5d7 f7g5 d5e5 g5f7 e5e6 f7g5 e6f5 g5h3 f5e4 h3f2 e4f3 f2d3 d7b5 d3e5 f3e4 e5f7 b5d7
Position; fen rnbqkbnr/pppp1ppp/4p3/8/3PP3/8/PPP2PPP/RNBQKBNR b KQkq - 0 2
Moves; d7d5 b1c3 g8f6 e4e5 f6d7 c3e2 c7c5 c2c3 d8b6 a2a3 b8c6 g1f3 a7a5 e2f4 a5a4 h2h3 b6b3 f1e2 b3d1 e2d1 d7b6 h3h4 c8d7 h1h3 c5d4 c3d4 b6c4 h4h5 f8e7 f4d3 e8g8 h3g3 f7f6 c1d2 c4d2 e1d2 g8h8 a1c1 d7e8 h5h6 g7h6 d3f4 e8f7 g3h3 f6e5 d4e5 e7g5 g2g3 g5f4 g3f4 f7g6 h3h4 a8a6 c1c5 g6e4 c5c3 d5d4 c3c5 a6b6 d2c1 e4d5 h4h6 f8f4 f3g5 c6e5 h6h7 h8g8 c5c8 f4f8 c8f8 g8f8 h7c7 f8e8 d1c2 e8d8 c7c5 d8e7 f2f4 e5d7 c5c8 b6c6 c8c6 d5c6 c2b1 d7c5 c1d2 c6g2 b1d3 e7d6 d3g6 d6d5 g6b1 g2e4 b1a2 c5b3 a2b3 a4b3 d2d1 e4f5 d1c1 f5g6 c1d1 g6d3 d1e1 d3f5 e1f2 f5g4 f2e1 d5c4 e1d2 g4f5 g5f3 c4d5 f3g5 b7b6 d2e2 d5c4 e2d2 c4b5
Warning; Bestmove does not match beginning of last PV - move c1b1 from SF_2600
Info; info depth 18 seldepth 55 multipv 1 score cp -779 nodes 6464397 nps 2942374 hashfull 780 tbhits 0 time 2197 pv a5a6 f2f1 c1b2 f1e2 b2a1 e2a6 g2g4 a4d7 a1b2 a6b5 b2a1 b5e5 c3e5 f6e5 a1b2 d7c6 b2b3
Position; fen rnbqkbnr/pp1ppppp/8/2p5/4P3/5N2/PPPP1PPP/RNBQKB1R b KQkq - 1 2
Moves; d7d6 d2d4 c5d4 f1b5 c8d7 f3d4 g8f6 d1e2 b8c6 c2c3 g7g6 e1g1 f8g7 f1d1 e8g8 d4f3 a7a6 b5c4 b7b5 c4d3 f6g4 h2h3 g4e5 c1f4 e5f3 e2f3 d8c7 f3e3 f8b8 f4h6 c7b6 e3c1 c6e5 b1a3 b5b4 c3b4 e5d3 d1d3 g7h6 c1h6 b6b4 a1c1 d7e6 e4e5 d6e5 d3c3 b8c8 c3c8 a8c8 c1c8 e6c8 h6c1 c8e6 b2b3 b4a5 g1h2 h7h5 h2g1 e5e4 g1h1 f7f6 h1h2 g8g7 h2g1 h5h4 g1f1 e6d5 c1b2 a5b4 f1e2 a6a5 a3c2 d5c4 e2d1 b4d6 d1c1 c4d3 a2a4 d6c5 b3b4 c5f2 b2c3 d3c2 b4a5 c2a4
Finished game 42 (SF_2600 vs HiveChess): 0-1 {Black wins by adjudication}
Started game 46 of 1000 (SF_2800 vs HiveChess)
Warning; Bestmove does not match beginning of last PV - move h5f3 from SF_2700
Info; info depth 15 seldepth 37 multipv 1 score cp -702 nodes 464519 nps 2002237 hashfull 179 tbhits 0 time 232 pv h5g4 c8b8 a4a5 c2d1 a1d1 b6a6 f1g1 b2c2 h4h5 c2c1
Position; fen rnbqkb1r/pppppppp/5n2/8/4P3/8/PPPP1PPP/RNBQKBNR w KQkq - 1 2
Moves; b1c3 e7e5 f1e2 d7d5 e4d5 f6d5 d2d3 b8c6 h2h3 c8f5 c1d2 d8d7 e2f3 d5c3 d2c3 e8c8 d1c1 h7h5 c1e3 c6d4 f3d1 f8c5 c3d4 c5d4 e3d2 e5e4 g1e2 e4d3 e2d4 d7d4 c2c3 h8e8 e1f1 d4d7 h3h4 e8e2 d2g5 e2b2 d1h5 f7f6 g5c1 d7b5 a2a4 b5b6 c1e1 d3d2 e1d1 f5c2
Warning; Bestmove does not match beginning of last PV - move f6f7 from HiveChess
Info; info depth 16 score cp 1139 nodes 5550080 pv f6f3 d8h4 e1e4 h4h5 e4e3 h5g6 d3g6 h3f1
Position; fen rnbqkb1r/pppppppp/5n2/8/4P3/8/PPPP1PPP/RNBQKBNR w KQkq - 1 2
Moves; e4e5 f6e4 d2d3 e4c5 d3d4 c5a4 f2f4 a4b6 a2a4 a7a5 g1f3 d7d6 f1d3 b8c6 c2c3 g7g6 e1g1 f8h6 b1a3 h6g7 d1c2 c8d7 a3b5 d7g4 h2h3 g4c8 f4f5 e8g8 e5e6 h7h6 e6f7 f8f7 f5g6 f7f6 c1d2 b6d5 a1e1 d5f4 f3h2 f4h3 g2h3 c8h3 f1f6 e7e6
Computing ELO...
elo: 3352.1
games_played: 41
score_pct: 0.951
total_wins: 37
total_draws: 4
total_losses: 0
ci_95: 250.5

Per-opponent breakdown:
  vs SF_2600 (2600): +10 =0 -0 [1.000]
  vs SF_2700 (2700): +8 =0 -0 [1.000]
  vs SF_2900 (2900): +7 =1 -0 [0.938]
  vs SF_2800 (2800): +6 =2 -0 [0.875]
  vs SF_3000 (3000): +6 =1 -0 [0.929]
--- (Parallel SPRT Mode Activated 🚀)
elo:              3352.1
games_played:     41
score_pct:        0.951
wins:             37
draws:            4
losses:           0
binary_bytes:     22610864
line_count:       3158
compile_secs:     0
valid:            true
